{
"type": "FeatureCollection",
"name": "vegetation",
"features": [
{ "type": "Feature", "properties": { "layer": "vegetation" }, "geometry": { "type": "Polygon", "coordinates": [ [ [ 1233.0, 272.0 ], [ 1226.0, 279.0 ], [ 1221.0, 279.0 ], [ 1217.0, 276.0 ], [ 1211.0, 277.0 ], [ 1209.0, 279.0 ], [ 1211.0, 281.0 ], [ 1210.0, 286.0 ], [ 1204.0, 288.0 ], [ 1200.0, 285.0 ], [ 1198.0, 289.0 ], [ 1188.0, 290.0 ], [ 1186.0, 293.0 ], [ 1185.0, 306.0 ], [ 1188.0, 306.0 ], [ 1194.0, 297.0 ], [ 1200.0, 296.0 ], [ 1205.0, 301.0 ], [ 1207.0, 308.0 ], [ 1210.0, 306.0 ], [ 1216.0, 310.0 ], [ 1223.0, 308.0 ], [ 1227.0, 312.0 ], [ 1227.0, 316.0 ], [ 1220.0, 320.0 ], [ 1217.0, 317.0 ], [ 1211.0, 318.0 ], [ 1206.0, 311.0 ], [ 1207.0, 318.0 ], [ 1203.0, 320.0 ], [ 1194.0, 311.0 ], [ 1194.0, 320.0 ], [ 1201.0, 322.0 ], [ 1204.0, 331.0 ], [ 1210.0, 323.0 ], [ 1220.0, 331.0 ], [ 1224.0, 325.0 ], [ 1230.0, 325.0 ], [ 1232.0, 320.0 ], [ 1242.0, 316.0 ], [ 1246.0, 317.0 ], [ 1254.0, 305.0 ], [ 1249.0, 301.0 ], [ 1247.0, 293.0 ], [ 1242.0, 291.0 ], [ 1241.0, 286.0 ], [ 1238.0, 284.0 ], [ 1232.0, 288.0 ], [ 1235.0, 291.0 ], [ 1233.0, 297.0 ], [ 1230.0, 298.0 ], [ 1225.0, 294.0 ], [ 1224.0, 288.0 ], [ 1228.0, 286.0 ], [ 1227.0, 281.0 ], [ 1237.0, 277.0 ], [ 1233.0, 272.0 ] ], [ [ 1215.0, 286.0 ], [ 1222.0, 291.0 ], [ 1221.0, 300.0 ], [ 1218.0, 302.0 ], [ 1211.0, 295.0 ], [ 1212.0, 288.0 ], [ 1215.0, 286.0 ] ] ] } },
{ "type": "Feature", "properties": { "layer": "vegetation" }, "geometry": { "type": "Polygon", "coordinates": [ [ [ 716.0, 1037.0 ], [ 711.0, 1044.0 ], [ 705.0, 1039.0 ], [ 700.0, 1040.0 ], [ 702.0, 1046.0 ], [ 707.0, 1045.0 ], [ 711.0, 1049.0 ], [ 710.0, 1053.0 ], [ 702.0, 1057.0 ], [ 705.0, 1061.0 ], [ 711.0, 1056.0 ], [ 715.0, 1056.0 ], [ 716.0, 1052.0 ], [ 723.0, 1046.0 ], [ 724.0, 1042.0 ], [ 716.0, 1037.0 ] ] ] } },
{ "type": "Feature", "properties": { "layer": "vegetation" }, "geometry": { "type": "Polygon", "coordinates": [ [ [ 2264.0, 1065.0 ], [ 2262.0, 1067.0 ], [ 2265.0, 1071.0 ], [ 2264.0, 1075.0 ], [ 2261.0, 1076.0 ], [ 2254.0, 1073.0 ], [ 2247.0, 1080.0 ], [ 2246.0, 1085.0 ], [ 2252.0, 1086.0 ], [ 2254.0, 1093.0 ], [ 2261.0, 1088.0 ], [ 2267.0, 1087.0 ], [ 2270.0, 1089.0 ], [ 2272.0, 1087.0 ], [ 2273.0, 1081.0 ], [ 2271.0, 1077.0 ], [ 2275.0, 1068.0 ], [ 2264.0, 1065.0 ] ] ] } },
{ "type": "Feature", "properties": { "layer": "vegetation" }, "geometry": { "type": "Polygon", "coordinates": [ [ [ 647.0, 1037.0 ], [ 644.0, 1040.0 ], [ 640.0, 1039.0 ], [ 632.0, 1043.0 ], [ 629.0, 1047.0 ], [ 630.0, 1051.0 ], [ 622.0, 1053.0 ], [ 622.0, 1060.0 ], [ 624.0, 1062.0 ], [ 627.0, 1063.0 ], [ 633.0, 1059.0 ], [ 639.0, 1063.0 ], [ 639.0, 1067.0 ], [ 635.0, 1071.0 ], [ 630.0, 1066.0 ], [ 628.0, 1067.0 ], [ 631.0, 1073.0 ], [ 636.0, 1074.0 ], [ 635.0, 1082.0 ], [ 639.0, 1084.0 ], [ 646.0, 1078.0 ], [ 650.0, 1084.0 ], [ 656.0, 1081.0 ], [ 662.0, 1081.0 ], [ 667.0, 1084.0 ], [ 668.0, 1088.0 ], [ 661.0, 1092.0 ], [ 661.0, 1099.0 ], [ 669.0, 1110.0 ], [ 671.0, 1108.0 ], [ 667.0, 1106.0 ], [ 667.0, 1103.0 ], [ 670.0, 1101.0 ], [ 675.0, 1103.0 ], [ 678.0, 1108.0 ], [ 684.0, 1104.0 ], [ 683.0, 1099.0 ], [ 677.0, 1097.0 ], [ 677.0, 1094.0 ], [ 680.0, 1092.0 ], [ 685.0, 1096.0 ], [ 691.0, 1096.0 ], [ 694.0, 1102.0 ], [ 697.0, 1100.0 ], [ 698.0, 1094.0 ], [ 706.0, 1094.0 ], [ 687.0, 1083.0 ], [ 687.0, 1071.0 ], [ 682.0, 1074.0 ], [ 678.0, 1073.0 ], [ 670.0, 1078.0 ], [ 666.0, 1075.0 ], [ 660.0, 1078.0 ], [ 655.0, 1072.0 ], [ 649.0, 1075.0 ], [ 645.0, 1074.0 ], [ 642.0, 1062.0 ], [ 646.0, 1058.0 ], [ 638.0, 1052.0 ], [ 638.0, 1049.0 ], [ 643.0, 1048.0 ], [ 648.0, 1043.0 ], [ 650.0, 1038.0 ], [ 647.0, 1037.0 ] ] ] } },
{ "type": "Feature", "properties": { "layer": "vegetation" }, "geometry": { "type": "Polygon", "coordinates": [ [ [ 721.0, 1064.0 ], [ 721.0, 1071.0 ], [ 717.0, 1074.0 ], [ 711.0, 1072.0 ], [ 709.0, 1078.0 ], [ 705.0, 1081.0 ], [ 705.0, 1084.0 ], [ 711.0, 1088.0 ], [ 711.0, 1091.0 ], [ 707.0, 1094.0 ], [ 713.0, 1097.0 ], [ 713.0, 1100.0 ], [ 707.0, 1105.0 ], [ 714.0, 1106.0 ], [ 719.0, 1110.0 ], [ 722.0, 1109.0 ], [ 722.0, 1105.0 ], [ 714.0, 1102.0 ], [ 714.0, 1099.0 ], [ 719.0, 1095.0 ], [ 713.0, 1090.0 ], [ 713.0, 1083.0 ], [ 718.0, 1080.0 ], [ 723.0, 1082.0 ], [ 732.0, 1080.0 ], [ 737.0, 1084.0 ], [ 737.0, 1089.0 ], [ 742.0, 1086.0 ], [ 742.0, 1075.0 ], [ 727.0, 1072.0 ], [ 725.0, 1066.0 ], [ 721.0, 1064.0 ] ] ] } },
{ "type": "Feature", "properties": { "layer": "vegetation" }, "geometry": { "type": "Polygon", "coordinates": [ [ [ 2170.0, 1141.0 ], [ 2168.0, 1144.0 ], [ 2173.0, 1151.0 ], [ 2173.0, 1157.0 ], [ 2166.0, 1164.0 ], [ 2173.0, 1172.0 ], [ 2185.0, 1173.0 ], [ 2186.0, 1167.0 ], [ 2190.0, 1164.0 ], [ 2198.0, 1165.0 ], [ 2199.0, 1162.0 ], [ 2195.0, 1160.0 ], [ 2194.0, 1155.0 ], [ 2189.0, 1158.0 ], [ 2178.0, 1156.0 ], [ 2179.0, 1152.0 ], [ 2187.0, 1151.0 ], [ 2188.0, 1147.0 ], [ 2186.0, 1145.0 ], [ 2179.0, 1146.0 ], [ 2170.0, 1141.0 ] ], [ [ 2177.0, 1160.0 ], [ 2185.0, 1163.0 ], [ 2184.0, 1169.0 ], [ 2180.0, 1170.0 ], [ 2174.0, 1165.0 ], [ 2174.0, 1162.0 ], [ 2177.0, 1160.0 ] ] ] } },
{ "type": "Feature", "properties": { "layer": "vegetation" }, "geometry": { "type": "Polygon", "coordinates": [ [ [ 2127.0, 1160.0 ], [ 2123.0, 1164.0 ], [ 2118.0, 1163.0 ], [ 2114.0, 1165.0 ], [ 2115.0, 1174.0 ], [ 2109.0, 1178.0 ], [ 2112.0, 1183.0 ], [ 2116.0, 1183.0 ], [ 2117.0, 1177.0 ], [ 2124.0, 1177.0 ], [ 2129.0, 1174.0 ], [ 2129.0, 1170.0 ], [ 2125.0, 1168.0 ], [ 2125.0, 1165.0 ], [ 2130.0, 1162.0 ], [ 2127.0, 1160.0 ] ] ] } },
{ "type": "Feature", "properties": { "layer": "vegetation" }, "geometry": { "type": "Polygon", "coordinates": [ [ [ 2267.0, 1114.0 ], [ 2265.0, 1117.0 ], [ 2266.0, 1122.0 ], [ 2262.0, 1124.0 ], [ 2264.0, 1131.0 ], [ 2261.0, 1133.0 ], [ 2255.0, 1129.0 ], [ 2255.0, 1125.0 ], [ 2259.0, 1123.0 ], [ 2258.0, 1118.0 ], [ 2251.0, 1119.0 ], [ 2248.0, 1122.0 ], [ 2242.0, 1118.0 ], [ 2238.0, 1123.0 ], [ 2240.0, 1128.0 ], [ 2246.0, 1124.0 ], [ 2250.0, 1126.0 ], [ 2248.0, 1130.0 ], [ 2249.0, 1138.0 ], [ 2245.0, 1140.0 ], [ 2247.0, 1145.0 ], [ 2243.0, 1148.0 ], [ 2248.0, 1154.0 ], [ 2248.0, 1158.0 ], [ 2244.0, 1162.0 ], [ 2246.0, 1164.0 ], [ 2244.0, 1170.0 ], [ 2250.0, 1172.0 ], [ 2247.0, 1182.0 ], [ 2252.0, 1183.0 ], [ 2253.0, 1187.0 ], [ 2248.0, 1192.0 ], [ 2243.0, 1190.0 ], [ 2239.0, 1197.0 ], [ 2234.0, 1198.0 ], [ 2237.0, 1202.0 ], [ 2237.0, 1209.0 ], [ 2230.0, 1214.0 ], [ 2226.0, 1213.0 ], [ 2227.0, 1217.0 ], [ 2230.0, 1215.0 ], [ 2234.0, 1216.0 ], [ 2238.0, 1211.0 ], [ 2243.0, 1215.0 ], [ 2246.0, 1214.0 ], [ 2243.0, 1208.0 ], [ 2247.0, 1205.0 ], [ 2249.0, 1206.0 ], [ 2251.0, 1202.0 ], [ 2248.0, 1195.0 ], [ 2250.0, 1192.0 ], [ 2255.0, 1191.0 ], [ 2256.0, 1184.0 ], [ 2259.0, 1182.0 ], [ 2255.0, 1177.0 ], [ 2255.0, 1173.0 ], [ 2260.0, 1170.0 ], [ 2262.0, 1162.0 ], [ 2265.0, 1161.0 ], [ 2269.0, 1164.0 ], [ 2275.0, 1155.0 ], [ 2271.0, 1151.0 ], [ 2273.0, 1141.0 ], [ 2275.0, 1140.0 ], [ 2273.0, 1134.0 ], [ 2277.0, 1132.0 ], [ 2282.0, 1135.0 ], [ 2286.0, 1128.0 ], [ 2282.0, 1116.0 ], [ 2278.0, 1114.0 ], [ 2276.0, 1116.0 ], [ 2276.0, 1123.0 ], [ 2272.0, 1125.0 ], [ 2269.0, 1123.0 ], [ 2269.0, 1115.0 ], [ 2267.0, 1114.0 ] ], [ [ 2268.0, 1125.0 ], [ 2272.0, 1127.0 ], [ 2272.0, 1131.0 ], [ 2269.0, 1133.0 ], [ 2265.0, 1131.0 ], [ 2265.0, 1127.0 ], [ 2268.0, 1125.0 ] ] ] } },
{ "type": "Feature", "properties": { "layer": "vegetation" }, "geometry": { "type": "Polygon", "coordinates": [ [ [ 1918.0, 1219.0 ], [ 1919.0, 1225.0 ], [ 1914.0, 1232.0 ], [ 1916.0, 1233.0 ], [ 1921.0, 1230.0 ], [ 1924.0, 1232.0 ], [ 1924.0, 1236.0 ], [ 1921.0, 1238.0 ], [ 1916.0, 1236.0 ], [ 1913.0, 1239.0 ], [ 1917.0, 1243.0 ], [ 1923.0, 1238.0 ], [ 1929.0, 1238.0 ], [ 1932.0, 1234.0 ], [ 1931.0, 1231.0 ], [ 1926.0, 1229.0 ], [ 1926.0, 1224.0 ], [ 1929.0, 1220.0 ], [ 1918.0, 1219.0 ] ] ] } },
{ "type": "Feature", "properties": { "layer": "vegetation" }, "geometry": { "type": "Polygon", "coordinates": [ [ [ 2207.0, 1159.0 ], [ 2205.0, 1161.0 ], [ 2207.0, 1167.0 ], [ 2203.0, 1169.0 ], [ 2198.0, 1166.0 ], [ 2198.0, 1172.0 ], [ 2191.0, 1175.0 ], [ 2190.0, 1178.0 ], [ 2202.0, 1180.0 ], [ 2206.0, 1177.0 ], [ 2209.0, 1179.0 ], [ 2209.0, 1182.0 ], [ 2203.0, 1186.0 ], [ 2197.0, 1185.0 ], [ 2195.0, 1187.0 ], [ 2196.0, 1193.0 ], [ 2193.0, 1195.0 ], [ 2187.0, 1190.0 ], [ 2182.0, 1199.0 ], [ 2174.0, 1203.0 ], [ 2170.0, 1197.0 ], [ 2164.0, 1196.0 ], [ 2161.0, 1192.0 ], [ 2156.0, 1197.0 ], [ 2151.0, 1196.0 ], [ 2149.0, 1191.0 ], [ 2155.0, 1187.0 ], [ 2151.0, 1185.0 ], [ 2142.0, 1191.0 ], [ 2138.0, 1189.0 ], [ 2133.0, 1191.0 ], [ 2127.0, 1190.0 ], [ 2122.0, 1196.0 ], [ 2122.0, 1200.0 ], [ 2127.0, 1203.0 ], [ 2130.0, 1200.0 ], [ 2142.0, 1199.0 ], [ 2143.0, 1205.0 ], [ 2134.0, 1207.0 ], [ 2134.0, 1211.0 ], [ 2145.0, 1208.0 ], [ 2154.0, 1200.0 ], [ 2159.0, 1201.0 ], [ 2163.0, 1199.0 ], [ 2170.0, 1202.0 ], [ 2171.0, 1206.0 ], [ 2167.0, 1209.0 ], [ 2163.0, 1207.0 ], [ 2162.0, 1210.0 ], [ 2171.0, 1214.0 ], [ 2167.0, 1221.0 ], [ 2170.0, 1230.0 ], [ 2176.0, 1233.0 ], [ 2179.0, 1239.0 ], [ 2183.0, 1239.0 ], [ 2185.0, 1245.0 ], [ 2189.0, 1241.0 ], [ 2180.0, 1234.0 ], [ 2180.0, 1227.0 ], [ 2185.0, 1225.0 ], [ 2190.0, 1219.0 ], [ 2195.0, 1218.0 ], [ 2199.0, 1222.0 ], [ 2204.0, 1223.0 ], [ 2204.0, 1231.0 ], [ 2208.0, 1230.0 ], [ 2211.0, 1232.0 ], [ 2215.0, 1229.0 ], [ 2221.0, 1231.0 ], [ 2224.0, 1235.0 ], [ 2232.0, 1227.0 ], [ 2232.0, 1223.0 ], [ 2227.0, 1221.0 ], [ 2223.0, 1224.0 ], [ 2219.0, 1221.0 ], [ 2220.0, 1215.0 ], [ 2218.0, 1211.0 ], [ 2212.0, 1209.0 ], [ 2212.0, 1205.0 ], [ 2216.0, 1203.0 ], [ 2213.0, 1201.0 ], [ 2214.0, 1195.0 ], [ 2210.0, 1194.0 ], [ 2207.0, 1197.0 ], [ 2209.0, 1201.0 ], [ 2207.0, 1206.0 ], [ 2210.0, 1208.0 ], [ 2210.0, 1211.0 ], [ 2206.0, 1214.0 ], [ 2198.0, 1210.0 ], [ 2200.0, 1204.0 ], [ 2195.0, 1201.0 ], [ 2195.0, 1196.0 ], [ 2212.0, 1187.0 ], [ 2215.0, 1180.0 ], [ 2212.0, 1174.0 ], [ 2212.0, 1170.0 ], [ 2215.0, 1167.0 ], [ 2210.0, 1166.0 ], [ 2210.0, 1160.0 ], [ 2207.0, 1159.0 ] ], [ [ 2181.0, 1202.0 ], [ 2186.0, 1205.0 ], [ 2189.0, 1203.0 ], [ 2193.0, 1204.0 ], [ 2196.0, 1211.0 ], [ 2189.0, 1214.0 ], [ 2179.0, 1213.0 ], [ 2177.0, 1206.0 ], [ 2181.0, 1202.0 ] ], [ [ 2177.0, 1215.0 ], [ 2181.0, 1217.0 ], [ 2181.0, 1222.0 ], [ 2178.0, 1224.0 ], [ 2174.0, 1222.0 ], [ 2174.0, 1217.0 ], [ 2177.0, 1215.0 ] ], [ [ 2213.0, 1221.0 ], [ 2217.0, 1223.0 ], [ 2217.0, 1226.0 ], [ 2214.0, 1228.0 ], [ 2210.0, 1226.0 ], [ 2210.0, 1223.0 ], [ 2213.0, 1221.0 ] ] ] } },
{ "type": "Feature", "properties": { "layer": "vegetation" }, "geometry": { "type": "Polygon", "coordinates": [ [ [ 1979.0, 1220.0 ], [ 1977.0, 1225.0 ], [ 1981.0, 1227.0 ], [ 1980.0, 1232.0 ], [ 1984.0, 1234.0 ], [ 1984.0, 1237.0 ], [ 1975.0, 1241.0 ], [ 1983.0, 1243.0 ], [ 1982.0, 1250.0 ], [ 1985.0, 1252.0 ], [ 1986.0, 1258.0 ], [ 1993.0, 1258.0 ], [ 1996.0, 1255.0 ], [ 2002.0, 1254.0 ], [ 2005.0, 1256.0 ], [ 2004.0, 1263.0 ], [ 2006.0, 1264.0 ], [ 2010.0, 1258.0 ], [ 2005.0, 1254.0 ], [ 2004.0, 1249.0 ], [ 1998.0, 1248.0 ], [ 1995.0, 1250.0 ], [ 1992.0, 1248.0 ], [ 1992.0, 1244.0 ], [ 1998.0, 1240.0 ], [ 1989.0, 1232.0 ], [ 1989.0, 1228.0 ], [ 1993.0, 1225.0 ], [ 1990.0, 1222.0 ], [ 1979.0, 1220.0 ] ] ] } },
{ "type": "Feature", "properties": { "layer": "vegetation" }, "geometry": { "type": "Polygon", "coordinates": [ [ [ 2105.0, 1237.0 ], [ 2095.0, 1245.0 ], [ 2087.0, 1245.0 ], [ 2085.0, 1250.0 ], [ 2079.0, 1250.0 ], [ 2077.0, 1252.0 ], [ 2079.0, 1256.0 ], [ 2077.0, 1263.0 ], [ 2082.0, 1262.0 ], [ 2085.0, 1264.0 ], [ 2088.0, 1256.0 ], [ 2091.0, 1254.0 ], [ 2095.0, 1255.0 ], [ 2097.0, 1259.0 ], [ 2103.0, 1259.0 ], [ 2108.0, 1262.0 ], [ 2111.0, 1258.0 ], [ 2105.0, 1256.0 ], [ 2104.0, 1252.0 ], [ 2111.0, 1247.0 ], [ 2107.0, 1245.0 ], [ 2109.0, 1238.0 ], [ 2105.0, 1237.0 ] ] ] } },
{ "type": "Feature", "properties": { "layer": "vegetation" }, "geometry": { "type": "Polygon", "coordinates": [ [ [ 2140.0, 1214.0 ], [ 2136.0, 1218.0 ], [ 2136.0, 1225.0 ], [ 2139.0, 1230.0 ], [ 2145.0, 1231.0 ], [ 2145.0, 1234.0 ], [ 2140.0, 1237.0 ], [ 2140.0, 1242.0 ], [ 2138.0, 1243.0 ], [ 2141.0, 1247.0 ], [ 2141.0, 1253.0 ], [ 2138.0, 1255.0 ], [ 2122.0, 1253.0 ], [ 2116.0, 1248.0 ], [ 2116.0, 1243.0 ], [ 2111.0, 1246.0 ], [ 2115.0, 1249.0 ], [ 2115.0, 1254.0 ], [ 2117.0, 1255.0 ], [ 2116.0, 1263.0 ], [ 2120.0, 1264.0 ], [ 2122.0, 1259.0 ], [ 2126.0, 1257.0 ], [ 2129.0, 1259.0 ], [ 2129.0, 1262.0 ], [ 2126.0, 1264.0 ], [ 2129.0, 1268.0 ], [ 2132.0, 1265.0 ], [ 2132.0, 1259.0 ], [ 2137.0, 1256.0 ], [ 2141.0, 1258.0 ], [ 2147.0, 1256.0 ], [ 2145.0, 1246.0 ], [ 2149.0, 1243.0 ], [ 2148.0, 1238.0 ], [ 2150.0, 1237.0 ], [ 2147.0, 1231.0 ], [ 2151.0, 1228.0 ], [ 2156.0, 1228.0 ], [ 2162.0, 1222.0 ], [ 2160.0, 1217.0 ], [ 2154.0, 1214.0 ], [ 2150.0, 1222.0 ], [ 2146.0, 1224.0 ], [ 2141.0, 1221.0 ], [ 2142.0, 1215.0 ], [ 2140.0, 1214.0 ] ] ] } },
{ "type": "Feature", "properties": { "layer": "vegetation" }, "geometry": { "type": "Polygon", "coordinates": [ [ [ 2027.0, 1256.0 ], [ 2025.0, 1258.0 ], [ 2026.0, 1268.0 ], [ 2021.0, 1269.0 ], [ 2017.0, 1265.0 ], [ 2013.0, 1267.0 ], [ 2015.0, 1272.0 ], [ 2022.0, 1274.0 ], [ 2025.0, 1280.0 ], [ 2027.0, 1279.0 ], [ 2025.0, 1275.0 ], [ 2027.0, 1270.0 ], [ 2030.0, 1269.0 ], [ 2033.0, 1272.0 ], [ 2037.0, 1272.0 ], [ 2039.0, 1266.0 ], [ 2046.0, 1261.0 ], [ 2045.0, 1257.0 ], [ 2039.0, 1256.0 ], [ 2033.0, 1260.0 ], [ 2027.0, 1256.0 ] ], [ [ 2031.0, 1261.0 ], [ 2035.0, 1263.0 ], [ 2035.0, 1266.0 ], [ 2032.0, 1268.0 ], [ 2028.0, 1266.0 ], [ 2028.0, 1263.0 ], [ 2031.0, 1261.0 ] ] ] } },
{ "type": "Feature", "properties": { "layer": "vegetation" }, "geometry": { "type": "Polygon", "coordinates": [ [ [ 2163.0, 1237.0 ], [ 2159.0, 1242.0 ], [ 2159.0, 1246.0 ], [ 2153.0, 1251.0 ], [ 2159.0, 1255.0 ], [ 2159.0, 1259.0 ], [ 2143.0, 1265.0 ], [ 2148.0, 1267.0 ], [ 2150.0, 1272.0 ], [ 2143.0, 1276.0 ], [ 2142.0, 1281.0 ], [ 2145.0, 1280.0 ], [ 2150.0, 1283.0 ], [ 2150.0, 1278.0 ], [ 2154.0, 1273.0 ], [ 2159.0, 1272.0 ], [ 2163.0, 1265.0 ], [ 2169.0, 1264.0 ], [ 2172.0, 1258.0 ], [ 2179.0, 1255.0 ], [ 2182.0, 1257.0 ], [ 2182.0, 1262.0 ], [ 2176.0, 1264.0 ], [ 2175.0, 1267.0 ], [ 2184.0, 1267.0 ], [ 2185.0, 1274.0 ], [ 2193.0, 1277.0 ], [ 2192.0, 1281.0 ], [ 2187.0, 1282.0 ], [ 2188.0, 1284.0 ], [ 2193.0, 1283.0 ], [ 2197.0, 1285.0 ], [ 2201.0, 1281.0 ], [ 2205.0, 1283.0 ], [ 2209.0, 1277.0 ], [ 2218.0, 1283.0 ], [ 2220.0, 1282.0 ], [ 2221.0, 1272.0 ], [ 2215.0, 1264.0 ], [ 2213.0, 1265.0 ], [ 2215.0, 1270.0 ], [ 2210.0, 1276.0 ], [ 2206.0, 1273.0 ], [ 2199.0, 1275.0 ], [ 2194.0, 1272.0 ], [ 2196.0, 1265.0 ], [ 2191.0, 1262.0 ], [ 2191.0, 1259.0 ], [ 2198.0, 1252.0 ], [ 2204.0, 1257.0 ], [ 2206.0, 1256.0 ], [ 2198.0, 1246.0 ], [ 2195.0, 1248.0 ], [ 2195.0, 1253.0 ], [ 2184.0, 1257.0 ], [ 2181.0, 1255.0 ], [ 2180.0, 1244.0 ], [ 2174.0, 1245.0 ], [ 2163.0, 1237.0 ] ], [ [ 2166.0, 1245.0 ], [ 2173.0, 1249.0 ], [ 2172.0, 1254.0 ], [ 2167.0, 1255.0 ], [ 2162.0, 1252.0 ], [ 2162.0, 1248.0 ], [ 2166.0, 1245.0 ] ] ] } },
{ "type": "Feature", "properties": { "layer": "vegetation" }, "geometry": { "type": "Polygon", "coordinates": [ [ [ 2130.0, 1290.0 ], [ 2127.0, 1293.0 ], [ 2130.0, 1296.0 ], [ 2127.0, 1303.0 ], [ 2131.0, 1306.0 ], [ 2132.0, 1310.0 ], [ 2137.0, 1307.0 ], [ 2142.0, 1309.0 ], [ 2144.0, 1307.0 ], [ 2142.0, 1300.0 ], [ 2148.0, 1296.0 ], [ 2144.0, 1294.0 ], [ 2136.0, 1297.0 ], [ 2130.0, 1290.0 ] ] ] } },
{ "type": "Feature", "properties": { "layer": "vegetation" }, "geometry": { "type": "Polygon", "coordinates": [ [ [ 1951.0, 1302.0 ], [ 1941.0, 1312.0 ], [ 1936.0, 1313.0 ], [ 1936.0, 1317.0 ], [ 1933.0, 1319.0 ], [ 1934.0, 1324.0 ], [ 1939.0, 1323.0 ], [ 1940.0, 1319.0 ], [ 1946.0, 1315.0 ], [ 1952.0, 1314.0 ], [ 1956.0, 1318.0 ], [ 1959.0, 1316.0 ], [ 1959.0, 1309.0 ], [ 1955.0, 1307.0 ], [ 1954.0, 1302.0 ], [ 1951.0, 1302.0 ] ] ] } },
{ "type": "Feature", "properties": { "layer": "vegetation" }, "geometry": { "type": "Polygon", "coordinates": [ [ [ 514.0, 1296.0 ], [ 512.0, 1300.0 ], [ 514.0, 1307.0 ], [ 509.0, 1308.0 ], [ 508.0, 1313.0 ], [ 503.0, 1317.0 ], [ 507.0, 1322.0 ], [ 506.0, 1326.0 ], [ 511.0, 1330.0 ], [ 516.0, 1330.0 ], [ 519.0, 1334.0 ], [ 524.0, 1330.0 ], [ 521.0, 1328.0 ], [ 522.0, 1318.0 ], [ 518.0, 1316.0 ], [ 516.0, 1305.0 ], [ 522.0, 1300.0 ], [ 518.0, 1296.0 ], [ 514.0, 1296.0 ] ] ] } },
{ "type": "Feature", "properties": { "layer": "vegetation" }, "geometry": { "type": "Polygon", "coordinates": [ [ [ 707.0, 1327.0 ], [ 702.0, 1337.0 ], [ 693.0, 1336.0 ], [ 693.0, 1339.0 ], [ 699.0, 1342.0 ], [ 698.0, 1347.0 ], [ 693.0, 1352.0 ], [ 707.0, 1354.0 ], [ 708.0, 1352.0 ], [ 704.0, 1350.0 ], [ 703.0, 1345.0 ], [ 703.0, 1342.0 ], [ 706.0, 1340.0 ], [ 712.0, 1346.0 ], [ 720.0, 1345.0 ], [ 722.0, 1351.0 ], [ 725.0, 1352.0 ], [ 729.0, 1347.0 ], [ 725.0, 1344.0 ], [ 725.0, 1340.0 ], [ 723.0, 1338.0 ], [ 716.0, 1339.0 ], [ 714.0, 1333.0 ], [ 707.0, 1327.0 ] ] ] } },
{ "type": "Feature", "properties": { "layer": "vegetation" }, "geometry": { "type": "Polygon", "coordinates": [ [ [ 752.0, 1339.0 ], [ 753.0, 1345.0 ], [ 760.0, 1347.0 ], [ 760.0, 1355.0 ], [ 765.0, 1354.0 ], [ 766.0, 1352.0 ], [ 761.0, 1348.0 ], [ 762.0, 1342.0 ], [ 752.0, 1339.0 ] ] ] } },
{ "type": "Feature", "properties": { "layer": "vegetation" }, "geometry": { "type": "Polygon", "coordinates": [ [ [ 552.0, 1333.0 ], [ 553.0, 1340.0 ], [ 551.0, 1343.0 ], [ 545.0, 1344.0 ], [ 540.0, 1348.0 ], [ 543.0, 1352.0 ], [ 543.0, 1360.0 ], [ 552.0, 1360.0 ], [ 553.0, 1357.0 ], [ 548.0, 1354.0 ], [ 548.0, 1350.0 ], [ 551.0, 1348.0 ], [ 556.0, 1350.0 ], [ 557.0, 1343.0 ], [ 565.0, 1338.0 ], [ 563.0, 1333.0 ], [ 552.0, 1333.0 ] ] ] } },
{ "type": "Feature", "properties": { "layer": "vegetation" }, "geometry": { "type": "Polygon", "coordinates": [ [ [ 779.0, 1345.0 ], [ 774.0, 1353.0 ], [ 766.0, 1353.0 ], [ 769.0, 1355.0 ], [ 767.0, 1360.0 ], [ 755.0, 1363.0 ], [ 758.0, 1369.0 ], [ 762.0, 1367.0 ], [ 766.0, 1370.0 ], [ 772.0, 1361.0 ], [ 777.0, 1365.0 ], [ 780.0, 1363.0 ], [ 779.0, 1357.0 ], [ 781.0, 1355.0 ], [ 779.0, 1354.0 ], [ 779.0, 1349.0 ], [ 783.0, 1346.0 ], [ 779.0, 1345.0 ] ] ] } },
{ "type": "Feature", "properties": { "layer": "vegetation" }, "geometry": { "type": "Polygon", "coordinates": [ [ [ 735.0, 1348.0 ], [ 733.0, 1362.0 ], [ 737.0, 1365.0 ], [ 742.0, 1363.0 ], [ 745.0, 1365.0 ], [ 744.0, 1370.0 ], [ 749.0, 1370.0 ], [ 748.0, 1363.0 ], [ 750.0, 1360.0 ], [ 748.0, 1356.0 ], [ 752.0, 1350.0 ], [ 744.0, 1348.0 ], [ 739.0, 1351.0 ], [ 735.0, 1348.0 ] ] ] } },
{ "type": "Feature", "properties": { "layer": "vegetation" }, "geometry": { "type": "Polygon", "coordinates": [ [ [ 459.0, 1339.0 ], [ 446.0, 1350.0 ], [ 446.0, 1353.0 ], [ 452.0, 1356.0 ], [ 452.0, 1360.0 ], [ 449.0, 1362.0 ], [ 452.0, 1366.0 ], [ 451.0, 1371.0 ], [ 454.0, 1372.0 ], [ 459.0, 1367.0 ], [ 462.0, 1369.0 ], [ 461.0, 1373.0 ], [ 467.0, 1375.0 ], [ 471.0, 1372.0 ], [ 468.0, 1369.0 ], [ 468.0, 1365.0 ], [ 472.0, 1359.0 ], [ 464.0, 1353.0 ], [ 464.0, 1349.0 ], [ 467.0, 1347.0 ], [ 464.0, 1340.0 ], [ 459.0, 1339.0 ] ] ] } },
{ "type": "Feature", "properties": { "layer": "vegetation" }, "geometry": { "type": "Polygon", "coordinates": [ [ [ 583.0, 1367.0 ], [ 582.0, 1369.0 ], [ 586.0, 1373.0 ], [ 585.0, 1379.0 ], [ 578.0, 1380.0 ], [ 576.0, 1370.0 ], [ 572.0, 1370.0 ], [ 570.0, 1374.0 ], [ 564.0, 1377.0 ], [ 566.0, 1383.0 ], [ 574.0, 1385.0 ], [ 574.0, 1388.0 ], [ 570.0, 1390.0 ], [ 571.0, 1393.0 ], [ 577.0, 1389.0 ], [ 578.0, 1383.0 ], [ 588.0, 1383.0 ], [ 596.0, 1379.0 ], [ 589.0, 1376.0 ], [ 589.0, 1370.0 ], [ 583.0, 1367.0 ] ] ] } },
{ "type": "Feature", "properties": { "layer": "vegetation" }, "geometry": { "type": "Polygon", "coordinates": [ [ [ 2189.0, 1289.0 ], [ 2187.0, 1292.0 ], [ 2190.0, 1294.0 ], [ 2190.0, 1299.0 ], [ 2182.0, 1303.0 ], [ 2182.0, 1309.0 ], [ 2188.0, 1313.0 ], [ 2188.0, 1318.0 ], [ 2184.0, 1323.0 ], [ 2190.0, 1327.0 ], [ 2188.0, 1334.0 ], [ 2193.0, 1337.0 ], [ 2195.0, 1343.0 ], [ 2187.0, 1349.0 ], [ 2183.0, 1348.0 ], [ 2180.0, 1344.0 ], [ 2173.0, 1348.0 ], [ 2168.0, 1345.0 ], [ 2151.0, 1348.0 ], [ 2147.0, 1342.0 ], [ 2144.0, 1343.0 ], [ 2143.0, 1348.0 ], [ 2137.0, 1348.0 ], [ 2134.0, 1351.0 ], [ 2128.0, 1347.0 ], [ 2126.0, 1351.0 ], [ 2129.0, 1355.0 ], [ 2133.0, 1355.0 ], [ 2135.0, 1359.0 ], [ 2140.0, 1357.0 ], [ 2144.0, 1360.0 ], [ 2143.0, 1368.0 ], [ 2138.0, 1372.0 ], [ 2134.0, 1372.0 ], [ 2133.0, 1378.0 ], [ 2129.0, 1381.0 ], [ 2123.0, 1378.0 ], [ 2123.0, 1375.0 ], [ 2128.0, 1371.0 ], [ 2120.0, 1368.0 ], [ 2120.0, 1358.0 ], [ 2117.0, 1358.0 ], [ 2116.0, 1363.0 ], [ 2110.0, 1363.0 ], [ 2107.0, 1357.0 ], [ 2101.0, 1355.0 ], [ 2100.0, 1349.0 ], [ 2097.0, 1346.0 ], [ 2091.0, 1347.0 ], [ 2087.0, 1352.0 ], [ 2085.0, 1351.0 ], [ 2081.0, 1357.0 ], [ 2075.0, 1354.0 ], [ 2077.0, 1349.0 ], [ 2073.0, 1343.0 ], [ 2059.0, 1348.0 ], [ 2045.0, 1343.0 ], [ 2040.0, 1348.0 ], [ 2034.0, 1347.0 ], [ 2033.0, 1350.0 ], [ 2043.0, 1358.0 ], [ 2047.0, 1355.0 ], [ 2050.0, 1356.0 ], [ 2050.0, 1363.0 ], [ 2052.0, 1365.0 ], [ 2064.0, 1357.0 ], [ 2067.0, 1358.0 ], [ 2070.0, 1361.0 ], [ 2070.0, 1365.0 ], [ 2066.0, 1368.0 ], [ 2068.0, 1371.0 ], [ 2076.0, 1369.0 ], [ 2080.0, 1365.0 ], [ 2084.0, 1366.0 ], [ 2088.0, 1362.0 ], [ 2085.0, 1356.0 ], [ 2091.0, 1353.0 ], [ 2095.0, 1356.0 ], [ 2097.0, 1368.0 ], [ 2103.0, 1370.0 ], [ 2103.0, 1375.0 ], [ 2098.0, 1377.0 ], [ 2099.0, 1379.0 ], [ 2106.0, 1380.0 ], [ 2116.0, 1375.0 ], [ 2122.0, 1379.0 ], [ 2121.0, 1383.0 ], [ 2123.0, 1385.0 ], [ 2127.0, 1383.0 ], [ 2131.0, 1385.0 ], [ 2136.0, 1380.0 ], [ 2139.0, 1382.0 ], [ 2139.0, 1387.0 ], [ 2144.0, 1382.0 ], [ 2148.0, 1385.0 ], [ 2150.0, 1384.0 ], [ 2149.0, 1379.0 ], [ 2143.0, 1378.0 ], [ 2143.0, 1372.0 ], [ 2147.0, 1370.0 ], [ 2146.0, 1364.0 ], [ 2149.0, 1362.0 ], [ 2145.0, 1359.0 ], [ 2147.0, 1353.0 ], [ 2151.0, 1351.0 ], [ 2154.0, 1353.0 ], [ 2158.0, 1351.0 ], [ 2165.0, 1355.0 ], [ 2170.0, 1353.0 ], [ 2174.0, 1358.0 ], [ 2179.0, 1355.0 ], [ 2184.0, 1358.0 ], [ 2189.0, 1356.0 ], [ 2192.0, 1358.0 ], [ 2192.0, 1361.0 ], [ 2189.0, 1363.0 ], [ 2192.0, 1369.0 ], [ 2187.0, 1372.0 ], [ 2185.0, 1371.0 ], [ 2184.0, 1375.0 ], [ 2193.0, 1382.0 ], [ 2197.0, 1381.0 ], [ 2200.0, 1383.0 ], [ 2200.0, 1389.0 ], [ 2196.0, 1392.0 ], [ 2197.0, 1394.0 ], [ 2211.0, 1391.0 ], [ 2216.0, 1395.0 ], [ 2217.0, 1393.0 ], [ 2208.0, 1385.0 ], [ 2208.0, 1382.0 ], [ 2211.0, 1380.0 ], [ 2215.0, 1381.0 ], [ 2218.0, 1387.0 ], [ 2230.0, 1391.0 ], [ 2234.0, 1386.0 ], [ 2226.0, 1384.0 ], [ 2226.0, 1378.0 ], [ 2229.0, 1373.0 ], [ 2226.0, 1371.0 ], [ 2220.0, 1376.0 ], [ 2214.0, 1374.0 ], [ 2217.0, 1363.0 ], [ 2209.0, 1371.0 ], [ 2203.0, 1373.0 ], [ 2203.0, 1380.0 ], [ 2200.0, 1381.0 ], [ 2194.0, 1377.0 ], [ 2194.0, 1374.0 ], [ 2199.0, 1370.0 ], [ 2194.0, 1364.0 ], [ 2193.0, 1358.0 ], [ 2196.0, 1356.0 ], [ 2203.0, 1357.0 ], [ 2204.0, 1364.0 ], [ 2210.0, 1360.0 ], [ 2206.0, 1356.0 ], [ 2208.0, 1344.0 ], [ 2202.0, 1339.0 ], [ 2202.0, 1334.0 ], [ 2192.0, 1328.0 ], [ 2195.0, 1322.0 ], [ 2191.0, 1319.0 ], [ 2191.0, 1315.0 ], [ 2194.0, 1313.0 ], [ 2198.0, 1314.0 ], [ 2200.0, 1318.0 ], [ 2202.0, 1317.0 ], [ 2201.0, 1313.0 ], [ 2197.0, 1311.0 ], [ 2198.0, 1303.0 ], [ 2196.0, 1298.0 ], [ 2202.0, 1297.0 ], [ 2207.0, 1292.0 ], [ 2201.0, 1291.0 ], [ 2196.0, 1293.0 ], [ 2189.0, 1289.0 ] ], [ [ 2190.0, 1301.0 ], [ 2194.0, 1303.0 ], [ 2194.0, 1307.0 ], [ 2191.0, 1309.0 ], [ 2187.0, 1307.0 ], [ 2187.0, 1303.0 ], [ 2190.0, 1301.0 ] ], [ [ 2199.0, 1342.0 ], [ 2203.0, 1344.0 ], [ 2203.0, 1347.0 ], [ 2198.0, 1350.0 ], [ 2195.0, 1348.0 ], [ 2195.0, 1345.0 ], [ 2199.0, 1342.0 ] ] ] } },
{ "type": "Feature", "properties": { "layer": "vegetation" }, "geometry": { "type": "Polygon", "coordinates": [ [ [ 812.0, 1341.0 ], [ 805.0, 1347.0 ], [ 803.0, 1354.0 ], [ 811.0, 1355.0 ], [ 811.0, 1362.0 ], [ 819.0, 1362.0 ], [ 822.0, 1368.0 ], [ 818.0, 1376.0 ], [ 820.0, 1385.0 ], [ 817.0, 1387.0 ], [ 811.0, 1386.0 ], [ 810.0, 1392.0 ], [ 817.0, 1392.0 ], [ 817.0, 1397.0 ], [ 825.0, 1403.0 ], [ 832.0, 1396.0 ], [ 830.0, 1390.0 ], [ 839.0, 1384.0 ], [ 838.0, 1377.0 ], [ 840.0, 1375.0 ], [ 836.0, 1366.0 ], [ 829.0, 1364.0 ], [ 829.0, 1359.0 ], [ 824.0, 1356.0 ], [ 824.0, 1353.0 ], [ 830.0, 1350.0 ], [ 829.0, 1347.0 ], [ 824.0, 1346.0 ], [ 823.0, 1350.0 ], [ 817.0, 1353.0 ], [ 814.0, 1351.0 ], [ 816.0, 1345.0 ], [ 812.0, 1341.0 ] ] ] } },
{ "type": "Feature", "properties": { "layer": "vegetation" }, "geometry": { "type": "Polygon", "coordinates": [ [ [ 932.0, 1390.0 ], [ 927.0, 1396.0 ], [ 916.0, 1391.0 ], [ 915.0, 1398.0 ], [ 912.0, 1399.0 ], [ 908.0, 1396.0 ], [ 907.0, 1399.0 ], [ 910.0, 1403.0 ], [ 915.0, 1399.0 ], [ 918.0, 1400.0 ], [ 920.0, 1402.0 ], [ 919.0, 1411.0 ], [ 921.0, 1412.0 ], [ 926.0, 1402.0 ], [ 933.0, 1402.0 ], [ 932.0, 1395.0 ], [ 935.0, 1391.0 ], [ 932.0, 1390.0 ] ] ] } },
{ "type": "Feature", "properties": { "layer": "vegetation" }, "geometry": { "type": "Polygon", "coordinates": [ [ [ 853.0, 1376.0 ], [ 848.0, 1384.0 ], [ 851.0, 1390.0 ], [ 847.0, 1393.0 ], [ 842.0, 1392.0 ], [ 839.0, 1394.0 ], [ 840.0, 1399.0 ], [ 845.0, 1402.0 ], [ 842.0, 1413.0 ], [ 843.0, 1418.0 ], [ 849.0, 1417.0 ], [ 853.0, 1413.0 ], [ 867.0, 1413.0 ], [ 864.0, 1408.0 ], [ 858.0, 1405.0 ], [ 859.0, 1398.0 ], [ 854.0, 1401.0 ], [ 850.0, 1399.0 ], [ 852.0, 1392.0 ], [ 856.0, 1389.0 ], [ 855.0, 1384.0 ], [ 858.0, 1380.0 ], [ 856.0, 1376.0 ], [ 853.0, 1376.0 ] ] ] } },
{ "type": "Feature", "properties": { "layer": "vegetation" }, "geometry": { "type": "Polygon", "coordinates": [ [ [ 608.0, 1385.0 ], [ 605.0, 1388.0 ], [ 602.0, 1386.0 ], [ 595.0, 1389.0 ], [ 592.0, 1388.0 ], [ 587.0, 1395.0 ], [ 583.0, 1392.0 ], [ 580.0, 1394.0 ], [ 580.0, 1403.0 ], [ 577.0, 1406.0 ], [ 583.0, 1412.0 ], [ 583.0, 1418.0 ], [ 593.0, 1417.0 ], [ 600.0, 1410.0 ], [ 612.0, 1407.0 ], [ 615.0, 1400.0 ], [ 607.0, 1396.0 ], [ 607.0, 1392.0 ], [ 612.0, 1389.0 ], [ 608.0, 1385.0 ] ], [ [ 598.0, 1395.0 ], [ 602.0, 1397.0 ], [ 602.0, 1401.0 ], [ 594.0, 1407.0 ], [ 591.0, 1406.0 ], [ 589.0, 1401.0 ], [ 598.0, 1395.0 ] ] ] } },
{ "type": "Feature", "properties": { "layer": "vegetation" }, "geometry": { "type": "Polygon", "coordinates": [ [ [ 909.0, 1407.0 ], [ 903.0, 1410.0 ], [ 899.0, 1408.0 ], [ 900.0, 1414.0 ], [ 897.0, 1416.0 ], [ 889.0, 1412.0 ], [ 888.0, 1419.0 ], [ 884.0, 1422.0 ], [ 878.0, 1420.0 ], [ 877.0, 1424.0 ], [ 885.0, 1429.0 ], [ 895.0, 1419.0 ], [ 901.0, 1423.0 ], [ 901.0, 1426.0 ], [ 896.0, 1429.0 ], [ 898.0, 1434.0 ], [ 903.0, 1430.0 ], [ 903.0, 1415.0 ], [ 907.0, 1412.0 ], [ 914.0, 1413.0 ], [ 909.0, 1407.0 ] ] ] } },
{ "type": "Feature", "properties": { "layer": "vegetation" }, "geometry": { "type": "Polygon", "coordinates": [ [ [ 822.0, 1411.0 ], [ 818.0, 1415.0 ], [ 819.0, 1422.0 ], [ 823.0, 1424.0 ], [ 823.0, 1430.0 ], [ 828.0, 1431.0 ], [ 829.0, 1435.0 ], [ 834.0, 1438.0 ], [ 833.0, 1444.0 ], [ 826.0, 1444.0 ], [ 824.0, 1446.0 ], [ 823.0, 1455.0 ], [ 827.0, 1456.0 ], [ 832.0, 1452.0 ], [ 831.0, 1448.0 ], [ 839.0, 1440.0 ], [ 828.0, 1427.0 ], [ 828.0, 1422.0 ], [ 833.0, 1421.0 ], [ 836.0, 1416.0 ], [ 822.0, 1411.0 ] ] ] } },
{ "type": "Feature", "properties": { "layer": "vegetation" }, "geometry": { "type": "Polygon", "coordinates": [ [ [ 611.0, 1425.0 ], [ 610.0, 1429.0 ], [ 599.0, 1439.0 ], [ 598.0, 1455.0 ], [ 601.0, 1458.0 ], [ 607.0, 1450.0 ], [ 617.0, 1455.0 ], [ 619.0, 1451.0 ], [ 626.0, 1449.0 ], [ 626.0, 1444.0 ], [ 628.0, 1443.0 ], [ 627.0, 1440.0 ], [ 622.0, 1443.0 ], [ 618.0, 1441.0 ], [ 620.0, 1436.0 ], [ 615.0, 1433.0 ], [ 617.0, 1426.0 ], [ 611.0, 1425.0 ] ] ] } },
{ "type": "Feature", "properties": { "layer": "vegetation" }, "geometry": { "type": "Polygon", "coordinates": [ [ [ 2180.0, 1440.0 ], [ 2177.0, 1445.0 ], [ 2181.0, 1448.0 ], [ 2181.0, 1451.0 ], [ 2177.0, 1455.0 ], [ 2184.0, 1457.0 ], [ 2183.0, 1463.0 ], [ 2189.0, 1463.0 ], [ 2194.0, 1450.0 ], [ 2193.0, 1444.0 ], [ 2184.0, 1443.0 ], [ 2180.0, 1440.0 ] ] ] } },
{ "type": "Feature", "properties": { "layer": "vegetation" }, "geometry": { "type": "Polygon", "coordinates": [ [ [ 886.0, 1450.0 ], [ 884.0, 1454.0 ], [ 885.0, 1461.0 ], [ 888.0, 1464.0 ], [ 891.0, 1460.0 ], [ 889.0, 1456.0 ], [ 891.0, 1451.0 ], [ 886.0, 1450.0 ] ] ] } },
{ "type": "Feature", "properties": { "layer": "vegetation" }, "geometry": { "type": "Polygon", "coordinates": [ [ [ 897.0, 1437.0 ], [ 892.0, 1441.0 ], [ 893.0, 1450.0 ], [ 898.0, 1453.0 ], [ 899.0, 1457.0 ], [ 901.0, 1456.0 ], [ 905.0, 1459.0 ], [ 903.0, 1466.0 ], [ 906.0, 1467.0 ], [ 911.0, 1456.0 ], [ 904.0, 1455.0 ], [ 903.0, 1451.0 ], [ 905.0, 1446.0 ], [ 910.0, 1446.0 ], [ 911.0, 1444.0 ], [ 897.0, 1437.0 ] ] ] } },
{ "type": "Feature", "properties": { "layer": "vegetation" }, "geometry": { "type": "Polygon", "coordinates": [ [ [ 835.0, 1485.0 ], [ 834.0, 1494.0 ], [ 830.0, 1497.0 ], [ 823.0, 1496.0 ], [ 821.0, 1489.0 ], [ 816.0, 1492.0 ], [ 821.0, 1496.0 ], [ 821.0, 1499.0 ], [ 818.0, 1501.0 ], [ 812.0, 1499.0 ], [ 810.0, 1501.0 ], [ 814.0, 1509.0 ], [ 818.0, 1503.0 ], [ 822.0, 1502.0 ], [ 825.0, 1505.0 ], [ 830.0, 1505.0 ], [ 832.0, 1507.0 ], [ 831.0, 1511.0 ], [ 835.0, 1514.0 ], [ 840.0, 1512.0 ], [ 843.0, 1506.0 ], [ 836.0, 1501.0 ], [ 836.0, 1498.0 ], [ 841.0, 1495.0 ], [ 846.0, 1500.0 ], [ 848.0, 1497.0 ], [ 846.0, 1492.0 ], [ 842.0, 1491.0 ], [ 838.0, 1485.0 ], [ 835.0, 1485.0 ] ] ] } },
{ "type": "Feature", "properties": { "layer": "vegetation" }, "geometry": { "type": "Polygon", "coordinates": [ [ [ 446.0, 1493.0 ], [ 440.0, 1500.0 ], [ 435.0, 1498.0 ], [ 432.0, 1502.0 ], [ 425.0, 1503.0 ], [ 426.0, 1514.0 ], [ 423.0, 1516.0 ], [ 424.0, 1518.0 ], [ 430.0, 1513.0 ], [ 436.0, 1516.0 ], [ 435.0, 1509.0 ], [ 441.0, 1502.0 ], [ 447.0, 1500.0 ], [ 451.0, 1504.0 ], [ 453.0, 1503.0 ], [ 449.0, 1500.0 ], [ 450.0, 1495.0 ], [ 446.0, 1493.0 ] ] ] } },
{ "type": "Feature", "properties": { "layer": "vegetation" }, "geometry": { "type": "Polygon", "coordinates": [ [ [ 925.0, 1498.0 ], [ 917.0, 1498.0 ], [ 913.0, 1504.0 ], [ 914.0, 1506.0 ], [ 922.0, 1504.0 ], [ 926.0, 1507.0 ], [ 926.0, 1513.0 ], [ 923.0, 1515.0 ], [ 921.0, 1524.0 ], [ 925.0, 1526.0 ], [ 933.0, 1524.0 ], [ 937.0, 1520.0 ], [ 942.0, 1521.0 ], [ 941.0, 1513.0 ], [ 948.0, 1505.0 ], [ 940.0, 1503.0 ], [ 932.0, 1510.0 ], [ 925.0, 1502.0 ], [ 925.0, 1498.0 ] ] ] } },
{ "type": "Feature", "properties": { "layer": "vegetation" }, "geometry": { "type": "Polygon", "coordinates": [ [ [ 2162.0, 1470.0 ], [ 2159.0, 1473.0 ], [ 2154.0, 1473.0 ], [ 2155.0, 1480.0 ], [ 2161.0, 1474.0 ], [ 2165.0, 1476.0 ], [ 2160.0, 1491.0 ], [ 2153.0, 1496.0 ], [ 2150.0, 1495.0 ], [ 2143.0, 1501.0 ], [ 2139.0, 1499.0 ], [ 2140.0, 1505.0 ], [ 2132.0, 1510.0 ], [ 2126.0, 1519.0 ], [ 2116.0, 1523.0 ], [ 2114.0, 1532.0 ], [ 2118.0, 1529.0 ], [ 2123.0, 1532.0 ], [ 2123.0, 1527.0 ], [ 2130.0, 1523.0 ], [ 2135.0, 1524.0 ], [ 2137.0, 1530.0 ], [ 2140.0, 1531.0 ], [ 2141.0, 1529.0 ], [ 2138.0, 1527.0 ], [ 2140.0, 1520.0 ], [ 2144.0, 1519.0 ], [ 2148.0, 1522.0 ], [ 2159.0, 1514.0 ], [ 2166.0, 1515.0 ], [ 2170.0, 1520.0 ], [ 2175.0, 1516.0 ], [ 2171.0, 1508.0 ], [ 2165.0, 1507.0 ], [ 2165.0, 1497.0 ], [ 2170.0, 1494.0 ], [ 2180.0, 1501.0 ], [ 2183.0, 1506.0 ], [ 2182.0, 1514.0 ], [ 2177.0, 1517.0 ], [ 2178.0, 1527.0 ], [ 2183.0, 1524.0 ], [ 2186.0, 1513.0 ], [ 2193.0, 1505.0 ], [ 2201.0, 1509.0 ], [ 2205.0, 1518.0 ], [ 2211.0, 1512.0 ], [ 2212.0, 1507.0 ], [ 2217.0, 1506.0 ], [ 2220.0, 1509.0 ], [ 2227.0, 1507.0 ], [ 2228.0, 1500.0 ], [ 2221.0, 1500.0 ], [ 2220.0, 1496.0 ], [ 2214.0, 1491.0 ], [ 2208.0, 1493.0 ], [ 2209.0, 1496.0 ], [ 2214.0, 1497.0 ], [ 2214.0, 1501.0 ], [ 2204.0, 1506.0 ], [ 2195.0, 1500.0 ], [ 2195.0, 1493.0 ], [ 2190.0, 1496.0 ], [ 2189.0, 1500.0 ], [ 2184.0, 1500.0 ], [ 2183.0, 1496.0 ], [ 2185.0, 1494.0 ], [ 2179.0, 1490.0 ], [ 2181.0, 1484.0 ], [ 2178.0, 1482.0 ], [ 2175.0, 1489.0 ], [ 2169.0, 1489.0 ], [ 2168.0, 1483.0 ], [ 2174.0, 1479.0 ], [ 2162.0, 1470.0 ] ], [ [ 2155.0, 1498.0 ], [ 2159.0, 1499.0 ], [ 2160.0, 1503.0 ], [ 2157.0, 1505.0 ], [ 2155.0, 1513.0 ], [ 2149.0, 1516.0 ], [ 2146.0, 1514.0 ], [ 2148.0, 1510.0 ], [ 2147.0, 1505.0 ], [ 2155.0, 1498.0 ] ] ] } },
{ "type": "Feature", "properties": { "layer": "vegetation" }, "geometry": { "type": "Polygon", "coordinates": [ [ [ 2268.0, 1499.0 ], [ 2265.0, 1509.0 ], [ 2271.0, 1508.0 ], [ 2274.0, 1510.0 ], [ 2276.0, 1521.0 ], [ 2272.0, 1523.0 ], [ 2267.0, 1519.0 ], [ 2266.0, 1524.0 ], [ 2271.0, 1525.0 ], [ 2271.0, 1532.0 ], [ 2275.0, 1533.0 ], [ 2280.0, 1529.0 ], [ 2279.0, 1522.0 ], [ 2283.0, 1520.0 ], [ 2289.0, 1524.0 ], [ 2289.0, 1528.0 ], [ 2283.0, 1531.0 ], [ 2288.0, 1535.0 ], [ 2294.0, 1526.0 ], [ 2294.0, 1520.0 ], [ 2288.0, 1515.0 ], [ 2288.0, 1511.0 ], [ 2292.0, 1509.0 ], [ 2291.0, 1506.0 ], [ 2289.0, 1505.0 ], [ 2284.0, 1509.0 ], [ 2279.0, 1506.0 ], [ 2278.0, 1500.0 ], [ 2273.0, 1502.0 ], [ 2268.0, 1499.0 ] ] ] } },
{ "type": "Feature", "properties": { "layer": "vegetation" }, "geometry": { "type": "Polygon", "coordinates": [ [ [ 2177.0, 1527.0 ], [ 2170.0, 1532.0 ], [ 2164.0, 1531.0 ], [ 2164.0, 1538.0 ], [ 2172.0, 1540.0 ], [ 2174.0, 1545.0 ], [ 2182.0, 1543.0 ], [ 2181.0, 1540.0 ], [ 2174.0, 1538.0 ], [ 2174.0, 1534.0 ], [ 2178.0, 1532.0 ], [ 2177.0, 1527.0 ] ] ] } },
{ "type": "Feature", "properties": { "layer": "vegetation" }, "geometry": { "type": "Polygon", "coordinates": [ [ [ 2266.0, 1533.0 ], [ 2257.0, 1541.0 ], [ 2252.0, 1536.0 ], [ 2244.0, 1541.0 ], [ 2236.0, 1539.0 ], [ 2231.0, 1546.0 ], [ 2224.0, 1548.0 ], [ 2224.0, 1553.0 ], [ 2221.0, 1555.0 ], [ 2223.0, 1558.0 ], [ 2221.0, 1565.0 ], [ 2236.0, 1574.0 ], [ 2241.0, 1572.0 ], [ 2236.0, 1567.0 ], [ 2237.0, 1562.0 ], [ 2241.0, 1560.0 ], [ 2244.0, 1562.0 ], [ 2243.0, 1566.0 ], [ 2249.0, 1567.0 ], [ 2255.0, 1575.0 ], [ 2260.0, 1575.0 ], [ 2264.0, 1570.0 ], [ 2267.0, 1571.0 ], [ 2268.0, 1568.0 ], [ 2263.0, 1567.0 ], [ 2260.0, 1562.0 ], [ 2260.0, 1559.0 ], [ 2264.0, 1557.0 ], [ 2263.0, 1553.0 ], [ 2260.0, 1554.0 ], [ 2259.0, 1559.0 ], [ 2254.0, 1560.0 ], [ 2251.0, 1558.0 ], [ 2252.0, 1554.0 ], [ 2247.0, 1551.0 ], [ 2247.0, 1548.0 ], [ 2241.0, 1547.0 ], [ 2241.0, 1544.0 ], [ 2244.0, 1542.0 ], [ 2248.0, 1544.0 ], [ 2248.0, 1547.0 ], [ 2252.0, 1546.0 ], [ 2255.0, 1549.0 ], [ 2260.0, 1543.0 ], [ 2274.0, 1545.0 ], [ 2275.0, 1553.0 ], [ 2271.0, 1555.0 ], [ 2270.0, 1563.0 ], [ 2276.0, 1557.0 ], [ 2286.0, 1555.0 ], [ 2286.0, 1550.0 ], [ 2282.0, 1552.0 ], [ 2278.0, 1548.0 ], [ 2280.0, 1542.0 ], [ 2272.0, 1541.0 ], [ 2266.0, 1533.0 ] ] ] } },
{ "type": "Feature", "properties": { "layer": "vegetation" }, "geometry": { "type": "Polygon", "coordinates": [ [ [ 505.0, 1564.0 ], [ 501.0, 1571.0 ], [ 494.0, 1571.0 ], [ 492.0, 1573.0 ], [ 495.0, 1576.0 ], [ 496.0, 1582.0 ], [ 504.0, 1576.0 ], [ 509.0, 1579.0 ], [ 515.0, 1576.0 ], [ 522.0, 1581.0 ], [ 528.0, 1579.0 ], [ 531.0, 1582.0 ], [ 536.0, 1578.0 ], [ 543.0, 1580.0 ], [ 545.0, 1577.0 ], [ 544.0, 1572.0 ], [ 539.0, 1574.0 ], [ 534.0, 1571.0 ], [ 528.0, 1576.0 ], [ 523.0, 1569.0 ], [ 519.0, 1572.0 ], [ 512.0, 1571.0 ], [ 505.0, 1564.0 ] ] ] } },
{ "type": "Feature", "properties": { "layer": "vegetation" }, "geometry": { "type": "Polygon", "coordinates": [ [ [ 633.0, 1568.0 ], [ 619.0, 1570.0 ], [ 620.0, 1582.0 ], [ 626.0, 1579.0 ], [ 632.0, 1586.0 ], [ 635.0, 1586.0 ], [ 643.0, 1579.0 ], [ 635.0, 1574.0 ], [ 633.0, 1568.0 ] ] ] } },
{ "type": "Feature", "properties": { "layer": "vegetation" }, "geometry": { "type": "Polygon", "coordinates": [ [ [ 436.0, 1517.0 ], [ 435.0, 1526.0 ], [ 430.0, 1527.0 ], [ 427.0, 1534.0 ], [ 430.0, 1534.0 ], [ 431.0, 1529.0 ], [ 436.0, 1529.0 ], [ 439.0, 1535.0 ], [ 444.0, 1538.0 ], [ 442.0, 1542.0 ], [ 443.0, 1549.0 ], [ 439.0, 1552.0 ], [ 433.0, 1551.0 ], [ 432.0, 1545.0 ], [ 434.0, 1542.0 ], [ 427.0, 1538.0 ], [ 422.0, 1542.0 ], [ 425.0, 1546.0 ], [ 425.0, 1557.0 ], [ 420.0, 1562.0 ], [ 426.0, 1565.0 ], [ 430.0, 1571.0 ], [ 430.0, 1577.0 ], [ 425.0, 1581.0 ], [ 427.0, 1584.0 ], [ 430.0, 1585.0 ], [ 433.0, 1582.0 ], [ 433.0, 1578.0 ], [ 438.0, 1576.0 ], [ 441.0, 1578.0 ], [ 441.0, 1585.0 ], [ 447.0, 1586.0 ], [ 455.0, 1577.0 ], [ 456.0, 1572.0 ], [ 455.0, 1570.0 ], [ 450.0, 1570.0 ], [ 449.0, 1565.0 ], [ 455.0, 1562.0 ], [ 458.0, 1556.0 ], [ 464.0, 1557.0 ], [ 465.0, 1563.0 ], [ 462.0, 1565.0 ], [ 463.0, 1567.0 ], [ 468.0, 1564.0 ], [ 476.0, 1569.0 ], [ 479.0, 1566.0 ], [ 484.0, 1566.0 ], [ 485.0, 1552.0 ], [ 482.0, 1551.0 ], [ 479.0, 1554.0 ], [ 475.0, 1552.0 ], [ 475.0, 1549.0 ], [ 481.0, 1546.0 ], [ 479.0, 1544.0 ], [ 481.0, 1539.0 ], [ 477.0, 1537.0 ], [ 479.0, 1531.0 ], [ 477.0, 1528.0 ], [ 475.0, 1529.0 ], [ 476.0, 1536.0 ], [ 471.0, 1539.0 ], [ 465.0, 1533.0 ], [ 461.0, 1538.0 ], [ 466.0, 1541.0 ], [ 466.0, 1544.0 ], [ 461.0, 1546.0 ], [ 459.0, 1551.0 ], [ 454.0, 1551.0 ], [ 449.0, 1541.0 ], [ 445.0, 1539.0 ], [ 446.0, 1531.0 ], [ 442.0, 1529.0 ], [ 441.0, 1520.0 ], [ 436.0, 1517.0 ] ], [ [ 442.0, 1557.0 ], [ 446.0, 1559.0 ], [ 446.0, 1563.0 ], [ 443.0, 1565.0 ], [ 438.0, 1563.0 ], [ 438.0, 1560.0 ], [ 442.0, 1557.0 ] ] ] } },
{ "type": "Feature", "properties": { "layer": "vegetation" }, "geometry": { "type": "Polygon", "coordinates": [ [ [ 367.0, 1561.0 ], [ 363.0, 1565.0 ], [ 351.0, 1565.0 ], [ 352.0, 1571.0 ], [ 350.0, 1573.0 ], [ 354.0, 1575.0 ], [ 353.0, 1584.0 ], [ 356.0, 1585.0 ], [ 360.0, 1581.0 ], [ 363.0, 1583.0 ], [ 366.0, 1581.0 ], [ 369.0, 1583.0 ], [ 377.0, 1582.0 ], [ 381.0, 1586.0 ], [ 381.0, 1591.0 ], [ 384.0, 1592.0 ], [ 392.0, 1581.0 ], [ 391.0, 1577.0 ], [ 383.0, 1577.0 ], [ 367.0, 1561.0 ] ] ] } },
{ "type": "Feature", "properties": { "layer": "vegetation" }, "geometry": { "type": "Polygon", "coordinates": [ [ [ 720.0, 1573.0 ], [ 717.0, 1576.0 ], [ 713.0, 1574.0 ], [ 711.0, 1581.0 ], [ 721.0, 1588.0 ], [ 724.0, 1595.0 ], [ 733.0, 1594.0 ], [ 734.0, 1590.0 ], [ 731.0, 1588.0 ], [ 731.0, 1585.0 ], [ 735.0, 1581.0 ], [ 740.0, 1583.0 ], [ 740.0, 1577.0 ], [ 738.0, 1576.0 ], [ 734.0, 1579.0 ], [ 729.0, 1574.0 ], [ 720.0, 1573.0 ] ] ] } },
{ "type": "Feature", "properties": { "layer": "vegetation" }, "geometry": { "type": "Polygon", "coordinates": [ [ [ 1418.0, 1538.0 ], [ 1415.0, 1542.0 ], [ 1415.0, 1562.0 ], [ 1413.0, 1566.0 ], [ 1408.0, 1568.0 ], [ 1403.0, 1588.0 ], [ 1400.0, 1589.0 ], [ 1396.0, 1586.0 ], [ 1394.0, 1582.0 ], [ 1396.0, 1575.0 ], [ 1394.0, 1573.0 ], [ 1385.0, 1582.0 ], [ 1380.0, 1577.0 ], [ 1368.0, 1582.0 ], [ 1373.0, 1591.0 ], [ 1380.0, 1597.0 ], [ 1392.0, 1601.0 ], [ 1389.0, 1607.0 ], [ 1393.0, 1609.0 ], [ 1391.0, 1617.0 ], [ 1394.0, 1620.0 ], [ 1400.0, 1620.0 ], [ 1401.0, 1614.0 ], [ 1406.0, 1611.0 ], [ 1401.0, 1606.0 ], [ 1402.0, 1602.0 ], [ 1407.0, 1602.0 ], [ 1410.0, 1607.0 ], [ 1415.0, 1604.0 ], [ 1410.0, 1600.0 ], [ 1412.0, 1595.0 ], [ 1408.0, 1593.0 ], [ 1408.0, 1589.0 ], [ 1411.0, 1587.0 ], [ 1415.0, 1588.0 ], [ 1418.0, 1583.0 ], [ 1411.0, 1579.0 ], [ 1410.0, 1575.0 ], [ 1414.0, 1572.0 ], [ 1419.0, 1575.0 ], [ 1422.0, 1573.0 ], [ 1419.0, 1570.0 ], [ 1419.0, 1567.0 ], [ 1422.0, 1565.0 ], [ 1421.0, 1559.0 ], [ 1423.0, 1558.0 ], [ 1420.0, 1552.0 ], [ 1425.0, 1548.0 ], [ 1430.0, 1550.0 ], [ 1432.0, 1547.0 ], [ 1430.0, 1540.0 ], [ 1426.0, 1542.0 ], [ 1418.0, 1538.0 ] ], [ [ 1392.0, 1587.0 ], [ 1402.0, 1597.0 ], [ 1402.0, 1600.0 ], [ 1397.0, 1603.0 ], [ 1393.0, 1601.0 ], [ 1394.0, 1596.0 ], [ 1389.0, 1593.0 ], [ 1389.0, 1589.0 ], [ 1392.0, 1587.0 ] ] ] } },
{ "type": "Feature", "properties": { "layer": "vegetation" }, "geometry": { "type": "Polygon", "coordinates": [ [ [ 1670.0, 1609.0 ], [ 1665.0, 1615.0 ], [ 1672.0, 1621.0 ], [ 1674.0, 1629.0 ], [ 1670.0, 1631.0 ], [ 1671.0, 1635.0 ], [ 1668.0, 1638.0 ], [ 1674.0, 1644.0 ], [ 1680.0, 1643.0 ], [ 1681.0, 1650.0 ], [ 1686.0, 1650.0 ], [ 1688.0, 1645.0 ], [ 1687.0, 1638.0 ], [ 1690.0, 1636.0 ], [ 1696.0, 1637.0 ], [ 1699.0, 1646.0 ], [ 1692.0, 1650.0 ], [ 1693.0, 1653.0 ], [ 1706.0, 1647.0 ], [ 1707.0, 1643.0 ], [ 1693.0, 1630.0 ], [ 1688.0, 1633.0 ], [ 1680.0, 1630.0 ], [ 1681.0, 1624.0 ], [ 1686.0, 1620.0 ], [ 1682.0, 1617.0 ], [ 1678.0, 1620.0 ], [ 1671.0, 1618.0 ], [ 1670.0, 1614.0 ], [ 1675.0, 1610.0 ], [ 1670.0, 1609.0 ] ] ] } },
{ "type": "Feature", "properties": { "layer": "vegetation" }, "geometry": { "type": "Polygon", "coordinates": [ [ [ 1582.0, 1635.0 ], [ 1566.0, 1646.0 ], [ 1571.0, 1659.0 ], [ 1576.0, 1656.0 ], [ 1588.0, 1659.0 ], [ 1588.0, 1652.0 ], [ 1590.0, 1650.0 ], [ 1593.0, 1649.0 ], [ 1597.0, 1653.0 ], [ 1600.0, 1650.0 ], [ 1600.0, 1645.0 ], [ 1596.0, 1638.0 ], [ 1588.0, 1640.0 ], [ 1582.0, 1635.0 ] ], [ [ 1583.0, 1639.0 ], [ 1587.0, 1641.0 ], [ 1587.0, 1646.0 ], [ 1583.0, 1651.0 ], [ 1578.0, 1652.0 ], [ 1575.0, 1650.0 ], [ 1575.0, 1645.0 ], [ 1583.0, 1639.0 ] ] ] } },
{ "type": "Feature", "properties": { "layer": "vegetation" }, "geometry": { "type": "Polygon", "coordinates": [ [ [ 1383.0, 1647.0 ], [ 1380.0, 1650.0 ], [ 1385.0, 1658.0 ], [ 1383.0, 1664.0 ], [ 1394.0, 1666.0 ], [ 1398.0, 1661.0 ], [ 1394.0, 1657.0 ], [ 1396.0, 1650.0 ], [ 1383.0, 1647.0 ] ] ] } },
{ "type": "Feature", "properties": { "layer": "vegetation" }, "geometry": { "type": "Polygon", "coordinates": [ [ [ 1461.0, 1621.0 ], [ 1458.0, 1624.0 ], [ 1453.0, 1623.0 ], [ 1452.0, 1639.0 ], [ 1448.0, 1641.0 ], [ 1444.0, 1638.0 ], [ 1441.0, 1641.0 ], [ 1445.0, 1645.0 ], [ 1443.0, 1651.0 ], [ 1440.0, 1652.0 ], [ 1435.0, 1649.0 ], [ 1436.0, 1643.0 ], [ 1433.0, 1643.0 ], [ 1427.0, 1649.0 ], [ 1438.0, 1656.0 ], [ 1437.0, 1662.0 ], [ 1439.0, 1664.0 ], [ 1441.0, 1663.0 ], [ 1441.0, 1657.0 ], [ 1444.0, 1655.0 ], [ 1448.0, 1656.0 ], [ 1451.0, 1661.0 ], [ 1459.0, 1661.0 ], [ 1461.0, 1663.0 ], [ 1460.0, 1667.0 ], [ 1450.0, 1668.0 ], [ 1459.0, 1676.0 ], [ 1467.0, 1668.0 ], [ 1473.0, 1674.0 ], [ 1476.0, 1673.0 ], [ 1483.0, 1679.0 ], [ 1487.0, 1679.0 ], [ 1487.0, 1674.0 ], [ 1483.0, 1675.0 ], [ 1480.0, 1673.0 ], [ 1480.0, 1669.0 ], [ 1483.0, 1667.0 ], [ 1482.0, 1664.0 ], [ 1472.0, 1664.0 ], [ 1469.0, 1662.0 ], [ 1471.0, 1654.0 ], [ 1462.0, 1644.0 ], [ 1462.0, 1641.0 ], [ 1468.0, 1635.0 ], [ 1467.0, 1624.0 ], [ 1461.0, 1621.0 ] ] ] } },
{ "type": "Feature", "properties": { "layer": "vegetation" }, "geometry": { "type": "Polygon", "coordinates": [ [ [ 373.0, 1647.0 ], [ 367.0, 1651.0 ], [ 359.0, 1648.0 ], [ 351.0, 1657.0 ], [ 355.0, 1668.0 ], [ 361.0, 1666.0 ], [ 367.0, 1669.0 ], [ 369.0, 1673.0 ], [ 369.0, 1677.0 ], [ 365.0, 1680.0 ], [ 361.0, 1679.0 ], [ 355.0, 1671.0 ], [ 351.0, 1676.0 ], [ 356.0, 1680.0 ], [ 353.0, 1689.0 ], [ 359.0, 1695.0 ], [ 364.0, 1691.0 ], [ 373.0, 1695.0 ], [ 373.0, 1690.0 ], [ 376.0, 1688.0 ], [ 380.0, 1690.0 ], [ 380.0, 1695.0 ], [ 383.0, 1694.0 ], [ 384.0, 1685.0 ], [ 382.0, 1683.0 ], [ 375.0, 1683.0 ], [ 374.0, 1676.0 ], [ 372.0, 1675.0 ], [ 372.0, 1672.0 ], [ 382.0, 1660.0 ], [ 380.0, 1654.0 ], [ 383.0, 1651.0 ], [ 373.0, 1647.0 ] ] ] } },
{ "type": "Feature", "properties": { "layer": "vegetation" }, "geometry": { "type": "Polygon", "coordinates": [ [ [ 642.0, 1651.0 ], [ 638.0, 1654.0 ], [ 634.0, 1652.0 ], [ 630.0, 1654.0 ], [ 629.0, 1660.0 ], [ 631.0, 1665.0 ], [ 620.0, 1669.0 ], [ 623.0, 1680.0 ], [ 628.0, 1676.0 ], [ 633.0, 1679.0 ], [ 631.0, 1687.0 ], [ 625.0, 1690.0 ], [ 632.0, 1690.0 ], [ 632.0, 1696.0 ], [ 638.0, 1699.0 ], [ 639.0, 1692.0 ], [ 645.0, 1687.0 ], [ 649.0, 1690.0 ], [ 653.0, 1700.0 ], [ 658.0, 1699.0 ], [ 661.0, 1701.0 ], [ 668.0, 1695.0 ], [ 667.0, 1693.0 ], [ 660.0, 1694.0 ], [ 657.0, 1692.0 ], [ 657.0, 1689.0 ], [ 663.0, 1683.0 ], [ 662.0, 1672.0 ], [ 654.0, 1672.0 ], [ 654.0, 1667.0 ], [ 651.0, 1664.0 ], [ 648.0, 1668.0 ], [ 648.0, 1679.0 ], [ 641.0, 1680.0 ], [ 637.0, 1676.0 ], [ 636.0, 1667.0 ], [ 638.0, 1661.0 ], [ 641.0, 1659.0 ], [ 646.0, 1661.0 ], [ 648.0, 1659.0 ], [ 646.0, 1653.0 ], [ 642.0, 1651.0 ] ] ] } },
{ "type": "Feature", "properties": { "layer": "vegetation" }, "geometry": { "type": "Polygon", "coordinates": [ [ [ 1688.0, 1668.0 ], [ 1684.0, 1674.0 ], [ 1677.0, 1674.0 ], [ 1674.0, 1671.0 ], [ 1668.0, 1673.0 ], [ 1675.0, 1678.0 ], [ 1675.0, 1687.0 ], [ 1671.0, 1695.0 ], [ 1679.0, 1701.0 ], [ 1678.0, 1705.0 ], [ 1684.0, 1709.0 ], [ 1688.0, 1703.0 ], [ 1687.0, 1699.0 ], [ 1690.0, 1697.0 ], [ 1689.0, 1691.0 ], [ 1692.0, 1689.0 ], [ 1700.0, 1690.0 ], [ 1701.0, 1687.0 ], [ 1706.0, 1685.0 ], [ 1706.0, 1680.0 ], [ 1697.0, 1670.0 ], [ 1692.0, 1671.0 ], [ 1688.0, 1668.0 ] ], [ [ 1693.0, 1675.0 ], [ 1701.0, 1680.0 ], [ 1702.0, 1684.0 ], [ 1695.0, 1687.0 ], [ 1682.0, 1687.0 ], [ 1681.0, 1680.0 ], [ 1684.0, 1678.0 ], [ 1688.0, 1679.0 ], [ 1693.0, 1675.0 ] ] ] } },
{ "type": "Feature", "properties": { "layer": "vegetation" }, "geometry": { "type": "Polygon", "coordinates": [ [ [ 323.0, 1707.0 ], [ 323.0, 1713.0 ], [ 316.0, 1720.0 ], [ 320.0, 1722.0 ], [ 321.0, 1726.0 ], [ 326.0, 1726.0 ], [ 336.0, 1714.0 ], [ 336.0, 1710.0 ], [ 331.0, 1711.0 ], [ 327.0, 1707.0 ], [ 323.0, 1707.0 ] ] ] } },
{ "type": "Feature", "properties": { "layer": "vegetation" }, "geometry": { "type": "Polygon", "coordinates": [ [ [ 1427.0, 1714.0 ], [ 1425.0, 1716.0 ], [ 1419.0, 1715.0 ], [ 1417.0, 1719.0 ], [ 1411.0, 1720.0 ], [ 1407.0, 1725.0 ], [ 1408.0, 1730.0 ], [ 1413.0, 1733.0 ], [ 1413.0, 1739.0 ], [ 1420.0, 1742.0 ], [ 1420.0, 1750.0 ], [ 1430.0, 1754.0 ], [ 1433.0, 1760.0 ], [ 1446.0, 1764.0 ], [ 1447.0, 1762.0 ], [ 1442.0, 1761.0 ], [ 1438.0, 1755.0 ], [ 1432.0, 1754.0 ], [ 1433.0, 1747.0 ], [ 1442.0, 1747.0 ], [ 1457.0, 1762.0 ], [ 1460.0, 1761.0 ], [ 1462.0, 1755.0 ], [ 1452.0, 1730.0 ], [ 1455.0, 1720.0 ], [ 1450.0, 1719.0 ], [ 1447.0, 1722.0 ], [ 1443.0, 1722.0 ], [ 1436.0, 1715.0 ], [ 1427.0, 1714.0 ] ], [ [ 1422.0, 1720.0 ], [ 1429.0, 1723.0 ], [ 1430.0, 1732.0 ], [ 1435.0, 1730.0 ], [ 1439.0, 1732.0 ], [ 1439.0, 1738.0 ], [ 1432.0, 1745.0 ], [ 1426.0, 1741.0 ], [ 1429.0, 1733.0 ], [ 1426.0, 1734.0 ], [ 1419.0, 1729.0 ], [ 1419.0, 1722.0 ], [ 1422.0, 1720.0 ] ] ] } },
{ "type": "Feature", "properties": { "layer": "vegetation" }, "geometry": { "type": "Polygon", "coordinates": [ [ [ 1355.0, 1741.0 ], [ 1346.0, 1747.0 ], [ 1339.0, 1743.0 ], [ 1338.0, 1745.0 ], [ 1343.0, 1748.0 ], [ 1343.0, 1752.0 ], [ 1338.0, 1756.0 ], [ 1334.0, 1756.0 ], [ 1331.0, 1760.0 ], [ 1333.0, 1762.0 ], [ 1338.0, 1759.0 ], [ 1342.0, 1762.0 ], [ 1344.0, 1757.0 ], [ 1349.0, 1757.0 ], [ 1352.0, 1762.0 ], [ 1350.0, 1771.0 ], [ 1347.0, 1772.0 ], [ 1340.0, 1766.0 ], [ 1336.0, 1768.0 ], [ 1337.0, 1771.0 ], [ 1349.0, 1776.0 ], [ 1352.0, 1771.0 ], [ 1359.0, 1768.0 ], [ 1353.0, 1761.0 ], [ 1356.0, 1755.0 ], [ 1351.0, 1752.0 ], [ 1351.0, 1749.0 ], [ 1359.0, 1743.0 ], [ 1355.0, 1741.0 ] ] ] } },
{ "type": "Feature", "properties": { "layer": "vegetation" }, "geometry": { "type": "Polygon", "coordinates": [ [ [ 753.0, 1720.0 ], [ 751.0, 1724.0 ], [ 741.0, 1729.0 ], [ 735.0, 1728.0 ], [ 730.0, 1730.0 ], [ 729.0, 1732.0 ], [ 733.0, 1735.0 ], [ 733.0, 1738.0 ], [ 722.0, 1741.0 ], [ 724.0, 1746.0 ], [ 729.0, 1743.0 ], [ 735.0, 1747.0 ], [ 739.0, 1751.0 ], [ 744.0, 1763.0 ], [ 737.0, 1766.0 ], [ 734.0, 1764.0 ], [ 733.0, 1759.0 ], [ 730.0, 1760.0 ], [ 726.0, 1756.0 ], [ 719.0, 1762.0 ], [ 715.0, 1760.0 ], [ 715.0, 1770.0 ], [ 713.0, 1772.0 ], [ 718.0, 1778.0 ], [ 721.0, 1779.0 ], [ 730.0, 1773.0 ], [ 734.0, 1778.0 ], [ 741.0, 1776.0 ], [ 745.0, 1779.0 ], [ 748.0, 1774.0 ], [ 757.0, 1772.0 ], [ 757.0, 1766.0 ], [ 762.0, 1763.0 ], [ 762.0, 1759.0 ], [ 760.0, 1757.0 ], [ 756.0, 1760.0 ], [ 753.0, 1759.0 ], [ 751.0, 1754.0 ], [ 735.0, 1739.0 ], [ 736.0, 1735.0 ], [ 744.0, 1733.0 ], [ 749.0, 1729.0 ], [ 756.0, 1733.0 ], [ 758.0, 1737.0 ], [ 763.0, 1734.0 ], [ 764.0, 1730.0 ], [ 753.0, 1720.0 ] ] ] } },
{ "type": "Feature", "properties": { "layer": "vegetation" }, "geometry": { "type": "Polygon", "coordinates": [ [ [ 1374.0, 1744.0 ], [ 1375.0, 1752.0 ], [ 1371.0, 1754.0 ], [ 1371.0, 1761.0 ], [ 1373.0, 1762.0 ], [ 1372.0, 1773.0 ], [ 1369.0, 1775.0 ], [ 1363.0, 1773.0 ], [ 1362.0, 1778.0 ], [ 1355.0, 1781.0 ], [ 1357.0, 1786.0 ], [ 1361.0, 1785.0 ], [ 1365.0, 1789.0 ], [ 1372.0, 1785.0 ], [ 1377.0, 1786.0 ], [ 1385.0, 1781.0 ], [ 1382.0, 1778.0 ], [ 1382.0, 1772.0 ], [ 1376.0, 1770.0 ], [ 1379.0, 1762.0 ], [ 1378.0, 1758.0 ], [ 1382.0, 1755.0 ], [ 1384.0, 1749.0 ], [ 1374.0, 1744.0 ] ] ] } },
{ "type": "Feature", "properties": { "layer": "vegetation" }, "geometry": { "type": "Polygon", "coordinates": [ [ [ 950.0, 1798.0 ], [ 948.0, 1801.0 ], [ 956.0, 1803.0 ], [ 957.0, 1807.0 ], [ 949.0, 1815.0 ], [ 945.0, 1813.0 ], [ 943.0, 1806.0 ], [ 938.0, 1809.0 ], [ 940.0, 1822.0 ], [ 935.0, 1825.0 ], [ 938.0, 1829.0 ], [ 943.0, 1825.0 ], [ 949.0, 1826.0 ], [ 952.0, 1824.0 ], [ 951.0, 1817.0 ], [ 960.0, 1813.0 ], [ 963.0, 1809.0 ], [ 961.0, 1802.0 ], [ 950.0, 1798.0 ] ] ] } },
{ "type": "Feature", "properties": { "layer": "vegetation" }, "geometry": { "type": "Polygon", "coordinates": [ [ [ 166.0, 1791.0 ], [ 161.0, 1795.0 ], [ 161.0, 1800.0 ], [ 164.0, 1801.0 ], [ 170.0, 1797.0 ], [ 173.0, 1799.0 ], [ 173.0, 1803.0 ], [ 168.0, 1807.0 ], [ 164.0, 1804.0 ], [ 162.0, 1805.0 ], [ 163.0, 1813.0 ], [ 160.0, 1815.0 ], [ 160.0, 1821.0 ], [ 164.0, 1822.0 ], [ 167.0, 1820.0 ], [ 174.0, 1825.0 ], [ 174.0, 1830.0 ], [ 177.0, 1829.0 ], [ 182.0, 1832.0 ], [ 184.0, 1829.0 ], [ 179.0, 1826.0 ], [ 179.0, 1823.0 ], [ 181.0, 1822.0 ], [ 180.0, 1813.0 ], [ 184.0, 1811.0 ], [ 181.0, 1808.0 ], [ 183.0, 1801.0 ], [ 176.0, 1800.0 ], [ 170.0, 1792.0 ], [ 166.0, 1791.0 ] ] ] } },
{ "type": "Feature", "properties": { "layer": "vegetation" }, "geometry": { "type": "Polygon", "coordinates": [ [ [ 683.0, 1812.0 ], [ 679.0, 1816.0 ], [ 674.0, 1816.0 ], [ 675.0, 1822.0 ], [ 678.0, 1820.0 ], [ 682.0, 1822.0 ], [ 681.0, 1826.0 ], [ 674.0, 1828.0 ], [ 677.0, 1833.0 ], [ 680.0, 1832.0 ], [ 687.0, 1838.0 ], [ 692.0, 1835.0 ], [ 685.0, 1832.0 ], [ 686.0, 1828.0 ], [ 690.0, 1827.0 ], [ 697.0, 1831.0 ], [ 704.0, 1828.0 ], [ 698.0, 1824.0 ], [ 698.0, 1818.0 ], [ 693.0, 1820.0 ], [ 688.0, 1813.0 ], [ 683.0, 1812.0 ] ] ] } },
{ "type": "Feature", "properties": { "layer": "vegetation" }, "geometry": { "type": "Polygon", "coordinates": [ [ [ 624.0, 1820.0 ], [ 621.0, 1822.0 ], [ 624.0, 1832.0 ], [ 615.0, 1835.0 ], [ 619.0, 1842.0 ], [ 636.0, 1839.0 ], [ 636.0, 1832.0 ], [ 644.0, 1827.0 ], [ 642.0, 1823.0 ], [ 630.0, 1825.0 ], [ 624.0, 1820.0 ] ] ] } },
{ "type": "Feature", "properties": { "layer": "vegetation" }, "geometry": { "type": "Polygon", "coordinates": [ [ [ 712.0, 1820.0 ], [ 711.0, 1823.0 ], [ 716.0, 1824.0 ], [ 717.0, 1828.0 ], [ 710.0, 1835.0 ], [ 704.0, 1834.0 ], [ 701.0, 1839.0 ], [ 708.0, 1843.0 ], [ 716.0, 1841.0 ], [ 719.0, 1844.0 ], [ 723.0, 1844.0 ], [ 730.0, 1836.0 ], [ 729.0, 1831.0 ], [ 725.0, 1829.0 ], [ 726.0, 1824.0 ], [ 723.0, 1821.0 ], [ 712.0, 1820.0 ] ], [ [ 716.0, 1833.0 ], [ 721.0, 1835.0 ], [ 721.0, 1839.0 ], [ 718.0, 1841.0 ], [ 713.0, 1838.0 ], [ 713.0, 1835.0 ], [ 716.0, 1833.0 ] ] ] } },
{ "type": "Feature", "properties": { "layer": "vegetation" }, "geometry": { "type": "Polygon", "coordinates": [ [ [ 304.0, 1827.0 ], [ 297.0, 1831.0 ], [ 292.0, 1841.0 ], [ 284.0, 1845.0 ], [ 278.0, 1842.0 ], [ 270.0, 1850.0 ], [ 277.0, 1852.0 ], [ 279.0, 1856.0 ], [ 290.0, 1848.0 ], [ 302.0, 1854.0 ], [ 306.0, 1850.0 ], [ 304.0, 1845.0 ], [ 307.0, 1841.0 ], [ 304.0, 1839.0 ], [ 304.0, 1836.0 ], [ 307.0, 1834.0 ], [ 313.0, 1838.0 ], [ 313.0, 1846.0 ], [ 315.0, 1847.0 ], [ 318.0, 1842.0 ], [ 316.0, 1831.0 ], [ 304.0, 1827.0 ] ] ] } },
{ "type": "Feature", "properties": { "layer": "vegetation" }, "geometry": { "type": "Polygon", "coordinates": [ [ [ 1311.0, 1835.0 ], [ 1309.0, 1837.0 ], [ 1310.0, 1844.0 ], [ 1306.0, 1847.0 ], [ 1307.0, 1850.0 ], [ 1315.0, 1849.0 ], [ 1324.0, 1859.0 ], [ 1334.0, 1853.0 ], [ 1330.0, 1847.0 ], [ 1320.0, 1844.0 ], [ 1318.0, 1838.0 ], [ 1311.0, 1835.0 ] ] ] } },
{ "type": "Feature", "properties": { "layer": "vegetation" }, "geometry": { "type": "Polygon", "coordinates": [ [ [ 1227.0, 1836.0 ], [ 1224.0, 1839.0 ], [ 1218.0, 1838.0 ], [ 1220.0, 1847.0 ], [ 1218.0, 1853.0 ], [ 1229.0, 1852.0 ], [ 1231.0, 1854.0 ], [ 1230.0, 1863.0 ], [ 1235.0, 1863.0 ], [ 1241.0, 1855.0 ], [ 1247.0, 1859.0 ], [ 1251.0, 1852.0 ], [ 1249.0, 1843.0 ], [ 1244.0, 1840.0 ], [ 1244.0, 1848.0 ], [ 1238.0, 1853.0 ], [ 1235.0, 1851.0 ], [ 1234.0, 1840.0 ], [ 1227.0, 1836.0 ] ] ] } },
{ "type": "Feature", "properties": { "layer": "vegetation" }, "geometry": { "type": "Polygon", "coordinates": [ [ [ 1019.0, 1847.0 ], [ 1012.0, 1849.0 ], [ 1008.0, 1848.0 ], [ 1002.0, 1854.0 ], [ 1003.0, 1856.0 ], [ 1009.0, 1855.0 ], [ 1011.0, 1860.0 ], [ 1008.0, 1862.0 ], [ 1003.0, 1860.0 ], [ 1000.0, 1863.0 ], [ 1001.0, 1867.0 ], [ 1009.0, 1862.0 ], [ 1014.0, 1865.0 ], [ 1013.0, 1871.0 ], [ 1010.0, 1873.0 ], [ 1012.0, 1876.0 ], [ 1020.0, 1871.0 ], [ 1015.0, 1866.0 ], [ 1015.0, 1861.0 ], [ 1019.0, 1858.0 ], [ 1025.0, 1861.0 ], [ 1030.0, 1856.0 ], [ 1023.0, 1853.0 ], [ 1019.0, 1847.0 ] ] ] } },
{ "type": "Feature", "properties": { "layer": "vegetation" }, "geometry": { "type": "Polygon", "coordinates": [ [ [ 989.0, 1871.0 ], [ 983.0, 1876.0 ], [ 980.0, 1875.0 ], [ 978.0, 1880.0 ], [ 981.0, 1885.0 ], [ 986.0, 1887.0 ], [ 987.0, 1893.0 ], [ 992.0, 1891.0 ], [ 996.0, 1894.0 ], [ 999.0, 1890.0 ], [ 998.0, 1886.0 ], [ 1003.0, 1882.0 ], [ 1002.0, 1876.0 ], [ 1005.0, 1872.0 ], [ 1000.0, 1873.0 ], [ 999.0, 1881.0 ], [ 992.0, 1885.0 ], [ 987.0, 1881.0 ], [ 987.0, 1875.0 ], [ 991.0, 1873.0 ], [ 989.0, 1871.0 ] ] ] } },
{ "type": "Feature", "properties": { "layer": "vegetation" }, "geometry": { "type": "Polygon", "coordinates": [ [ [ 1418.0, 1866.0 ], [ 1414.0, 1870.0 ], [ 1408.0, 1869.0 ], [ 1410.0, 1873.0 ], [ 1415.0, 1875.0 ], [ 1415.0, 1878.0 ], [ 1411.0, 1881.0 ], [ 1405.0, 1881.0 ], [ 1404.0, 1886.0 ], [ 1409.0, 1887.0 ], [ 1410.0, 1891.0 ], [ 1407.0, 1893.0 ], [ 1401.0, 1891.0 ], [ 1399.0, 1894.0 ], [ 1400.0, 1901.0 ], [ 1421.0, 1888.0 ], [ 1429.0, 1891.0 ], [ 1434.0, 1885.0 ], [ 1440.0, 1888.0 ], [ 1444.0, 1884.0 ], [ 1443.0, 1876.0 ], [ 1439.0, 1878.0 ], [ 1427.0, 1866.0 ], [ 1418.0, 1866.0 ] ], [ [ 1419.0, 1880.0 ], [ 1423.0, 1882.0 ], [ 1423.0, 1885.0 ], [ 1420.0, 1887.0 ], [ 1416.0, 1885.0 ], [ 1416.0, 1882.0 ], [ 1419.0, 1880.0 ] ] ] } },
{ "type": "Feature", "properties": { "layer": "vegetation" }, "geometry": { "type": "Polygon", "coordinates": [ [ [ 1035.0, 1859.0 ], [ 1029.0, 1874.0 ], [ 1024.0, 1875.0 ], [ 1016.0, 1884.0 ], [ 1009.0, 1884.0 ], [ 1010.0, 1892.0 ], [ 1007.0, 1895.0 ], [ 1012.0, 1898.0 ], [ 1012.0, 1905.0 ], [ 1019.0, 1893.0 ], [ 1026.0, 1889.0 ], [ 1023.0, 1886.0 ], [ 1023.0, 1882.0 ], [ 1026.0, 1880.0 ], [ 1031.0, 1882.0 ], [ 1031.0, 1885.0 ], [ 1027.0, 1887.0 ], [ 1030.0, 1890.0 ], [ 1030.0, 1894.0 ], [ 1041.0, 1891.0 ], [ 1046.0, 1898.0 ], [ 1055.0, 1888.0 ], [ 1054.0, 1885.0 ], [ 1049.0, 1889.0 ], [ 1044.0, 1887.0 ], [ 1039.0, 1876.0 ], [ 1044.0, 1873.0 ], [ 1047.0, 1875.0 ], [ 1047.0, 1879.0 ], [ 1050.0, 1880.0 ], [ 1054.0, 1874.0 ], [ 1048.0, 1869.0 ], [ 1045.0, 1871.0 ], [ 1040.0, 1870.0 ], [ 1039.0, 1864.0 ], [ 1041.0, 1861.0 ], [ 1035.0, 1859.0 ] ] ] } },
{ "type": "Feature", "properties": { "layer": "vegetation" }, "geometry": { "type": "Polygon", "coordinates": [ [ [ 1352.0, 1877.0 ], [ 1349.0, 1882.0 ], [ 1355.0, 1890.0 ], [ 1356.0, 1897.0 ], [ 1358.0, 1898.0 ], [ 1362.0, 1895.0 ], [ 1369.0, 1901.0 ], [ 1369.0, 1904.0 ], [ 1364.0, 1907.0 ], [ 1358.0, 1902.0 ], [ 1358.0, 1907.0 ], [ 1364.0, 1911.0 ], [ 1369.0, 1910.0 ], [ 1374.0, 1915.0 ], [ 1379.0, 1909.0 ], [ 1378.0, 1904.0 ], [ 1374.0, 1902.0 ], [ 1376.0, 1896.0 ], [ 1372.0, 1891.0 ], [ 1364.0, 1893.0 ], [ 1360.0, 1891.0 ], [ 1360.0, 1885.0 ], [ 1366.0, 1881.0 ], [ 1365.0, 1879.0 ], [ 1352.0, 1877.0 ] ] ] } },
{ "type": "Feature", "properties": { "layer": "vegetation" }, "geometry": { "type": "Polygon", "coordinates": [ [ [ 1333.0, 1884.0 ], [ 1324.0, 1887.0 ], [ 1323.0, 1894.0 ], [ 1319.0, 1900.0 ], [ 1324.0, 1904.0 ], [ 1330.0, 1899.0 ], [ 1334.0, 1900.0 ], [ 1336.0, 1907.0 ], [ 1333.0, 1909.0 ], [ 1333.0, 1914.0 ], [ 1337.0, 1917.0 ], [ 1338.0, 1913.0 ], [ 1341.0, 1912.0 ], [ 1341.0, 1907.0 ], [ 1337.0, 1902.0 ], [ 1339.0, 1896.0 ], [ 1332.0, 1894.0 ], [ 1332.0, 1891.0 ], [ 1338.0, 1885.0 ], [ 1333.0, 1884.0 ] ] ] } },
{ "type": "Feature", "properties": { "layer": "vegetation" }, "geometry": { "type": "Polygon", "coordinates": [ [ [ 1532.0, 1906.0 ], [ 1530.0, 1908.0 ], [ 1526.0, 1907.0 ], [ 1523.0, 1914.0 ], [ 1526.0, 1926.0 ], [ 1522.0, 1928.0 ], [ 1517.0, 1925.0 ], [ 1515.0, 1928.0 ], [ 1522.0, 1934.0 ], [ 1527.0, 1931.0 ], [ 1531.0, 1937.0 ], [ 1540.0, 1935.0 ], [ 1544.0, 1938.0 ], [ 1547.0, 1932.0 ], [ 1544.0, 1922.0 ], [ 1551.0, 1912.0 ], [ 1537.0, 1911.0 ], [ 1532.0, 1906.0 ] ], [ [ 1531.0, 1914.0 ], [ 1538.0, 1917.0 ], [ 1538.0, 1920.0 ], [ 1541.0, 1922.0 ], [ 1539.0, 1927.0 ], [ 1534.0, 1928.0 ], [ 1530.0, 1925.0 ], [ 1528.0, 1916.0 ], [ 1531.0, 1914.0 ] ] ] } },
{ "type": "Feature", "properties": { "layer": "vegetation" }, "geometry": { "type": "Polygon", "coordinates": [ [ [ 1396.0, 1925.0 ], [ 1392.0, 1927.0 ], [ 1397.0, 1930.0 ], [ 1396.0, 1938.0 ], [ 1399.0, 1940.0 ], [ 1399.0, 1943.0 ], [ 1395.0, 1945.0 ], [ 1396.0, 1947.0 ], [ 1404.0, 1946.0 ], [ 1408.0, 1942.0 ], [ 1413.0, 1947.0 ], [ 1417.0, 1945.0 ], [ 1410.0, 1938.0 ], [ 1410.0, 1934.0 ], [ 1415.0, 1931.0 ], [ 1414.0, 1927.0 ], [ 1411.0, 1927.0 ], [ 1406.0, 1932.0 ], [ 1399.0, 1930.0 ], [ 1396.0, 1925.0 ] ] ] } },
{ "type": "Feature", "properties": { "layer": "vegetation" }, "geometry": { "type": "Polygon", "coordinates": [ [ [ 353.0, 1941.0 ], [ 352.0, 1945.0 ], [ 356.0, 1947.0 ], [ 356.0, 1956.0 ], [ 350.0, 1959.0 ], [ 351.0, 1962.0 ], [ 357.0, 1957.0 ], [ 361.0, 1960.0 ], [ 369.0, 1956.0 ], [ 375.0, 1961.0 ], [ 379.0, 1959.0 ], [ 379.0, 1952.0 ], [ 383.0, 1948.0 ], [ 378.0, 1945.0 ], [ 377.0, 1941.0 ], [ 370.0, 1948.0 ], [ 353.0, 1941.0 ] ] ] } },
{ "type": "Feature", "properties": { "layer": "vegetation" }, "geometry": { "type": "Polygon", "coordinates": [ [ [ 1558.0, 1931.0 ], [ 1557.0, 1934.0 ], [ 1565.0, 1941.0 ], [ 1568.0, 1952.0 ], [ 1571.0, 1955.0 ], [ 1578.0, 1955.0 ], [ 1582.0, 1960.0 ], [ 1585.0, 1956.0 ], [ 1589.0, 1955.0 ], [ 1594.0, 1959.0 ], [ 1597.0, 1967.0 ], [ 1604.0, 1965.0 ], [ 1597.0, 1959.0 ], [ 1598.0, 1955.0 ], [ 1596.0, 1953.0 ], [ 1580.0, 1949.0 ], [ 1569.0, 1931.0 ], [ 1565.0, 1934.0 ], [ 1558.0, 1931.0 ] ] ] } },
{ "type": "Feature", "properties": { "layer": "vegetation" }, "geometry": { "type": "Polygon", "coordinates": [ [ [ 1433.0, 1894.0 ], [ 1430.0, 1896.0 ], [ 1431.0, 1898.0 ], [ 1447.0, 1907.0 ], [ 1447.0, 1913.0 ], [ 1444.0, 1915.0 ], [ 1440.0, 1914.0 ], [ 1433.0, 1924.0 ], [ 1434.0, 1931.0 ], [ 1439.0, 1934.0 ], [ 1438.0, 1942.0 ], [ 1447.0, 1945.0 ], [ 1447.0, 1939.0 ], [ 1453.0, 1936.0 ], [ 1459.0, 1945.0 ], [ 1467.0, 1944.0 ], [ 1470.0, 1952.0 ], [ 1463.0, 1958.0 ], [ 1458.0, 1957.0 ], [ 1456.0, 1962.0 ], [ 1463.0, 1961.0 ], [ 1467.0, 1963.0 ], [ 1469.0, 1970.0 ], [ 1473.0, 1967.0 ], [ 1480.0, 1969.0 ], [ 1479.0, 1963.0 ], [ 1485.0, 1956.0 ], [ 1486.0, 1948.0 ], [ 1490.0, 1946.0 ], [ 1487.0, 1944.0 ], [ 1487.0, 1941.0 ], [ 1493.0, 1940.0 ], [ 1494.0, 1944.0 ], [ 1491.0, 1946.0 ], [ 1494.0, 1948.0 ], [ 1499.0, 1944.0 ], [ 1498.0, 1932.0 ], [ 1489.0, 1928.0 ], [ 1489.0, 1922.0 ], [ 1482.0, 1914.0 ], [ 1478.0, 1915.0 ], [ 1475.0, 1912.0 ], [ 1469.0, 1918.0 ], [ 1459.0, 1914.0 ], [ 1456.0, 1916.0 ], [ 1455.0, 1921.0 ], [ 1449.0, 1920.0 ], [ 1449.0, 1917.0 ], [ 1453.0, 1915.0 ], [ 1452.0, 1906.0 ], [ 1455.0, 1905.0 ], [ 1459.0, 1908.0 ], [ 1468.0, 1903.0 ], [ 1467.0, 1894.0 ], [ 1461.0, 1902.0 ], [ 1449.0, 1896.0 ], [ 1443.0, 1896.0 ], [ 1438.0, 1899.0 ], [ 1433.0, 1894.0 ] ], [ [ 1443.0, 1917.0 ], [ 1447.0, 1919.0 ], [ 1448.0, 1924.0 ], [ 1456.0, 1927.0 ], [ 1456.0, 1935.0 ], [ 1451.0, 1935.0 ], [ 1448.0, 1930.0 ], [ 1443.0, 1932.0 ], [ 1439.0, 1930.0 ], [ 1438.0, 1922.0 ], [ 1443.0, 1917.0 ] ], [ [ 1478.0, 1920.0 ], [ 1483.0, 1922.0 ], [ 1485.0, 1925.0 ], [ 1484.0, 1929.0 ], [ 1480.0, 1930.0 ], [ 1477.0, 1928.0 ], [ 1475.0, 1922.0 ], [ 1478.0, 1920.0 ] ], [ [ 1468.0, 1922.0 ], [ 1474.0, 1924.0 ], [ 1474.0, 1929.0 ], [ 1471.0, 1931.0 ], [ 1465.0, 1927.0 ], [ 1465.0, 1924.0 ], [ 1468.0, 1922.0 ] ], [ [ 1481.0, 1934.0 ], [ 1487.0, 1938.0 ], [ 1487.0, 1941.0 ], [ 1484.0, 1943.0 ], [ 1475.0, 1942.0 ], [ 1474.0, 1937.0 ], [ 1481.0, 1934.0 ] ] ] } },
{ "type": "Feature", "properties": { "layer": "vegetation" }, "geometry": { "type": "Polygon", "coordinates": [ [ [ 185.0, 1903.0 ], [ 180.0, 1927.0 ], [ 175.0, 1930.0 ], [ 167.0, 1930.0 ], [ 172.0, 1935.0 ], [ 169.0, 1944.0 ], [ 170.0, 1951.0 ], [ 175.0, 1956.0 ], [ 173.0, 1961.0 ], [ 166.0, 1961.0 ], [ 168.0, 1971.0 ], [ 174.0, 1970.0 ], [ 172.0, 1963.0 ], [ 184.0, 1951.0 ], [ 184.0, 1946.0 ], [ 179.0, 1947.0 ], [ 176.0, 1945.0 ], [ 176.0, 1942.0 ], [ 184.0, 1939.0 ], [ 186.0, 1934.0 ], [ 192.0, 1934.0 ], [ 194.0, 1931.0 ], [ 192.0, 1929.0 ], [ 188.0, 1932.0 ], [ 184.0, 1929.0 ], [ 186.0, 1925.0 ], [ 184.0, 1920.0 ], [ 186.0, 1918.0 ], [ 189.0, 1917.0 ], [ 193.0, 1920.0 ], [ 194.0, 1924.0 ], [ 196.0, 1923.0 ], [ 195.0, 1917.0 ], [ 190.0, 1913.0 ], [ 185.0, 1903.0 ] ] ] } },
{ "type": "Feature", "properties": { "layer": "vegetation" }, "geometry": { "type": "Polygon", "coordinates": [ [ [ 1510.0, 1964.0 ], [ 1506.0, 1968.0 ], [ 1501.0, 1968.0 ], [ 1496.0, 1973.0 ], [ 1489.0, 1968.0 ], [ 1486.0, 1971.0 ], [ 1486.0, 1976.0 ], [ 1483.0, 1977.0 ], [ 1478.0, 1973.0 ], [ 1477.0, 1977.0 ], [ 1486.0, 1980.0 ], [ 1489.0, 1977.0 ], [ 1495.0, 1976.0 ], [ 1500.0, 1983.0 ], [ 1504.0, 1978.0 ], [ 1504.0, 1972.0 ], [ 1510.0, 1969.0 ], [ 1518.0, 1972.0 ], [ 1521.0, 1970.0 ], [ 1520.0, 1968.0 ], [ 1514.0, 1968.0 ], [ 1510.0, 1964.0 ] ] ] } },
{ "type": "Feature", "properties": { "layer": "vegetation" }, "geometry": { "type": "Polygon", "coordinates": [ [ [ 1029.0, 1894.0 ], [ 1022.0, 1901.0 ], [ 1025.0, 1904.0 ], [ 1025.0, 1908.0 ], [ 1021.0, 1911.0 ], [ 1013.0, 1911.0 ], [ 1016.0, 1916.0 ], [ 1015.0, 1921.0 ], [ 1008.0, 1923.0 ], [ 1004.0, 1928.0 ], [ 999.0, 1923.0 ], [ 996.0, 1924.0 ], [ 997.0, 1928.0 ], [ 994.0, 1931.0 ], [ 995.0, 1942.0 ], [ 992.0, 1944.0 ], [ 994.0, 1946.0 ], [ 992.0, 1953.0 ], [ 993.0, 1962.0 ], [ 989.0, 1966.0 ], [ 991.0, 1970.0 ], [ 993.0, 1964.0 ], [ 998.0, 1962.0 ], [ 1007.0, 1970.0 ], [ 1009.0, 1965.0 ], [ 1013.0, 1963.0 ], [ 1017.0, 1966.0 ], [ 1019.0, 1974.0 ], [ 1023.0, 1969.0 ], [ 1028.0, 1969.0 ], [ 1029.0, 1973.0 ], [ 1027.0, 1975.0 ], [ 1031.0, 1977.0 ], [ 1028.0, 1983.0 ], [ 1031.0, 1985.0 ], [ 1031.0, 1988.0 ], [ 1023.0, 1992.0 ], [ 1020.0, 1990.0 ], [ 1020.0, 1985.0 ], [ 1017.0, 1987.0 ], [ 1017.0, 1992.0 ], [ 1021.0, 1992.0 ], [ 1024.0, 1995.0 ], [ 1029.0, 1995.0 ], [ 1032.0, 1992.0 ], [ 1035.0, 1993.0 ], [ 1037.0, 1983.0 ], [ 1041.0, 1981.0 ], [ 1046.0, 1986.0 ], [ 1048.0, 1980.0 ], [ 1043.0, 1977.0 ], [ 1042.0, 1970.0 ], [ 1037.0, 1976.0 ], [ 1032.0, 1976.0 ], [ 1033.0, 1965.0 ], [ 1026.0, 1965.0 ], [ 1025.0, 1957.0 ], [ 1019.0, 1962.0 ], [ 1013.0, 1958.0 ], [ 1009.0, 1961.0 ], [ 1003.0, 1960.0 ], [ 1002.0, 1955.0 ], [ 1005.0, 1953.0 ], [ 1005.0, 1945.0 ], [ 1002.0, 1943.0 ], [ 1002.0, 1935.0 ], [ 1008.0, 1932.0 ], [ 1011.0, 1927.0 ], [ 1016.0, 1926.0 ], [ 1020.0, 1918.0 ], [ 1023.0, 1917.0 ], [ 1027.0, 1920.0 ], [ 1029.0, 1913.0 ], [ 1034.0, 1911.0 ], [ 1035.0, 1907.0 ], [ 1039.0, 1904.0 ], [ 1032.0, 1901.0 ], [ 1029.0, 1894.0 ] ] ] } },
{ "type": "Feature", "properties": { "layer": "vegetation" }, "geometry": { "type": "Polygon", "coordinates": [ [ [ 1337.0, 1972.0 ], [ 1333.0, 1976.0 ], [ 1327.0, 1975.0 ], [ 1324.0, 1978.0 ], [ 1316.0, 1976.0 ], [ 1317.0, 1981.0 ], [ 1321.0, 1980.0 ], [ 1324.0, 1982.0 ], [ 1324.0, 1985.0 ], [ 1321.0, 1987.0 ], [ 1316.0, 1985.0 ], [ 1311.0, 1988.0 ], [ 1304.0, 1984.0 ], [ 1300.0, 1991.0 ], [ 1293.0, 1992.0 ], [ 1292.0, 1995.0 ], [ 1295.0, 1996.0 ], [ 1294.0, 2004.0 ], [ 1304.0, 2007.0 ], [ 1310.0, 1999.0 ], [ 1316.0, 2004.0 ], [ 1322.0, 1998.0 ], [ 1323.0, 1989.0 ], [ 1334.0, 1980.0 ], [ 1340.0, 1982.0 ], [ 1339.0, 1990.0 ], [ 1334.0, 1994.0 ], [ 1340.0, 1995.0 ], [ 1347.0, 1989.0 ], [ 1347.0, 1983.0 ], [ 1340.0, 1980.0 ], [ 1340.0, 1973.0 ], [ 1337.0, 1972.0 ] ], [ [ 1301.0, 1996.0 ], [ 1305.0, 1998.0 ], [ 1305.0, 2002.0 ], [ 1302.0, 2004.0 ], [ 1297.0, 2002.0 ], [ 1297.0, 1999.0 ], [ 1301.0, 1996.0 ] ] ] } },
{ "type": "Feature", "properties": { "layer": "vegetation" }, "geometry": { "type": "Polygon", "coordinates": [ [ [ 402.0, 1977.0 ], [ 395.0, 1983.0 ], [ 388.0, 1981.0 ], [ 387.0, 1984.0 ], [ 392.0, 1986.0 ], [ 394.0, 1991.0 ], [ 400.0, 1992.0 ], [ 398.0, 2000.0 ], [ 404.0, 2003.0 ], [ 401.0, 2010.0 ], [ 408.0, 2014.0 ], [ 413.0, 2008.0 ], [ 405.0, 2003.0 ], [ 405.0, 1999.0 ], [ 410.0, 1995.0 ], [ 415.0, 1997.0 ], [ 416.0, 1991.0 ], [ 412.0, 1992.0 ], [ 406.0, 1987.0 ], [ 402.0, 1987.0 ], [ 401.0, 1982.0 ], [ 404.0, 1979.0 ], [ 402.0, 1977.0 ] ] ] } },
{ "type": "Feature", "properties": { "layer": "vegetation" }, "geometry": { "type": "Polygon", "coordinates": [ [ [ 1546.0, 2017.0 ], [ 1540.0, 2026.0 ], [ 1536.0, 2028.0 ], [ 1536.0, 2031.0 ], [ 1539.0, 2036.0 ], [ 1544.0, 2034.0 ], [ 1550.0, 2039.0 ], [ 1551.0, 2034.0 ], [ 1557.0, 2029.0 ], [ 1549.0, 2026.0 ], [ 1549.0, 2023.0 ], [ 1555.0, 2019.0 ], [ 1553.0, 2017.0 ], [ 1546.0, 2017.0 ] ] ] } },
{ "type": "Feature", "properties": { "layer": "vegetation" }, "geometry": { "type": "Polygon", "coordinates": [ [ [ 1112.0, 1981.0 ], [ 1108.0, 1986.0 ], [ 1111.0, 1988.0 ], [ 1110.0, 2001.0 ], [ 1114.0, 2007.0 ], [ 1115.0, 2016.0 ], [ 1128.0, 2029.0 ], [ 1132.0, 2029.0 ], [ 1134.0, 2035.0 ], [ 1137.0, 2031.0 ], [ 1142.0, 2031.0 ], [ 1143.0, 2040.0 ], [ 1148.0, 2036.0 ], [ 1152.0, 2037.0 ], [ 1154.0, 2035.0 ], [ 1160.0, 2040.0 ], [ 1164.0, 2036.0 ], [ 1164.0, 2031.0 ], [ 1168.0, 2025.0 ], [ 1166.0, 2019.0 ], [ 1169.0, 2017.0 ], [ 1173.0, 2019.0 ], [ 1175.0, 2027.0 ], [ 1178.0, 2027.0 ], [ 1178.0, 2014.0 ], [ 1183.0, 2010.0 ], [ 1177.0, 2007.0 ], [ 1179.0, 1997.0 ], [ 1186.0, 1997.0 ], [ 1189.0, 2005.0 ], [ 1193.0, 2000.0 ], [ 1199.0, 1999.0 ], [ 1198.0, 1989.0 ], [ 1195.0, 1989.0 ], [ 1194.0, 1994.0 ], [ 1190.0, 1996.0 ], [ 1185.0, 1988.0 ], [ 1177.0, 1985.0 ], [ 1176.0, 1988.0 ], [ 1182.0, 1989.0 ], [ 1183.0, 1994.0 ], [ 1175.0, 1997.0 ], [ 1172.0, 1995.0 ], [ 1172.0, 1988.0 ], [ 1168.0, 1990.0 ], [ 1163.0, 1985.0 ], [ 1155.0, 1984.0 ], [ 1152.0, 1988.0 ], [ 1158.0, 1990.0 ], [ 1159.0, 1997.0 ], [ 1155.0, 1999.0 ], [ 1153.0, 2004.0 ], [ 1142.0, 2006.0 ], [ 1146.0, 2013.0 ], [ 1140.0, 2018.0 ], [ 1141.0, 2023.0 ], [ 1135.0, 2026.0 ], [ 1130.0, 2023.0 ], [ 1130.0, 2020.0 ], [ 1135.0, 2018.0 ], [ 1136.0, 2014.0 ], [ 1129.0, 2015.0 ], [ 1126.0, 2013.0 ], [ 1126.0, 2008.0 ], [ 1131.0, 2007.0 ], [ 1138.0, 1996.0 ], [ 1136.0, 1993.0 ], [ 1132.0, 1994.0 ], [ 1129.0, 1992.0 ], [ 1134.0, 1982.0 ], [ 1129.0, 1981.0 ], [ 1127.0, 1986.0 ], [ 1118.0, 1991.0 ], [ 1115.0, 1989.0 ], [ 1118.0, 1983.0 ], [ 1112.0, 1981.0 ] ], [ [ 1124.0, 1995.0 ], [ 1128.0, 1996.0 ], [ 1129.0, 2000.0 ], [ 1121.0, 2008.0 ], [ 1118.0, 2006.0 ], [ 1118.0, 2003.0 ], [ 1124.0, 1995.0 ] ], [ [ 1165.0, 2002.0 ], [ 1173.0, 2007.0 ], [ 1173.0, 2012.0 ], [ 1169.0, 2015.0 ], [ 1160.0, 2012.0 ], [ 1159.0, 2014.0 ], [ 1162.0, 2016.0 ], [ 1164.0, 2024.0 ], [ 1154.0, 2030.0 ], [ 1147.0, 2029.0 ], [ 1145.0, 2023.0 ], [ 1152.0, 2017.0 ], [ 1153.0, 2009.0 ], [ 1165.0, 2002.0 ] ] ] } },
{ "type": "Feature", "properties": { "layer": "vegetation" }, "geometry": { "type": "Polygon", "coordinates": [ [ [ 1760.0, 2027.0 ], [ 1759.0, 2033.0 ], [ 1749.0, 2035.0 ], [ 1746.0, 2038.0 ], [ 1746.0, 2042.0 ], [ 1743.0, 2044.0 ], [ 1744.0, 2047.0 ], [ 1750.0, 2040.0 ], [ 1758.0, 2036.0 ], [ 1762.0, 2038.0 ], [ 1760.0, 2046.0 ], [ 1764.0, 2044.0 ], [ 1768.0, 2046.0 ], [ 1775.0, 2043.0 ], [ 1775.0, 2033.0 ], [ 1773.0, 2032.0 ], [ 1768.0, 2035.0 ], [ 1764.0, 2032.0 ], [ 1765.0, 2028.0 ], [ 1760.0, 2027.0 ] ] ] } },
{ "type": "Feature", "properties": { "layer": "vegetation" }, "geometry": { "type": "Polygon", "coordinates": [ [ [ 1691.0, 2026.0 ], [ 1689.0, 2028.0 ], [ 1685.0, 2027.0 ], [ 1680.0, 2031.0 ], [ 1686.0, 2050.0 ], [ 1693.0, 2044.0 ], [ 1689.0, 2040.0 ], [ 1689.0, 2034.0 ], [ 1692.0, 2032.0 ], [ 1697.0, 2034.0 ], [ 1700.0, 2030.0 ], [ 1691.0, 2026.0 ] ] ] } },
{ "type": "Feature", "properties": { "layer": "vegetation" }, "geometry": { "type": "Polygon", "coordinates": [ [ [ 427.0, 1965.0 ], [ 417.0, 1969.0 ], [ 415.0, 1978.0 ], [ 412.0, 1981.0 ], [ 416.0, 1985.0 ], [ 417.0, 1990.0 ], [ 423.0, 1986.0 ], [ 430.0, 1989.0 ], [ 430.0, 1994.0 ], [ 422.0, 1997.0 ], [ 425.0, 2006.0 ], [ 429.0, 2000.0 ], [ 437.0, 1997.0 ], [ 443.0, 2004.0 ], [ 444.0, 2009.0 ], [ 441.0, 2011.0 ], [ 436.0, 2009.0 ], [ 428.0, 2017.0 ], [ 420.0, 2014.0 ], [ 419.0, 2016.0 ], [ 424.0, 2020.0 ], [ 427.0, 2019.0 ], [ 431.0, 2022.0 ], [ 431.0, 2027.0 ], [ 427.0, 2029.0 ], [ 423.0, 2024.0 ], [ 420.0, 2025.0 ], [ 423.0, 2031.0 ], [ 419.0, 2034.0 ], [ 415.0, 2032.0 ], [ 419.0, 2025.0 ], [ 415.0, 2022.0 ], [ 411.0, 2023.0 ], [ 409.0, 2028.0 ], [ 410.0, 2034.0 ], [ 414.0, 2036.0 ], [ 414.0, 2044.0 ], [ 408.0, 2049.0 ], [ 414.0, 2051.0 ], [ 416.0, 2058.0 ], [ 421.0, 2055.0 ], [ 429.0, 2058.0 ], [ 431.0, 2053.0 ], [ 441.0, 2050.0 ], [ 443.0, 2043.0 ], [ 453.0, 2039.0 ], [ 451.0, 2018.0 ], [ 448.0, 2016.0 ], [ 444.0, 2022.0 ], [ 440.0, 2022.0 ], [ 436.0, 2018.0 ], [ 437.0, 2014.0 ], [ 442.0, 2014.0 ], [ 451.0, 2005.0 ], [ 453.0, 1992.0 ], [ 447.0, 1988.0 ], [ 447.0, 1993.0 ], [ 443.0, 1995.0 ], [ 432.0, 1985.0 ], [ 431.0, 1981.0 ], [ 427.0, 1984.0 ], [ 422.0, 1981.0 ], [ 421.0, 1973.0 ], [ 425.0, 1970.0 ], [ 431.0, 1970.0 ], [ 430.0, 1966.0 ], [ 427.0, 1965.0 ] ], [ [ 427.0, 2032.0 ], [ 434.0, 2036.0 ], [ 434.0, 2045.0 ], [ 431.0, 2047.0 ], [ 424.0, 2046.0 ], [ 419.0, 2042.0 ], [ 419.0, 2039.0 ], [ 427.0, 2032.0 ] ] ] } },
{ "type": "Feature", "properties": { "layer": "vegetation" }, "geometry": { "type": "Polygon", "coordinates": [ [ [ 1689.0, 2053.0 ], [ 1686.0, 2056.0 ], [ 1688.0, 2063.0 ], [ 1685.0, 2065.0 ], [ 1679.0, 2065.0 ], [ 1678.0, 2059.0 ], [ 1673.0, 2060.0 ], [ 1673.0, 2071.0 ], [ 1679.0, 2070.0 ], [ 1683.0, 2075.0 ], [ 1687.0, 2075.0 ], [ 1686.0, 2068.0 ], [ 1689.0, 2065.0 ], [ 1699.0, 2066.0 ], [ 1694.0, 2061.0 ], [ 1692.0, 2054.0 ], [ 1689.0, 2053.0 ] ] ] } },
{ "type": "Feature", "properties": { "layer": "vegetation" }, "geometry": { "type": "Polygon", "coordinates": [ [ [ 233.0, 2015.0 ], [ 232.0, 2019.0 ], [ 224.0, 2025.0 ], [ 220.0, 2024.0 ], [ 217.0, 2018.0 ], [ 209.0, 2021.0 ], [ 211.0, 2024.0 ], [ 215.0, 2023.0 ], [ 218.0, 2025.0 ], [ 220.0, 2032.0 ], [ 218.0, 2041.0 ], [ 212.0, 2042.0 ], [ 206.0, 2038.0 ], [ 205.0, 2029.0 ], [ 202.0, 2028.0 ], [ 195.0, 2036.0 ], [ 204.0, 2041.0 ], [ 202.0, 2049.0 ], [ 192.0, 2052.0 ], [ 187.0, 2048.0 ], [ 189.0, 2044.0 ], [ 187.0, 2042.0 ], [ 180.0, 2052.0 ], [ 175.0, 2052.0 ], [ 170.0, 2057.0 ], [ 167.0, 2062.0 ], [ 176.0, 2070.0 ], [ 175.0, 2077.0 ], [ 180.0, 2076.0 ], [ 185.0, 2082.0 ], [ 187.0, 2081.0 ], [ 185.0, 2076.0 ], [ 189.0, 2073.0 ], [ 182.0, 2072.0 ], [ 181.0, 2065.0 ], [ 190.0, 2054.0 ], [ 194.0, 2053.0 ], [ 198.0, 2056.0 ], [ 198.0, 2060.0 ], [ 195.0, 2062.0 ], [ 197.0, 2064.0 ], [ 203.0, 2058.0 ], [ 201.0, 2052.0 ], [ 207.0, 2051.0 ], [ 212.0, 2044.0 ], [ 217.0, 2046.0 ], [ 217.0, 2050.0 ], [ 213.0, 2052.0 ], [ 214.0, 2055.0 ], [ 218.0, 2056.0 ], [ 222.0, 2053.0 ], [ 222.0, 2041.0 ], [ 225.0, 2039.0 ], [ 225.0, 2034.0 ], [ 230.0, 2031.0 ], [ 237.0, 2035.0 ], [ 235.0, 2026.0 ], [ 239.0, 2020.0 ], [ 236.0, 2015.0 ], [ 233.0, 2015.0 ] ], [ [ 179.0, 2055.0 ], [ 183.0, 2057.0 ], [ 182.0, 2062.0 ], [ 179.0, 2064.0 ], [ 172.0, 2063.0 ], [ 171.0, 2059.0 ], [ 179.0, 2055.0 ] ] ] } },
{ "type": "Feature", "properties": { "layer": "vegetation" }, "geometry": { "type": "Polygon", "coordinates": [ [ [ 1303.0, 2098.0 ], [ 1300.0, 2101.0 ], [ 1296.0, 2100.0 ], [ 1294.0, 2103.0 ], [ 1295.0, 2106.0 ], [ 1301.0, 2107.0 ], [ 1300.0, 2114.0 ], [ 1310.0, 2124.0 ], [ 1318.0, 2121.0 ], [ 1324.0, 2127.0 ], [ 1325.0, 2118.0 ], [ 1317.0, 2118.0 ], [ 1308.0, 2109.0 ], [ 1304.0, 2108.0 ], [ 1302.0, 2103.0 ], [ 1306.0, 2099.0 ], [ 1303.0, 2098.0 ] ] ] } },
{ "type": "Feature", "properties": { "layer": "vegetation" }, "geometry": { "type": "Polygon", "coordinates": [ [ [ 1008.0, 2116.0 ], [ 1006.0, 2119.0 ], [ 1015.0, 2123.0 ], [ 1015.0, 2129.0 ], [ 1008.0, 2131.0 ], [ 1001.0, 2122.0 ], [ 997.0, 2124.0 ], [ 996.0, 2128.0 ], [ 1002.0, 2131.0 ], [ 1002.0, 2136.0 ], [ 1005.0, 2139.0 ], [ 1010.0, 2140.0 ], [ 1015.0, 2132.0 ], [ 1021.0, 2133.0 ], [ 1022.0, 2130.0 ], [ 1020.0, 2122.0 ], [ 1018.0, 2120.0 ], [ 1014.0, 2121.0 ], [ 1008.0, 2116.0 ] ] ] } },
{ "type": "Feature", "properties": { "layer": "vegetation" }, "geometry": { "type": "Polygon", "coordinates": [ [ [ 1816.0, 2110.0 ], [ 1814.0, 2118.0 ], [ 1809.0, 2123.0 ], [ 1805.0, 2121.0 ], [ 1806.0, 2113.0 ], [ 1803.0, 2113.0 ], [ 1802.0, 2125.0 ], [ 1797.0, 2128.0 ], [ 1795.0, 2140.0 ], [ 1810.0, 2130.0 ], [ 1810.0, 2124.0 ], [ 1816.0, 2123.0 ], [ 1816.0, 2118.0 ], [ 1819.0, 2116.0 ], [ 1819.0, 2111.0 ], [ 1816.0, 2110.0 ] ] ] } },
{ "type": "Feature", "properties": { "layer": "vegetation" }, "geometry": { "type": "Polygon", "coordinates": [ [ [ 537.0, 2109.0 ], [ 540.0, 2121.0 ], [ 536.0, 2125.0 ], [ 546.0, 2135.0 ], [ 547.0, 2146.0 ], [ 550.0, 2149.0 ], [ 551.0, 2144.0 ], [ 554.0, 2142.0 ], [ 550.0, 2139.0 ], [ 550.0, 2136.0 ], [ 560.0, 2127.0 ], [ 559.0, 2122.0 ], [ 557.0, 2120.0 ], [ 553.0, 2123.0 ], [ 544.0, 2121.0 ], [ 543.0, 2115.0 ], [ 546.0, 2112.0 ], [ 537.0, 2109.0 ] ] ] } },
{ "type": "Feature", "properties": { "layer": "vegetation" }, "geometry": { "type": "Polygon", "coordinates": [ [ [ 981.0, 2131.0 ], [ 978.0, 2134.0 ], [ 972.0, 2132.0 ], [ 970.0, 2142.0 ], [ 976.0, 2143.0 ], [ 981.0, 2149.0 ], [ 987.0, 2148.0 ], [ 988.0, 2153.0 ], [ 986.0, 2155.0 ], [ 989.0, 2156.0 ], [ 993.0, 2145.0 ], [ 984.0, 2141.0 ], [ 983.0, 2132.0 ], [ 981.0, 2131.0 ] ] ] } },
{ "type": "Feature", "properties": { "layer": "vegetation" }, "geometry": { "type": "Polygon", "coordinates": [ [ [ 1774.0, 2114.0 ], [ 1767.0, 2119.0 ], [ 1776.0, 2121.0 ], [ 1777.0, 2130.0 ], [ 1773.0, 2132.0 ], [ 1775.0, 2143.0 ], [ 1771.0, 2145.0 ], [ 1768.0, 2142.0 ], [ 1762.0, 2144.0 ], [ 1759.0, 2141.0 ], [ 1753.0, 2141.0 ], [ 1755.0, 2146.0 ], [ 1761.0, 2144.0 ], [ 1768.0, 2148.0 ], [ 1768.0, 2152.0 ], [ 1764.0, 2154.0 ], [ 1765.0, 2157.0 ], [ 1769.0, 2154.0 ], [ 1774.0, 2156.0 ], [ 1781.0, 2152.0 ], [ 1778.0, 2148.0 ], [ 1778.0, 2145.0 ], [ 1781.0, 2143.0 ], [ 1777.0, 2140.0 ], [ 1778.0, 2135.0 ], [ 1781.0, 2134.0 ], [ 1787.0, 2140.0 ], [ 1789.0, 2139.0 ], [ 1787.0, 2137.0 ], [ 1787.0, 2126.0 ], [ 1781.0, 2124.0 ], [ 1782.0, 2117.0 ], [ 1774.0, 2114.0 ] ] ] } },
{ "type": "Feature", "properties": { "layer": "vegetation" }, "geometry": { "type": "Polygon", "coordinates": [ [ [ 521.0, 2135.0 ], [ 508.0, 2152.0 ], [ 513.0, 2151.0 ], [ 518.0, 2155.0 ], [ 523.0, 2155.0 ], [ 528.0, 2151.0 ], [ 522.0, 2146.0 ], [ 522.0, 2143.0 ], [ 526.0, 2141.0 ], [ 529.0, 2144.0 ], [ 533.0, 2144.0 ], [ 536.0, 2148.0 ], [ 533.0, 2156.0 ], [ 534.0, 2159.0 ], [ 539.0, 2158.0 ], [ 545.0, 2163.0 ], [ 548.0, 2156.0 ], [ 537.0, 2146.0 ], [ 538.0, 2140.0 ], [ 532.0, 2141.0 ], [ 526.0, 2136.0 ], [ 521.0, 2135.0 ] ] ] } },
{ "type": "Feature", "properties": { "layer": "vegetation" }, "geometry": { "type": "Polygon", "coordinates": [ [ [ 1906.0, 2145.0 ], [ 1903.0, 2149.0 ], [ 1892.0, 2152.0 ], [ 1891.0, 2160.0 ], [ 1886.0, 2163.0 ], [ 1886.0, 2170.0 ], [ 1889.0, 2174.0 ], [ 1894.0, 2168.0 ], [ 1892.0, 2163.0 ], [ 1895.0, 2161.0 ], [ 1902.0, 2162.0 ], [ 1906.0, 2167.0 ], [ 1904.0, 2172.0 ], [ 1908.0, 2171.0 ], [ 1908.0, 2164.0 ], [ 1904.0, 2162.0 ], [ 1904.0, 2156.0 ], [ 1909.0, 2155.0 ], [ 1911.0, 2151.0 ], [ 1906.0, 2145.0 ] ] ] } },
{ "type": "Feature", "properties": { "layer": "vegetation" }, "geometry": { "type": "Polygon", "coordinates": [ [ [ 1101.0, 2075.0 ], [ 1095.0, 2080.0 ], [ 1096.0, 2085.0 ], [ 1091.0, 2091.0 ], [ 1096.0, 2094.0 ], [ 1097.0, 2098.0 ], [ 1100.0, 2096.0 ], [ 1105.0, 2098.0 ], [ 1106.0, 2091.0 ], [ 1110.0, 2089.0 ], [ 1117.0, 2090.0 ], [ 1120.0, 2099.0 ], [ 1115.0, 2103.0 ], [ 1111.0, 2102.0 ], [ 1109.0, 2106.0 ], [ 1117.0, 2107.0 ], [ 1120.0, 2110.0 ], [ 1120.0, 2114.0 ], [ 1115.0, 2119.0 ], [ 1104.0, 2120.0 ], [ 1101.0, 2125.0 ], [ 1095.0, 2125.0 ], [ 1090.0, 2129.0 ], [ 1092.0, 2134.0 ], [ 1100.0, 2135.0 ], [ 1101.0, 2140.0 ], [ 1096.0, 2148.0 ], [ 1090.0, 2149.0 ], [ 1089.0, 2155.0 ], [ 1094.0, 2158.0 ], [ 1096.0, 2154.0 ], [ 1104.0, 2152.0 ], [ 1108.0, 2155.0 ], [ 1108.0, 2161.0 ], [ 1104.0, 2164.0 ], [ 1098.0, 2161.0 ], [ 1099.0, 2165.0 ], [ 1107.0, 2167.0 ], [ 1113.0, 2162.0 ], [ 1119.0, 2162.0 ], [ 1122.0, 2164.0 ], [ 1122.0, 2171.0 ], [ 1125.0, 2175.0 ], [ 1130.0, 2177.0 ], [ 1135.0, 2173.0 ], [ 1139.0, 2175.0 ], [ 1140.0, 2170.0 ], [ 1138.0, 2168.0 ], [ 1135.0, 2169.0 ], [ 1127.0, 2164.0 ], [ 1127.0, 2161.0 ], [ 1132.0, 2157.0 ], [ 1119.0, 2158.0 ], [ 1116.0, 2146.0 ], [ 1108.0, 2142.0 ], [ 1109.0, 2137.0 ], [ 1115.0, 2138.0 ], [ 1122.0, 2132.0 ], [ 1129.0, 2132.0 ], [ 1131.0, 2130.0 ], [ 1129.0, 2120.0 ], [ 1127.0, 2121.0 ], [ 1127.0, 2128.0 ], [ 1121.0, 2128.0 ], [ 1115.0, 2133.0 ], [ 1110.0, 2130.0 ], [ 1109.0, 2124.0 ], [ 1114.0, 2121.0 ], [ 1118.0, 2122.0 ], [ 1125.0, 2115.0 ], [ 1121.0, 2111.0 ], [ 1121.0, 2105.0 ], [ 1126.0, 2100.0 ], [ 1132.0, 2100.0 ], [ 1132.0, 2096.0 ], [ 1136.0, 2094.0 ], [ 1134.0, 2092.0 ], [ 1136.0, 2087.0 ], [ 1133.0, 2085.0 ], [ 1128.0, 2090.0 ], [ 1125.0, 2088.0 ], [ 1126.0, 2080.0 ], [ 1124.0, 2078.0 ], [ 1118.0, 2084.0 ], [ 1114.0, 2081.0 ], [ 1114.0, 2077.0 ], [ 1111.0, 2076.0 ], [ 1107.0, 2079.0 ], [ 1110.0, 2087.0 ], [ 1100.0, 2091.0 ], [ 1097.0, 2089.0 ], [ 1097.0, 2085.0 ], [ 1104.0, 2080.0 ], [ 1101.0, 2075.0 ] ] ] } },
{ "type": "Feature", "properties": { "layer": "vegetation" }, "geometry": { "type": "Polygon", "coordinates": [ [ [ 1870.0, 2121.0 ], [ 1866.0, 2125.0 ], [ 1861.0, 2124.0 ], [ 1859.0, 2132.0 ], [ 1868.0, 2139.0 ], [ 1876.0, 2138.0 ], [ 1877.0, 2145.0 ], [ 1873.0, 2147.0 ], [ 1875.0, 2149.0 ], [ 1873.0, 2154.0 ], [ 1870.0, 2155.0 ], [ 1865.0, 2151.0 ], [ 1863.0, 2152.0 ], [ 1865.0, 2157.0 ], [ 1860.0, 2162.0 ], [ 1861.0, 2173.0 ], [ 1853.0, 2181.0 ], [ 1856.0, 2185.0 ], [ 1858.0, 2184.0 ], [ 1858.0, 2178.0 ], [ 1862.0, 2176.0 ], [ 1865.0, 2178.0 ], [ 1862.0, 2185.0 ], [ 1867.0, 2184.0 ], [ 1871.0, 2186.0 ], [ 1869.0, 2176.0 ], [ 1875.0, 2172.0 ], [ 1867.0, 2169.0 ], [ 1866.0, 2163.0 ], [ 1874.0, 2159.0 ], [ 1879.0, 2161.0 ], [ 1881.0, 2159.0 ], [ 1880.0, 2152.0 ], [ 1883.0, 2150.0 ], [ 1881.0, 2148.0 ], [ 1881.0, 2138.0 ], [ 1873.0, 2131.0 ], [ 1873.0, 2124.0 ], [ 1875.0, 2122.0 ], [ 1870.0, 2121.0 ] ] ] } },
{ "type": "Feature", "properties": { "layer": "vegetation" }, "geometry": { "type": "Polygon", "coordinates": [ [ [ 307.0, 2026.0 ], [ 304.0, 2034.0 ], [ 299.0, 2034.0 ], [ 296.0, 2027.0 ], [ 292.0, 2030.0 ], [ 295.0, 2033.0 ], [ 293.0, 2038.0 ], [ 289.0, 2039.0 ], [ 286.0, 2037.0 ], [ 282.0, 2040.0 ], [ 287.0, 2045.0 ], [ 287.0, 2048.0 ], [ 284.0, 2050.0 ], [ 277.0, 2048.0 ], [ 277.0, 2043.0 ], [ 281.0, 2041.0 ], [ 277.0, 2037.0 ], [ 274.0, 2038.0 ], [ 275.0, 2044.0 ], [ 270.0, 2048.0 ], [ 265.0, 2045.0 ], [ 255.0, 2045.0 ], [ 250.0, 2048.0 ], [ 246.0, 2045.0 ], [ 245.0, 2041.0 ], [ 241.0, 2041.0 ], [ 240.0, 2037.0 ], [ 237.0, 2036.0 ], [ 234.0, 2044.0 ], [ 239.0, 2045.0 ], [ 241.0, 2051.0 ], [ 237.0, 2053.0 ], [ 233.0, 2049.0 ], [ 229.0, 2049.0 ], [ 227.0, 2052.0 ], [ 229.0, 2055.0 ], [ 233.0, 2053.0 ], [ 239.0, 2056.0 ], [ 243.0, 2055.0 ], [ 249.0, 2060.0 ], [ 250.0, 2065.0 ], [ 252.0, 2064.0 ], [ 251.0, 2057.0 ], [ 254.0, 2055.0 ], [ 262.0, 2056.0 ], [ 265.0, 2059.0 ], [ 272.0, 2056.0 ], [ 278.0, 2063.0 ], [ 278.0, 2068.0 ], [ 275.0, 2070.0 ], [ 271.0, 2069.0 ], [ 271.0, 2076.0 ], [ 265.0, 2081.0 ], [ 261.0, 2079.0 ], [ 261.0, 2076.0 ], [ 264.0, 2074.0 ], [ 262.0, 2068.0 ], [ 258.0, 2069.0 ], [ 260.0, 2084.0 ], [ 256.0, 2090.0 ], [ 250.0, 2093.0 ], [ 253.0, 2102.0 ], [ 249.0, 2104.0 ], [ 239.0, 2097.0 ], [ 236.0, 2103.0 ], [ 238.0, 2109.0 ], [ 240.0, 2111.0 ], [ 246.0, 2110.0 ], [ 247.0, 2114.0 ], [ 239.0, 2120.0 ], [ 232.0, 2120.0 ], [ 228.0, 2125.0 ], [ 220.0, 2121.0 ], [ 219.0, 2123.0 ], [ 223.0, 2125.0 ], [ 227.0, 2134.0 ], [ 221.0, 2136.0 ], [ 220.0, 2142.0 ], [ 217.0, 2144.0 ], [ 213.0, 2145.0 ], [ 210.0, 2143.0 ], [ 211.0, 2136.0 ], [ 215.0, 2134.0 ], [ 214.0, 2130.0 ], [ 210.0, 2131.0 ], [ 206.0, 2127.0 ], [ 197.0, 2129.0 ], [ 192.0, 2126.0 ], [ 191.0, 2122.0 ], [ 186.0, 2121.0 ], [ 184.0, 2115.0 ], [ 181.0, 2117.0 ], [ 177.0, 2115.0 ], [ 174.0, 2111.0 ], [ 175.0, 2106.0 ], [ 171.0, 2104.0 ], [ 172.0, 2100.0 ], [ 170.0, 2099.0 ], [ 170.0, 2090.0 ], [ 175.0, 2087.0 ], [ 175.0, 2082.0 ], [ 165.0, 2082.0 ], [ 164.0, 2088.0 ], [ 159.0, 2094.0 ], [ 161.0, 2095.0 ], [ 161.0, 2100.0 ], [ 172.0, 2110.0 ], [ 170.0, 2118.0 ], [ 173.0, 2120.0 ], [ 176.0, 2129.0 ], [ 173.0, 2132.0 ], [ 173.0, 2140.0 ], [ 169.0, 2141.0 ], [ 166.0, 2139.0 ], [ 167.0, 2131.0 ], [ 163.0, 2137.0 ], [ 165.0, 2142.0 ], [ 170.0, 2143.0 ], [ 167.0, 2153.0 ], [ 162.0, 2153.0 ], [ 159.0, 2147.0 ], [ 156.0, 2147.0 ], [ 156.0, 2163.0 ], [ 158.0, 2164.0 ], [ 163.0, 2159.0 ], [ 167.0, 2161.0 ], [ 166.0, 2167.0 ], [ 161.0, 2168.0 ], [ 158.0, 2166.0 ], [ 156.0, 2168.0 ], [ 157.0, 2180.0 ], [ 160.0, 2179.0 ], [ 164.0, 2183.0 ], [ 167.0, 2181.0 ], [ 173.0, 2182.0 ], [ 178.0, 2186.0 ], [ 185.0, 2179.0 ], [ 186.0, 2175.0 ], [ 198.0, 2175.0 ], [ 196.0, 2171.0 ], [ 189.0, 2167.0 ], [ 191.0, 2163.0 ], [ 189.0, 2160.0 ], [ 185.0, 2163.0 ], [ 183.0, 2170.0 ], [ 176.0, 2172.0 ], [ 175.0, 2178.0 ], [ 163.0, 2176.0 ], [ 165.0, 2171.0 ], [ 171.0, 2170.0 ], [ 173.0, 2161.0 ], [ 177.0, 2159.0 ], [ 173.0, 2156.0 ], [ 173.0, 2152.0 ], [ 177.0, 2150.0 ], [ 175.0, 2143.0 ], [ 184.0, 2138.0 ], [ 179.0, 2133.0 ], [ 179.0, 2127.0 ], [ 182.0, 2125.0 ], [ 190.0, 2131.0 ], [ 189.0, 2138.0 ], [ 191.0, 2140.0 ], [ 195.0, 2137.0 ], [ 206.0, 2139.0 ], [ 207.0, 2143.0 ], [ 204.0, 2147.0 ], [ 212.0, 2151.0 ], [ 216.0, 2158.0 ], [ 219.0, 2155.0 ], [ 219.0, 2150.0 ], [ 225.0, 2145.0 ], [ 230.0, 2144.0 ], [ 233.0, 2146.0 ], [ 233.0, 2149.0 ], [ 229.0, 2152.0 ], [ 227.0, 2163.0 ], [ 223.0, 2166.0 ], [ 227.0, 2169.0 ], [ 227.0, 2172.0 ], [ 224.0, 2174.0 ], [ 220.0, 2172.0 ], [ 214.0, 2179.0 ], [ 217.0, 2182.0 ], [ 220.0, 2193.0 ], [ 225.0, 2190.0 ], [ 225.0, 2184.0 ], [ 231.0, 2179.0 ], [ 235.0, 2177.0 ], [ 239.0, 2180.0 ], [ 241.0, 2179.0 ], [ 237.0, 2176.0 ], [ 237.0, 2170.0 ], [ 242.0, 2165.0 ], [ 246.0, 2167.0 ], [ 247.0, 2162.0 ], [ 244.0, 2161.0 ], [ 241.0, 2164.0 ], [ 237.0, 2164.0 ], [ 230.0, 2160.0 ], [ 232.0, 2154.0 ], [ 236.0, 2152.0 ], [ 236.0, 2145.0 ], [ 229.0, 2139.0 ], [ 229.0, 2136.0 ], [ 232.0, 2134.0 ], [ 237.0, 2136.0 ], [ 240.0, 2133.0 ], [ 239.0, 2131.0 ], [ 236.0, 2133.0 ], [ 231.0, 2131.0 ], [ 230.0, 2126.0 ], [ 236.0, 2122.0 ], [ 248.0, 2121.0 ], [ 254.0, 2127.0 ], [ 259.0, 2124.0 ], [ 259.0, 2119.0 ], [ 254.0, 2116.0 ], [ 254.0, 2113.0 ], [ 257.0, 2111.0 ], [ 261.0, 2112.0 ], [ 264.0, 2119.0 ], [ 268.0, 2116.0 ], [ 265.0, 2109.0 ], [ 270.0, 2106.0 ], [ 275.0, 2108.0 ], [ 278.0, 2118.0 ], [ 286.0, 2115.0 ], [ 280.0, 2112.0 ], [ 280.0, 2105.0 ], [ 282.0, 2104.0 ], [ 280.0, 2101.0 ], [ 274.0, 2100.0 ], [ 270.0, 2104.0 ], [ 266.0, 2102.0 ], [ 268.0, 2094.0 ], [ 264.0, 2096.0 ], [ 264.0, 2100.0 ], [ 260.0, 2104.0 ], [ 256.0, 2103.0 ], [ 254.0, 2098.0 ], [ 262.0, 2086.0 ], [ 267.0, 2086.0 ], [ 273.0, 2082.0 ], [ 272.0, 2074.0 ], [ 274.0, 2071.0 ], [ 280.0, 2070.0 ], [ 283.0, 2060.0 ], [ 286.0, 2059.0 ], [ 291.0, 2063.0 ], [ 299.0, 2059.0 ], [ 304.0, 2064.0 ], [ 306.0, 2059.0 ], [ 314.0, 2057.0 ], [ 318.0, 2062.0 ], [ 320.0, 2061.0 ], [ 322.0, 2052.0 ], [ 312.0, 2048.0 ], [ 312.0, 2042.0 ], [ 314.0, 2041.0 ], [ 313.0, 2032.0 ], [ 307.0, 2026.0 ] ], [ [ 304.0, 2036.0 ], [ 308.0, 2038.0 ], [ 304.0, 2049.0 ], [ 300.0, 2051.0 ], [ 294.0, 2048.0 ], [ 293.0, 2044.0 ], [ 295.0, 2041.0 ], [ 304.0, 2036.0 ] ] ] } },
{ "type": "Feature", "properties": { "layer": "vegetation" }, "geometry": { "type": "Polygon", "coordinates": [ [ [ 1740.0, 2161.0 ], [ 1731.0, 2167.0 ], [ 1731.0, 2173.0 ], [ 1727.0, 2175.0 ], [ 1728.0, 2187.0 ], [ 1720.0, 2189.0 ], [ 1717.0, 2193.0 ], [ 1716.0, 2197.0 ], [ 1721.0, 2208.0 ], [ 1728.0, 2207.0 ], [ 1723.0, 2202.0 ], [ 1723.0, 2199.0 ], [ 1726.0, 2197.0 ], [ 1730.0, 2198.0 ], [ 1743.0, 2181.0 ], [ 1734.0, 2176.0 ], [ 1735.0, 2169.0 ], [ 1744.0, 2165.0 ], [ 1740.0, 2161.0 ] ] ] } },
{ "type": "Feature", "properties": { "layer": "vegetation" }, "geometry": { "type": "Polygon", "coordinates": [ [ [ 1364.0, 2203.0 ], [ 1364.0, 2209.0 ], [ 1366.0, 2210.0 ], [ 1369.0, 2206.0 ], [ 1364.0, 2203.0 ] ] ] } },
{ "type": "Feature", "properties": { "layer": "vegetation" }, "geometry": { "type": "Polygon", "coordinates": [ [ [ 269.0, 2159.0 ], [ 265.0, 2163.0 ], [ 256.0, 2161.0 ], [ 253.0, 2167.0 ], [ 256.0, 2169.0 ], [ 262.0, 2168.0 ], [ 264.0, 2173.0 ], [ 268.0, 2170.0 ], [ 272.0, 2172.0 ], [ 274.0, 2179.0 ], [ 267.0, 2183.0 ], [ 270.0, 2186.0 ], [ 270.0, 2190.0 ], [ 265.0, 2191.0 ], [ 261.0, 2197.0 ], [ 269.0, 2202.0 ], [ 267.0, 2210.0 ], [ 269.0, 2216.0 ], [ 275.0, 2220.0 ], [ 281.0, 2220.0 ], [ 284.0, 2217.0 ], [ 288.0, 2218.0 ], [ 289.0, 2211.0 ], [ 295.0, 2208.0 ], [ 292.0, 2205.0 ], [ 291.0, 2197.0 ], [ 294.0, 2195.0 ], [ 295.0, 2186.0 ], [ 300.0, 2181.0 ], [ 297.0, 2176.0 ], [ 290.0, 2180.0 ], [ 286.0, 2178.0 ], [ 286.0, 2174.0 ], [ 290.0, 2170.0 ], [ 285.0, 2163.0 ], [ 280.0, 2163.0 ], [ 276.0, 2166.0 ], [ 269.0, 2159.0 ] ], [ [ 283.0, 2181.0 ], [ 288.0, 2183.0 ], [ 286.0, 2189.0 ], [ 290.0, 2191.0 ], [ 290.0, 2194.0 ], [ 287.0, 2196.0 ], [ 283.0, 2194.0 ], [ 284.0, 2190.0 ], [ 279.0, 2187.0 ], [ 279.0, 2184.0 ], [ 283.0, 2181.0 ] ], [ [ 274.0, 2195.0 ], [ 280.0, 2197.0 ], [ 280.0, 2202.0 ], [ 286.0, 2203.0 ], [ 287.0, 2207.0 ], [ 284.0, 2209.0 ], [ 279.0, 2208.0 ], [ 276.0, 2211.0 ], [ 273.0, 2210.0 ], [ 270.0, 2198.0 ], [ 274.0, 2195.0 ] ] ] } },
{ "type": "Feature", "properties": { "layer": "vegetation" }, "geometry": { "type": "Polygon", "coordinates": [ [ [ 1114.0, 2194.0 ], [ 1111.0, 2202.0 ], [ 1103.0, 2202.0 ], [ 1097.0, 2208.0 ], [ 1089.0, 2204.0 ], [ 1090.0, 2197.0 ], [ 1087.0, 2197.0 ], [ 1079.0, 2204.0 ], [ 1083.0, 2206.0 ], [ 1084.0, 2212.0 ], [ 1091.0, 2216.0 ], [ 1098.0, 2211.0 ], [ 1107.0, 2213.0 ], [ 1108.0, 2219.0 ], [ 1103.0, 2223.0 ], [ 1111.0, 2224.0 ], [ 1113.0, 2217.0 ], [ 1120.0, 2211.0 ], [ 1117.0, 2203.0 ], [ 1122.0, 2198.0 ], [ 1114.0, 2194.0 ] ] ] } },
{ "type": "Feature", "properties": { "layer": "vegetation" }, "geometry": { "type": "Polygon", "coordinates": [ [ [ 883.0, 2217.0 ], [ 879.0, 2221.0 ], [ 882.0, 2225.0 ], [ 885.0, 2219.0 ], [ 883.0, 2217.0 ] ] ] } },
{ "type": "Feature", "properties": { "layer": "vegetation" }, "geometry": { "type": "Polygon", "coordinates": [ [ [ 241.0, 2207.0 ], [ 235.0, 2208.0 ], [ 236.0, 2213.0 ], [ 234.0, 2215.0 ], [ 238.0, 2215.0 ], [ 245.0, 2220.0 ], [ 244.0, 2227.0 ], [ 246.0, 2230.0 ], [ 255.0, 2227.0 ], [ 261.0, 2231.0 ], [ 265.0, 2227.0 ], [ 259.0, 2223.0 ], [ 259.0, 2215.0 ], [ 254.0, 2222.0 ], [ 249.0, 2222.0 ], [ 249.0, 2214.0 ], [ 253.0, 2210.0 ], [ 250.0, 2208.0 ], [ 248.0, 2213.0 ], [ 243.0, 2215.0 ], [ 240.0, 2213.0 ], [ 241.0, 2207.0 ] ] ] } },
{ "type": "Feature", "properties": { "layer": "vegetation" }, "geometry": { "type": "Polygon", "coordinates": [ [ [ 1705.0, 2197.0 ], [ 1694.0, 2198.0 ], [ 1692.0, 2201.0 ], [ 1698.0, 2206.0 ], [ 1699.0, 2215.0 ], [ 1697.0, 2218.0 ], [ 1700.0, 2220.0 ], [ 1701.0, 2232.0 ], [ 1706.0, 2231.0 ], [ 1709.0, 2233.0 ], [ 1711.0, 2225.0 ], [ 1704.0, 2223.0 ], [ 1702.0, 2216.0 ], [ 1707.0, 2212.0 ], [ 1711.0, 2214.0 ], [ 1713.0, 2207.0 ], [ 1711.0, 2206.0 ], [ 1707.0, 2210.0 ], [ 1699.0, 2207.0 ], [ 1700.0, 2203.0 ], [ 1707.0, 2201.0 ], [ 1705.0, 2197.0 ] ] ] } },
{ "type": "Feature", "properties": { "layer": "vegetation" }, "geometry": { "type": "Polygon", "coordinates": [ [ [ 823.0, 2213.0 ], [ 818.0, 2220.0 ], [ 820.0, 2227.0 ], [ 817.0, 2229.0 ], [ 813.0, 2227.0 ], [ 810.0, 2230.0 ], [ 810.0, 2235.0 ], [ 817.0, 2241.0 ], [ 816.0, 2247.0 ], [ 810.0, 2253.0 ], [ 819.0, 2259.0 ], [ 824.0, 2256.0 ], [ 823.0, 2250.0 ], [ 826.0, 2243.0 ], [ 822.0, 2240.0 ], [ 823.0, 2235.0 ], [ 821.0, 2231.0 ], [ 828.0, 2229.0 ], [ 823.0, 2225.0 ], [ 825.0, 2215.0 ], [ 823.0, 2213.0 ] ] ] } },
{ "type": "Feature", "properties": { "layer": "vegetation" }, "geometry": { "type": "Polygon", "coordinates": [ [ [ 1709.0, 2234.0 ], [ 1706.0, 2242.0 ], [ 1697.0, 2243.0 ], [ 1697.0, 2249.0 ], [ 1702.0, 2253.0 ], [ 1702.0, 2259.0 ], [ 1707.0, 2259.0 ], [ 1709.0, 2253.0 ], [ 1716.0, 2245.0 ], [ 1722.0, 2250.0 ], [ 1725.0, 2249.0 ], [ 1723.0, 2244.0 ], [ 1714.0, 2242.0 ], [ 1714.0, 2236.0 ], [ 1709.0, 2234.0 ] ] ] } },
{ "type": "Feature", "properties": { "layer": "vegetation" }, "geometry": { "type": "Polygon", "coordinates": [ [ [ 307.0, 2237.0 ], [ 308.0, 2245.0 ], [ 306.0, 2250.0 ], [ 300.0, 2249.0 ], [ 297.0, 2239.0 ], [ 293.0, 2243.0 ], [ 292.0, 2248.0 ], [ 284.0, 2250.0 ], [ 285.0, 2258.0 ], [ 288.0, 2261.0 ], [ 290.0, 2260.0 ], [ 288.0, 2253.0 ], [ 291.0, 2251.0 ], [ 296.0, 2254.0 ], [ 297.0, 2258.0 ], [ 305.0, 2257.0 ], [ 309.0, 2261.0 ], [ 314.0, 2258.0 ], [ 320.0, 2259.0 ], [ 321.0, 2252.0 ], [ 316.0, 2256.0 ], [ 310.0, 2254.0 ], [ 312.0, 2247.0 ], [ 310.0, 2241.0 ], [ 312.0, 2239.0 ], [ 307.0, 2237.0 ] ] ] } },
{ "type": "Feature", "properties": { "layer": "vegetation" }, "geometry": { "type": "Polygon", "coordinates": [ [ [ 368.0, 2187.0 ], [ 362.0, 2188.0 ], [ 361.0, 2191.0 ], [ 369.0, 2193.0 ], [ 371.0, 2201.0 ], [ 377.0, 2198.0 ], [ 381.0, 2203.0 ], [ 387.0, 2204.0 ], [ 391.0, 2212.0 ], [ 387.0, 2214.0 ], [ 380.0, 2211.0 ], [ 374.0, 2215.0 ], [ 371.0, 2213.0 ], [ 371.0, 2203.0 ], [ 369.0, 2203.0 ], [ 366.0, 2206.0 ], [ 367.0, 2211.0 ], [ 364.0, 2212.0 ], [ 369.0, 2217.0 ], [ 369.0, 2225.0 ], [ 366.0, 2227.0 ], [ 354.0, 2222.0 ], [ 354.0, 2219.0 ], [ 362.0, 2214.0 ], [ 362.0, 2212.0 ], [ 349.0, 2209.0 ], [ 348.0, 2214.0 ], [ 344.0, 2216.0 ], [ 339.0, 2213.0 ], [ 340.0, 2205.0 ], [ 334.0, 2208.0 ], [ 336.0, 2218.0 ], [ 332.0, 2221.0 ], [ 328.0, 2220.0 ], [ 326.0, 2215.0 ], [ 321.0, 2218.0 ], [ 316.0, 2216.0 ], [ 314.0, 2218.0 ], [ 317.0, 2222.0 ], [ 315.0, 2228.0 ], [ 325.0, 2235.0 ], [ 324.0, 2239.0 ], [ 317.0, 2242.0 ], [ 319.0, 2249.0 ], [ 329.0, 2240.0 ], [ 333.0, 2240.0 ], [ 336.0, 2243.0 ], [ 340.0, 2241.0 ], [ 344.0, 2244.0 ], [ 344.0, 2247.0 ], [ 339.0, 2250.0 ], [ 340.0, 2255.0 ], [ 343.0, 2253.0 ], [ 349.0, 2254.0 ], [ 350.0, 2261.0 ], [ 354.0, 2258.0 ], [ 361.0, 2261.0 ], [ 366.0, 2257.0 ], [ 370.0, 2262.0 ], [ 376.0, 2259.0 ], [ 389.0, 2261.0 ], [ 396.0, 2250.0 ], [ 400.0, 2253.0 ], [ 405.0, 2253.0 ], [ 408.0, 2259.0 ], [ 413.0, 2262.0 ], [ 415.0, 2260.0 ], [ 414.0, 2255.0 ], [ 417.0, 2253.0 ], [ 431.0, 2252.0 ], [ 434.0, 2249.0 ], [ 441.0, 2251.0 ], [ 443.0, 2249.0 ], [ 445.0, 2244.0 ], [ 443.0, 2241.0 ], [ 438.0, 2243.0 ], [ 433.0, 2240.0 ], [ 434.0, 2235.0 ], [ 445.0, 2231.0 ], [ 437.0, 2215.0 ], [ 430.0, 2214.0 ], [ 431.0, 2222.0 ], [ 426.0, 2227.0 ], [ 430.0, 2237.0 ], [ 429.0, 2241.0 ], [ 423.0, 2241.0 ], [ 413.0, 2235.0 ], [ 412.0, 2241.0 ], [ 405.0, 2244.0 ], [ 402.0, 2242.0 ], [ 401.0, 2235.0 ], [ 408.0, 2233.0 ], [ 409.0, 2230.0 ], [ 404.0, 2227.0 ], [ 405.0, 2223.0 ], [ 402.0, 2221.0 ], [ 402.0, 2217.0 ], [ 410.0, 2214.0 ], [ 415.0, 2221.0 ], [ 419.0, 2218.0 ], [ 421.0, 2219.0 ], [ 422.0, 2216.0 ], [ 418.0, 2214.0 ], [ 419.0, 2207.0 ], [ 414.0, 2202.0 ], [ 411.0, 2203.0 ], [ 415.0, 2206.0 ], [ 415.0, 2209.0 ], [ 412.0, 2211.0 ], [ 404.0, 2208.0 ], [ 402.0, 2205.0 ], [ 397.0, 2206.0 ], [ 390.0, 2197.0 ], [ 378.0, 2197.0 ], [ 374.0, 2194.0 ], [ 375.0, 2190.0 ], [ 368.0, 2187.0 ] ], [ [ 396.0, 2209.0 ], [ 400.0, 2211.0 ], [ 400.0, 2214.0 ], [ 397.0, 2216.0 ], [ 393.0, 2214.0 ], [ 393.0, 2211.0 ], [ 396.0, 2209.0 ] ], [ [ 384.0, 2215.0 ], [ 397.0, 2222.0 ], [ 400.0, 2226.0 ], [ 397.0, 2237.0 ], [ 392.0, 2237.0 ], [ 389.0, 2240.0 ], [ 386.0, 2238.0 ], [ 382.0, 2240.0 ], [ 377.0, 2237.0 ], [ 380.0, 2230.0 ], [ 378.0, 2219.0 ], [ 384.0, 2215.0 ] ], [ [ 352.0, 2227.0 ], [ 372.0, 2237.0 ], [ 369.0, 2243.0 ], [ 362.0, 2245.0 ], [ 363.0, 2250.0 ], [ 357.0, 2254.0 ], [ 353.0, 2252.0 ], [ 353.0, 2247.0 ], [ 358.0, 2237.0 ], [ 356.0, 2236.0 ], [ 351.0, 2241.0 ], [ 346.0, 2239.0 ], [ 346.0, 2235.0 ], [ 350.0, 2233.0 ], [ 349.0, 2229.0 ], [ 352.0, 2227.0 ] ] ] } },
{ "type": "Feature", "properties": { "layer": "vegetation" }, "geometry": { "type": "Polygon", "coordinates": [ [ [ 1059.0, 2224.0 ], [ 1059.0, 2231.0 ], [ 1050.0, 2234.0 ], [ 1052.0, 2237.0 ], [ 1056.0, 2235.0 ], [ 1063.0, 2240.0 ], [ 1060.0, 2248.0 ], [ 1062.0, 2253.0 ], [ 1058.0, 2256.0 ], [ 1053.0, 2253.0 ], [ 1050.0, 2255.0 ], [ 1057.0, 2263.0 ], [ 1062.0, 2258.0 ], [ 1066.0, 2261.0 ], [ 1070.0, 2258.0 ], [ 1069.0, 2255.0 ], [ 1063.0, 2252.0 ], [ 1063.0, 2249.0 ], [ 1067.0, 2246.0 ], [ 1066.0, 2242.0 ], [ 1070.0, 2240.0 ], [ 1070.0, 2235.0 ], [ 1059.0, 2224.0 ] ] ] } },
{ "type": "Feature", "properties": { "layer": "vegetation" }, "geometry": { "type": "Polygon", "coordinates": [ [ [ 2023.0, 2213.0 ], [ 2019.0, 2217.0 ], [ 2014.0, 2214.0 ], [ 2006.0, 2221.0 ], [ 1999.0, 2220.0 ], [ 1997.0, 2222.0 ], [ 1999.0, 2225.0 ], [ 2005.0, 2223.0 ], [ 2010.0, 2226.0 ], [ 2012.0, 2221.0 ], [ 2017.0, 2218.0 ], [ 2020.0, 2219.0 ], [ 2022.0, 2226.0 ], [ 2013.0, 2232.0 ], [ 2003.0, 2231.0 ], [ 1999.0, 2227.0 ], [ 1992.0, 2232.0 ], [ 1988.0, 2231.0 ], [ 1985.0, 2233.0 ], [ 1982.0, 2230.0 ], [ 1980.0, 2231.0 ], [ 1984.0, 2234.0 ], [ 1981.0, 2245.0 ], [ 1986.0, 2249.0 ], [ 1989.0, 2242.0 ], [ 1994.0, 2242.0 ], [ 1994.0, 2249.0 ], [ 2000.0, 2251.0 ], [ 1999.0, 2257.0 ], [ 2006.0, 2263.0 ], [ 2011.0, 2258.0 ], [ 2001.0, 2252.0 ], [ 2002.0, 2247.0 ], [ 2000.0, 2243.0 ], [ 2003.0, 2238.0 ], [ 2011.0, 2235.0 ], [ 2017.0, 2239.0 ], [ 2016.0, 2243.0 ], [ 2009.0, 2245.0 ], [ 2009.0, 2249.0 ], [ 2015.0, 2254.0 ], [ 2015.0, 2257.0 ], [ 2012.0, 2259.0 ], [ 2020.0, 2264.0 ], [ 2028.0, 2264.0 ], [ 2032.0, 2259.0 ], [ 2040.0, 2258.0 ], [ 2043.0, 2260.0 ], [ 2046.0, 2256.0 ], [ 2043.0, 2254.0 ], [ 2042.0, 2248.0 ], [ 2034.0, 2246.0 ], [ 2030.0, 2242.0 ], [ 2025.0, 2245.0 ], [ 2018.0, 2240.0 ], [ 2018.0, 2237.0 ], [ 2022.0, 2235.0 ], [ 2022.0, 2231.0 ], [ 2025.0, 2229.0 ], [ 2032.0, 2231.0 ], [ 2032.0, 2235.0 ], [ 2027.0, 2238.0 ], [ 2029.0, 2240.0 ], [ 2038.0, 2234.0 ], [ 2036.0, 2228.0 ], [ 2042.0, 2225.0 ], [ 2049.0, 2230.0 ], [ 2049.0, 2233.0 ], [ 2042.0, 2237.0 ], [ 2043.0, 2239.0 ], [ 2050.0, 2239.0 ], [ 2056.0, 2236.0 ], [ 2052.0, 2231.0 ], [ 2053.0, 2224.0 ], [ 2046.0, 2223.0 ], [ 2044.0, 2218.0 ], [ 2038.0, 2216.0 ], [ 2038.0, 2223.0 ], [ 2032.0, 2225.0 ], [ 2023.0, 2213.0 ] ], [ [ 2026.0, 2249.0 ], [ 2032.0, 2250.0 ], [ 2033.0, 2254.0 ], [ 2030.0, 2256.0 ], [ 2024.0, 2255.0 ], [ 2023.0, 2251.0 ], [ 2026.0, 2249.0 ] ] ] } },
{ "type": "Feature", "properties": { "layer": "vegetation" }, "geometry": { "type": "Polygon", "coordinates": [ [ [ 172.0, 2191.0 ], [ 171.0, 2193.0 ], [ 175.0, 2195.0 ], [ 177.0, 2202.0 ], [ 173.0, 2205.0 ], [ 170.0, 2204.0 ], [ 166.0, 2199.0 ], [ 167.0, 2193.0 ], [ 164.0, 2193.0 ], [ 161.0, 2205.0 ], [ 166.0, 2208.0 ], [ 168.0, 2214.0 ], [ 165.0, 2219.0 ], [ 157.0, 2220.0 ], [ 155.0, 2225.0 ], [ 156.0, 2232.0 ], [ 161.0, 2237.0 ], [ 167.0, 2238.0 ], [ 167.0, 2245.0 ], [ 164.0, 2248.0 ], [ 155.0, 2247.0 ], [ 155.0, 2262.0 ], [ 157.0, 2264.0 ], [ 177.0, 2264.0 ], [ 179.0, 2262.0 ], [ 189.0, 2264.0 ], [ 194.0, 2259.0 ], [ 202.0, 2261.0 ], [ 210.0, 2259.0 ], [ 210.0, 2256.0 ], [ 207.0, 2258.0 ], [ 203.0, 2256.0 ], [ 202.0, 2249.0 ], [ 198.0, 2245.0 ], [ 196.0, 2246.0 ], [ 198.0, 2253.0 ], [ 194.0, 2257.0 ], [ 187.0, 2252.0 ], [ 185.0, 2247.0 ], [ 180.0, 2245.0 ], [ 180.0, 2240.0 ], [ 183.0, 2237.0 ], [ 179.0, 2234.0 ], [ 179.0, 2230.0 ], [ 174.0, 2227.0 ], [ 174.0, 2224.0 ], [ 178.0, 2222.0 ], [ 187.0, 2228.0 ], [ 194.0, 2218.0 ], [ 191.0, 2215.0 ], [ 188.0, 2217.0 ], [ 183.0, 2214.0 ], [ 179.0, 2214.0 ], [ 176.0, 2217.0 ], [ 172.0, 2215.0 ], [ 172.0, 2212.0 ], [ 177.0, 2209.0 ], [ 177.0, 2205.0 ], [ 181.0, 2203.0 ], [ 178.0, 2196.0 ], [ 179.0, 2192.0 ], [ 172.0, 2191.0 ] ], [ [ 172.0, 2243.0 ], [ 177.0, 2245.0 ], [ 177.0, 2248.0 ], [ 173.0, 2251.0 ], [ 169.0, 2249.0 ], [ 169.0, 2245.0 ], [ 172.0, 2243.0 ] ] ] } },
{ "type": "Feature", "properties": { "layer": "vegetation" }, "geometry": { "type": "Polygon", "coordinates": [ [ [ 1516.0, 2162.0 ], [ 1506.0, 2172.0 ], [ 1508.0, 2176.0 ], [ 1506.0, 2182.0 ], [ 1511.0, 2185.0 ], [ 1511.0, 2188.0 ], [ 1501.0, 2194.0 ], [ 1498.0, 2198.0 ], [ 1500.0, 2203.0 ], [ 1493.0, 2207.0 ], [ 1496.0, 2210.0 ], [ 1495.0, 2217.0 ], [ 1490.0, 2219.0 ], [ 1486.0, 2216.0 ], [ 1479.0, 2222.0 ], [ 1481.0, 2224.0 ], [ 1480.0, 2230.0 ], [ 1484.0, 2233.0 ], [ 1484.0, 2236.0 ], [ 1481.0, 2238.0 ], [ 1474.0, 2235.0 ], [ 1473.0, 2229.0 ], [ 1467.0, 2225.0 ], [ 1467.0, 2219.0 ], [ 1462.0, 2222.0 ], [ 1457.0, 2220.0 ], [ 1454.0, 2226.0 ], [ 1449.0, 2226.0 ], [ 1446.0, 2220.0 ], [ 1451.0, 2209.0 ], [ 1448.0, 2204.0 ], [ 1443.0, 2203.0 ], [ 1443.0, 2196.0 ], [ 1437.0, 2191.0 ], [ 1434.0, 2192.0 ], [ 1432.0, 2190.0 ], [ 1429.0, 2190.0 ], [ 1425.0, 2195.0 ], [ 1421.0, 2192.0 ], [ 1417.0, 2194.0 ], [ 1418.0, 2198.0 ], [ 1425.0, 2203.0 ], [ 1422.0, 2216.0 ], [ 1417.0, 2216.0 ], [ 1413.0, 2211.0 ], [ 1413.0, 2218.0 ], [ 1397.0, 2223.0 ], [ 1394.0, 2221.0 ], [ 1393.0, 2216.0 ], [ 1390.0, 2217.0 ], [ 1381.0, 2211.0 ], [ 1377.0, 2215.0 ], [ 1368.0, 2216.0 ], [ 1365.0, 2219.0 ], [ 1370.0, 2224.0 ], [ 1370.0, 2227.0 ], [ 1367.0, 2233.0 ], [ 1363.0, 2235.0 ], [ 1359.0, 2232.0 ], [ 1362.0, 2222.0 ], [ 1359.0, 2219.0 ], [ 1359.0, 2211.0 ], [ 1355.0, 2207.0 ], [ 1346.0, 2211.0 ], [ 1341.0, 2207.0 ], [ 1343.0, 2202.0 ], [ 1351.0, 2198.0 ], [ 1356.0, 2202.0 ], [ 1361.0, 2201.0 ], [ 1364.0, 2203.0 ], [ 1361.0, 2195.0 ], [ 1356.0, 2197.0 ], [ 1352.0, 2195.0 ], [ 1354.0, 2185.0 ], [ 1346.0, 2184.0 ], [ 1340.0, 2193.0 ], [ 1332.0, 2198.0 ], [ 1329.0, 2197.0 ], [ 1328.0, 2202.0 ], [ 1331.0, 2207.0 ], [ 1336.0, 2209.0 ], [ 1337.0, 2214.0 ], [ 1342.0, 2211.0 ], [ 1348.0, 2215.0 ], [ 1348.0, 2222.0 ], [ 1345.0, 2224.0 ], [ 1338.0, 2224.0 ], [ 1336.0, 2222.0 ], [ 1331.0, 2224.0 ], [ 1328.0, 2222.0 ], [ 1329.0, 2213.0 ], [ 1321.0, 2213.0 ], [ 1318.0, 2218.0 ], [ 1319.0, 2227.0 ], [ 1316.0, 2231.0 ], [ 1321.0, 2237.0 ], [ 1321.0, 2241.0 ], [ 1318.0, 2242.0 ], [ 1321.0, 2244.0 ], [ 1321.0, 2247.0 ], [ 1315.0, 2248.0 ], [ 1314.0, 2244.0 ], [ 1317.0, 2242.0 ], [ 1311.0, 2239.0 ], [ 1306.0, 2258.0 ], [ 1303.0, 2259.0 ], [ 1296.0, 2254.0 ], [ 1291.0, 2258.0 ], [ 1286.0, 2258.0 ], [ 1285.0, 2263.0 ], [ 1306.0, 2265.0 ], [ 1312.0, 2262.0 ], [ 1315.0, 2264.0 ], [ 1314.0, 2257.0 ], [ 1311.0, 2255.0 ], [ 1311.0, 2251.0 ], [ 1314.0, 2249.0 ], [ 1319.0, 2251.0 ], [ 1320.0, 2257.0 ], [ 1331.0, 2264.0 ], [ 1342.0, 2259.0 ], [ 1351.0, 2262.0 ], [ 1361.0, 2257.0 ], [ 1366.0, 2260.0 ], [ 1375.0, 2257.0 ], [ 1379.0, 2262.0 ], [ 1386.0, 2260.0 ], [ 1391.0, 2262.0 ], [ 1392.0, 2258.0 ], [ 1397.0, 2257.0 ], [ 1400.0, 2254.0 ], [ 1399.0, 2250.0 ], [ 1403.0, 2248.0 ], [ 1409.0, 2254.0 ], [ 1408.0, 2258.0 ], [ 1411.0, 2261.0 ], [ 1426.0, 2262.0 ], [ 1431.0, 2260.0 ], [ 1435.0, 2265.0 ], [ 1438.0, 2265.0 ], [ 1440.0, 2261.0 ], [ 1446.0, 2259.0 ], [ 1459.0, 2265.0 ], [ 1461.0, 2260.0 ], [ 1474.0, 2257.0 ], [ 1481.0, 2263.0 ], [ 1482.0, 2257.0 ], [ 1487.0, 2254.0 ], [ 1485.0, 2247.0 ], [ 1488.0, 2245.0 ], [ 1492.0, 2247.0 ], [ 1493.0, 2251.0 ], [ 1498.0, 2252.0 ], [ 1496.0, 2258.0 ], [ 1490.0, 2259.0 ], [ 1493.0, 2263.0 ], [ 1502.0, 2258.0 ], [ 1507.0, 2263.0 ], [ 1514.0, 2263.0 ], [ 1516.0, 2260.0 ], [ 1513.0, 2258.0 ], [ 1513.0, 2254.0 ], [ 1518.0, 2250.0 ], [ 1522.0, 2250.0 ], [ 1517.0, 2245.0 ], [ 1517.0, 2241.0 ], [ 1524.0, 2235.0 ], [ 1523.0, 2230.0 ], [ 1526.0, 2228.0 ], [ 1525.0, 2225.0 ], [ 1517.0, 2225.0 ], [ 1513.0, 2222.0 ], [ 1513.0, 2219.0 ], [ 1519.0, 2217.0 ], [ 1522.0, 2213.0 ], [ 1520.0, 2211.0 ], [ 1521.0, 2200.0 ], [ 1523.0, 2199.0 ], [ 1520.0, 2196.0 ], [ 1522.0, 2191.0 ], [ 1518.0, 2189.0 ], [ 1518.0, 2186.0 ], [ 1521.0, 2184.0 ], [ 1520.0, 2178.0 ], [ 1525.0, 2170.0 ], [ 1520.0, 2166.0 ], [ 1519.0, 2162.0 ], [ 1516.0, 2162.0 ] ], [ [ 1510.0, 2195.0 ], [ 1515.0, 2197.0 ], [ 1515.0, 2206.0 ], [ 1511.0, 2210.0 ], [ 1501.0, 2206.0 ], [ 1501.0, 2202.0 ], [ 1510.0, 2195.0 ] ], [ [ 1436.0, 2196.0 ], [ 1440.0, 2198.0 ], [ 1440.0, 2204.0 ], [ 1438.0, 2207.0 ], [ 1433.0, 2208.0 ], [ 1429.0, 2205.0 ], [ 1429.0, 2202.0 ], [ 1436.0, 2196.0 ] ], [ [ 1438.0, 2212.0 ], [ 1442.0, 2213.0 ], [ 1445.0, 2219.0 ], [ 1445.0, 2222.0 ], [ 1439.0, 2226.0 ], [ 1433.0, 2220.0 ], [ 1433.0, 2216.0 ], [ 1438.0, 2212.0 ] ], [ [ 1380.0, 2214.0 ], [ 1389.0, 2218.0 ], [ 1388.0, 2228.0 ], [ 1390.0, 2232.0 ], [ 1399.0, 2235.0 ], [ 1399.0, 2239.0 ], [ 1391.0, 2245.0 ], [ 1386.0, 2245.0 ], [ 1379.0, 2240.0 ], [ 1381.0, 2230.0 ], [ 1377.0, 2228.0 ], [ 1377.0, 2225.0 ], [ 1381.0, 2222.0 ], [ 1377.0, 2219.0 ], [ 1377.0, 2216.0 ], [ 1380.0, 2214.0 ] ], [ [ 1502.0, 2215.0 ], [ 1506.0, 2217.0 ], [ 1506.0, 2222.0 ], [ 1510.0, 2225.0 ], [ 1510.0, 2228.0 ], [ 1499.0, 2232.0 ], [ 1490.0, 2230.0 ], [ 1489.0, 2226.0 ], [ 1494.0, 2222.0 ], [ 1498.0, 2224.0 ], [ 1499.0, 2217.0 ], [ 1502.0, 2215.0 ] ], [ [ 1426.0, 2219.0 ], [ 1430.0, 2221.0 ], [ 1430.0, 2224.0 ], [ 1427.0, 2226.0 ], [ 1423.0, 2224.0 ], [ 1423.0, 2221.0 ], [ 1426.0, 2219.0 ] ], [ [ 1343.0, 2226.0 ], [ 1352.0, 2232.0 ], [ 1351.0, 2236.0 ], [ 1347.0, 2237.0 ], [ 1340.0, 2232.0 ], [ 1340.0, 2228.0 ], [ 1343.0, 2226.0 ] ], [ [ 1331.0, 2227.0 ], [ 1337.0, 2228.0 ], [ 1338.0, 2233.0 ], [ 1341.0, 2235.0 ], [ 1341.0, 2244.0 ], [ 1338.0, 2248.0 ], [ 1343.0, 2253.0 ], [ 1343.0, 2256.0 ], [ 1335.0, 2261.0 ], [ 1330.0, 2259.0 ], [ 1330.0, 2256.0 ], [ 1333.0, 2254.0 ], [ 1331.0, 2252.0 ], [ 1331.0, 2242.0 ], [ 1333.0, 2240.0 ], [ 1327.0, 2237.0 ], [ 1327.0, 2231.0 ], [ 1331.0, 2227.0 ] ], [ [ 1461.0, 2227.0 ], [ 1467.0, 2230.0 ], [ 1466.0, 2234.0 ], [ 1463.0, 2235.0 ], [ 1458.0, 2232.0 ], [ 1458.0, 2229.0 ], [ 1461.0, 2227.0 ] ], [ [ 1410.0, 2230.0 ], [ 1414.0, 2232.0 ], [ 1414.0, 2235.0 ], [ 1411.0, 2237.0 ], [ 1407.0, 2235.0 ], [ 1407.0, 2232.0 ], [ 1410.0, 2230.0 ] ], [ [ 1427.0, 2231.0 ], [ 1433.0, 2235.0 ], [ 1433.0, 2238.0 ], [ 1430.0, 2240.0 ], [ 1424.0, 2237.0 ], [ 1424.0, 2233.0 ], [ 1427.0, 2231.0 ] ], [ [ 1454.0, 2231.0 ], [ 1459.0, 2233.0 ], [ 1459.0, 2237.0 ], [ 1456.0, 2239.0 ], [ 1451.0, 2236.0 ], [ 1451.0, 2233.0 ], [ 1454.0, 2231.0 ] ], [ [ 1358.0, 2235.0 ], [ 1366.0, 2239.0 ], [ 1368.0, 2246.0 ], [ 1372.0, 2247.0 ], [ 1377.0, 2244.0 ], [ 1380.0, 2246.0 ], [ 1380.0, 2249.0 ], [ 1377.0, 2251.0 ], [ 1372.0, 2249.0 ], [ 1367.0, 2254.0 ], [ 1362.0, 2252.0 ], [ 1358.0, 2248.0 ], [ 1359.0, 2244.0 ], [ 1352.0, 2242.0 ], [ 1352.0, 2239.0 ], [ 1358.0, 2235.0 ] ], [ [ 1505.0, 2238.0 ], [ 1514.0, 2241.0 ], [ 1515.0, 2250.0 ], [ 1510.0, 2252.0 ], [ 1506.0, 2249.0 ], [ 1505.0, 2245.0 ], [ 1500.0, 2244.0 ], [ 1500.0, 2241.0 ], [ 1505.0, 2238.0 ] ], [ [ 1419.0, 2242.0 ], [ 1425.0, 2246.0 ], [ 1425.0, 2251.0 ], [ 1422.0, 2253.0 ], [ 1415.0, 2251.0 ], [ 1415.0, 2245.0 ], [ 1419.0, 2242.0 ] ], [ [ 1348.0, 2243.0 ], [ 1353.0, 2245.0 ], [ 1353.0, 2248.0 ], [ 1349.0, 2251.0 ], [ 1344.0, 2249.0 ], [ 1344.0, 2246.0 ], [ 1348.0, 2243.0 ] ], [ [ 1455.0, 2244.0 ], [ 1459.0, 2246.0 ], [ 1466.0, 2245.0 ], [ 1469.0, 2247.0 ], [ 1469.0, 2250.0 ], [ 1462.0, 2255.0 ], [ 1455.0, 2253.0 ], [ 1451.0, 2250.0 ], [ 1451.0, 2247.0 ], [ 1455.0, 2244.0 ] ], [ [ 1440.0, 2252.0 ], [ 1445.0, 2253.0 ], [ 1446.0, 2257.0 ], [ 1443.0, 2259.0 ], [ 1438.0, 2258.0 ], [ 1437.0, 2254.0 ], [ 1440.0, 2252.0 ] ] ] } },
{ "type": "Feature", "properties": { "layer": "vegetation" }, "geometry": { "type": "Polygon", "coordinates": [ [ [ 854.0, 2237.0 ], [ 853.0, 2239.0 ], [ 858.0, 2243.0 ], [ 858.0, 2250.0 ], [ 860.0, 2252.0 ], [ 867.0, 2249.0 ], [ 874.0, 2255.0 ], [ 877.0, 2264.0 ], [ 889.0, 2265.0 ], [ 888.0, 2258.0 ], [ 890.0, 2257.0 ], [ 890.0, 2252.0 ], [ 882.0, 2255.0 ], [ 871.0, 2246.0 ], [ 871.0, 2240.0 ], [ 866.0, 2243.0 ], [ 862.0, 2239.0 ], [ 854.0, 2237.0 ] ] ] } },
{ "type": "Feature", "properties": { "layer": "vegetation" }, "geometry": { "type": "Polygon", "coordinates": [ [ [ 1822.0, 2166.0 ], [ 1822.0, 2171.0 ], [ 1819.0, 2173.0 ], [ 1814.0, 2169.0 ], [ 1809.0, 2169.0 ], [ 1808.0, 2175.0 ], [ 1810.0, 2179.0 ], [ 1807.0, 2181.0 ], [ 1800.0, 2174.0 ], [ 1790.0, 2177.0 ], [ 1784.0, 2186.0 ], [ 1783.0, 2193.0 ], [ 1777.0, 2197.0 ], [ 1781.0, 2200.0 ], [ 1786.0, 2196.0 ], [ 1789.0, 2198.0 ], [ 1789.0, 2201.0 ], [ 1785.0, 2204.0 ], [ 1781.0, 2202.0 ], [ 1776.0, 2205.0 ], [ 1773.0, 2203.0 ], [ 1773.0, 2199.0 ], [ 1776.0, 2197.0 ], [ 1772.0, 2196.0 ], [ 1769.0, 2199.0 ], [ 1770.0, 2204.0 ], [ 1765.0, 2207.0 ], [ 1767.0, 2217.0 ], [ 1773.0, 2211.0 ], [ 1778.0, 2211.0 ], [ 1782.0, 2206.0 ], [ 1786.0, 2207.0 ], [ 1789.0, 2211.0 ], [ 1790.0, 2205.0 ], [ 1797.0, 2203.0 ], [ 1797.0, 2195.0 ], [ 1802.0, 2191.0 ], [ 1807.0, 2191.0 ], [ 1813.0, 2195.0 ], [ 1814.0, 2203.0 ], [ 1810.0, 2206.0 ], [ 1809.0, 2212.0 ], [ 1806.0, 2213.0 ], [ 1798.0, 2210.0 ], [ 1795.0, 2216.0 ], [ 1805.0, 2215.0 ], [ 1809.0, 2222.0 ], [ 1813.0, 2224.0 ], [ 1812.0, 2230.0 ], [ 1803.0, 2229.0 ], [ 1801.0, 2227.0 ], [ 1802.0, 2221.0 ], [ 1797.0, 2225.0 ], [ 1793.0, 2222.0 ], [ 1787.0, 2222.0 ], [ 1785.0, 2216.0 ], [ 1783.0, 2217.0 ], [ 1785.0, 2223.0 ], [ 1778.0, 2228.0 ], [ 1773.0, 2225.0 ], [ 1770.0, 2226.0 ], [ 1754.0, 2216.0 ], [ 1751.0, 2218.0 ], [ 1754.0, 2224.0 ], [ 1745.0, 2232.0 ], [ 1747.0, 2234.0 ], [ 1745.0, 2246.0 ], [ 1750.0, 2249.0 ], [ 1750.0, 2252.0 ], [ 1745.0, 2254.0 ], [ 1734.0, 2247.0 ], [ 1730.0, 2247.0 ], [ 1728.0, 2248.0 ], [ 1729.0, 2254.0 ], [ 1725.0, 2258.0 ], [ 1730.0, 2259.0 ], [ 1732.0, 2263.0 ], [ 1736.0, 2263.0 ], [ 1741.0, 2257.0 ], [ 1745.0, 2259.0 ], [ 1754.0, 2258.0 ], [ 1758.0, 2262.0 ], [ 1766.0, 2261.0 ], [ 1776.0, 2266.0 ], [ 1778.0, 2264.0 ], [ 1776.0, 2259.0 ], [ 1779.0, 2257.0 ], [ 1777.0, 2252.0 ], [ 1786.0, 2246.0 ], [ 1789.0, 2248.0 ], [ 1787.0, 2257.0 ], [ 1789.0, 2259.0 ], [ 1793.0, 2257.0 ], [ 1797.0, 2262.0 ], [ 1804.0, 2259.0 ], [ 1808.0, 2263.0 ], [ 1814.0, 2260.0 ], [ 1817.0, 2263.0 ], [ 1821.0, 2261.0 ], [ 1826.0, 2266.0 ], [ 1830.0, 2264.0 ], [ 1840.0, 2266.0 ], [ 1845.0, 2264.0 ], [ 1838.0, 2261.0 ], [ 1839.0, 2255.0 ], [ 1844.0, 2250.0 ], [ 1849.0, 2251.0 ], [ 1853.0, 2258.0 ], [ 1859.0, 2257.0 ], [ 1862.0, 2264.0 ], [ 1867.0, 2256.0 ], [ 1873.0, 2262.0 ], [ 1878.0, 2261.0 ], [ 1885.0, 2264.0 ], [ 1887.0, 2258.0 ], [ 1881.0, 2259.0 ], [ 1878.0, 2257.0 ], [ 1878.0, 2254.0 ], [ 1881.0, 2252.0 ], [ 1886.0, 2254.0 ], [ 1891.0, 2250.0 ], [ 1894.0, 2251.0 ], [ 1895.0, 2256.0 ], [ 1893.0, 2258.0 ], [ 1898.0, 2261.0 ], [ 1899.0, 2255.0 ], [ 1913.0, 2245.0 ], [ 1918.0, 2244.0 ], [ 1923.0, 2250.0 ], [ 1928.0, 2248.0 ], [ 1933.0, 2251.0 ], [ 1938.0, 2247.0 ], [ 1942.0, 2250.0 ], [ 1944.0, 2249.0 ], [ 1943.0, 2244.0 ], [ 1938.0, 2246.0 ], [ 1927.0, 2237.0 ], [ 1922.0, 2241.0 ], [ 1918.0, 2240.0 ], [ 1918.0, 2232.0 ], [ 1913.0, 2233.0 ], [ 1913.0, 2242.0 ], [ 1901.0, 2248.0 ], [ 1897.0, 2246.0 ], [ 1897.0, 2242.0 ], [ 1900.0, 2240.0 ], [ 1897.0, 2234.0 ], [ 1903.0, 2233.0 ], [ 1904.0, 2230.0 ], [ 1901.0, 2223.0 ], [ 1906.0, 2220.0 ], [ 1907.0, 2211.0 ], [ 1915.0, 2205.0 ], [ 1913.0, 2203.0 ], [ 1906.0, 2206.0 ], [ 1902.0, 2203.0 ], [ 1902.0, 2200.0 ], [ 1907.0, 2197.0 ], [ 1909.0, 2184.0 ], [ 1905.0, 2179.0 ], [ 1901.0, 2178.0 ], [ 1898.0, 2180.0 ], [ 1894.0, 2177.0 ], [ 1887.0, 2185.0 ], [ 1881.0, 2180.0 ], [ 1876.0, 2189.0 ], [ 1882.0, 2192.0 ], [ 1883.0, 2200.0 ], [ 1877.0, 2204.0 ], [ 1871.0, 2199.0 ], [ 1863.0, 2199.0 ], [ 1858.0, 2202.0 ], [ 1855.0, 2200.0 ], [ 1856.0, 2195.0 ], [ 1851.0, 2194.0 ], [ 1850.0, 2190.0 ], [ 1845.0, 2189.0 ], [ 1843.0, 2185.0 ], [ 1843.0, 2181.0 ], [ 1851.0, 2173.0 ], [ 1848.0, 2172.0 ], [ 1843.0, 2178.0 ], [ 1837.0, 2175.0 ], [ 1828.0, 2177.0 ], [ 1824.0, 2172.0 ], [ 1826.0, 2167.0 ], [ 1822.0, 2166.0 ] ], [ [ 1818.0, 2181.0 ], [ 1828.0, 2185.0 ], [ 1828.0, 2190.0 ], [ 1820.0, 2196.0 ], [ 1811.0, 2192.0 ], [ 1811.0, 2189.0 ], [ 1815.0, 2187.0 ], [ 1815.0, 2183.0 ], [ 1818.0, 2181.0 ] ], [ [ 1792.0, 2183.0 ], [ 1800.0, 2186.0 ], [ 1801.0, 2190.0 ], [ 1791.0, 2195.0 ], [ 1788.0, 2193.0 ], [ 1788.0, 2187.0 ], [ 1792.0, 2183.0 ] ], [ [ 1897.0, 2186.0 ], [ 1901.0, 2187.0 ], [ 1902.0, 2191.0 ], [ 1898.0, 2193.0 ], [ 1893.0, 2201.0 ], [ 1888.0, 2201.0 ], [ 1887.0, 2197.0 ], [ 1889.0, 2194.0 ], [ 1887.0, 2189.0 ], [ 1890.0, 2187.0 ], [ 1894.0, 2189.0 ], [ 1897.0, 2186.0 ] ], [ [ 1848.0, 2196.0 ], [ 1852.0, 2198.0 ], [ 1853.0, 2206.0 ], [ 1846.0, 2209.0 ], [ 1845.0, 2212.0 ], [ 1850.0, 2214.0 ], [ 1851.0, 2218.0 ], [ 1839.0, 2226.0 ], [ 1838.0, 2233.0 ], [ 1835.0, 2235.0 ], [ 1828.0, 2230.0 ], [ 1821.0, 2231.0 ], [ 1819.0, 2226.0 ], [ 1815.0, 2224.0 ], [ 1815.0, 2221.0 ], [ 1821.0, 2216.0 ], [ 1820.0, 2213.0 ], [ 1815.0, 2211.0 ], [ 1815.0, 2206.0 ], [ 1821.0, 2201.0 ], [ 1824.0, 2202.0 ], [ 1826.0, 2206.0 ], [ 1825.0, 2211.0 ], [ 1831.0, 2216.0 ], [ 1835.0, 2212.0 ], [ 1840.0, 2212.0 ], [ 1841.0, 2201.0 ], [ 1848.0, 2196.0 ] ], [ [ 1872.0, 2205.0 ], [ 1880.0, 2213.0 ], [ 1878.0, 2218.0 ], [ 1880.0, 2225.0 ], [ 1873.0, 2232.0 ], [ 1862.0, 2227.0 ], [ 1862.0, 2223.0 ], [ 1868.0, 2217.0 ], [ 1873.0, 2216.0 ], [ 1869.0, 2212.0 ], [ 1869.0, 2207.0 ], [ 1872.0, 2205.0 ] ], [ [ 1891.0, 2208.0 ], [ 1903.0, 2210.0 ], [ 1901.0, 2216.0 ], [ 1893.0, 2215.0 ], [ 1897.0, 2218.0 ], [ 1897.0, 2221.0 ], [ 1894.0, 2223.0 ], [ 1887.0, 2222.0 ], [ 1885.0, 2217.0 ], [ 1885.0, 2213.0 ], [ 1891.0, 2208.0 ] ], [ [ 1765.0, 2228.0 ], [ 1769.0, 2229.0 ], [ 1773.0, 2234.0 ], [ 1780.0, 2234.0 ], [ 1782.0, 2238.0 ], [ 1786.0, 2235.0 ], [ 1789.0, 2236.0 ], [ 1794.0, 2231.0 ], [ 1799.0, 2234.0 ], [ 1799.0, 2237.0 ], [ 1793.0, 2242.0 ], [ 1788.0, 2241.0 ], [ 1785.0, 2243.0 ], [ 1782.0, 2241.0 ], [ 1769.0, 2246.0 ], [ 1762.0, 2241.0 ], [ 1762.0, 2238.0 ], [ 1765.0, 2236.0 ], [ 1762.0, 2230.0 ], [ 1765.0, 2228.0 ] ], [ [ 1755.0, 2229.0 ], [ 1759.0, 2231.0 ], [ 1759.0, 2234.0 ], [ 1754.0, 2237.0 ], [ 1751.0, 2235.0 ], [ 1751.0, 2232.0 ], [ 1755.0, 2229.0 ] ], [ [ 1883.0, 2230.0 ], [ 1889.0, 2232.0 ], [ 1891.0, 2241.0 ], [ 1882.0, 2243.0 ], [ 1877.0, 2250.0 ], [ 1871.0, 2245.0 ], [ 1872.0, 2252.0 ], [ 1868.0, 2255.0 ], [ 1863.0, 2253.0 ], [ 1864.0, 2249.0 ], [ 1858.0, 2247.0 ], [ 1853.0, 2238.0 ], [ 1853.0, 2235.0 ], [ 1859.0, 2232.0 ], [ 1863.0, 2235.0 ], [ 1864.0, 2239.0 ], [ 1869.0, 2237.0 ], [ 1874.0, 2240.0 ], [ 1875.0, 2235.0 ], [ 1883.0, 2230.0 ] ], [ [ 1845.0, 2237.0 ], [ 1849.0, 2239.0 ], [ 1849.0, 2242.0 ], [ 1846.0, 2244.0 ], [ 1842.0, 2242.0 ], [ 1842.0, 2239.0 ], [ 1845.0, 2237.0 ] ], [ [ 1755.0, 2245.0 ], [ 1761.0, 2248.0 ], [ 1761.0, 2254.0 ], [ 1757.0, 2255.0 ], [ 1751.0, 2251.0 ], [ 1751.0, 2248.0 ], [ 1755.0, 2245.0 ] ], [ [ 1800.0, 2251.0 ], [ 1804.0, 2253.0 ], [ 1804.0, 2256.0 ], [ 1801.0, 2258.0 ], [ 1797.0, 2256.0 ], [ 1797.0, 2253.0 ], [ 1800.0, 2251.0 ] ] ] } },
{ "type": "Feature", "properties": { "layer": "vegetation" }, "geometry": { "type": "Polygon", "coordinates": [ [ [ 971.0, 2207.0 ], [ 964.0, 2210.0 ], [ 964.0, 2215.0 ], [ 960.0, 2219.0 ], [ 966.0, 2218.0 ], [ 969.0, 2220.0 ], [ 973.0, 2218.0 ], [ 976.0, 2220.0 ], [ 976.0, 2224.0 ], [ 970.0, 2228.0 ], [ 963.0, 2227.0 ], [ 962.0, 2236.0 ], [ 959.0, 2237.0 ], [ 953.0, 2232.0 ], [ 951.0, 2237.0 ], [ 952.0, 2243.0 ], [ 961.0, 2246.0 ], [ 963.0, 2253.0 ], [ 960.0, 2255.0 ], [ 953.0, 2248.0 ], [ 952.0, 2252.0 ], [ 943.0, 2259.0 ], [ 938.0, 2257.0 ], [ 933.0, 2261.0 ], [ 928.0, 2259.0 ], [ 928.0, 2251.0 ], [ 931.0, 2250.0 ], [ 936.0, 2254.0 ], [ 946.0, 2243.0 ], [ 944.0, 2241.0 ], [ 939.0, 2243.0 ], [ 935.0, 2240.0 ], [ 935.0, 2245.0 ], [ 931.0, 2247.0 ], [ 928.0, 2245.0 ], [ 928.0, 2242.0 ], [ 931.0, 2241.0 ], [ 930.0, 2233.0 ], [ 926.0, 2232.0 ], [ 925.0, 2236.0 ], [ 920.0, 2238.0 ], [ 913.0, 2234.0 ], [ 913.0, 2228.0 ], [ 909.0, 2230.0 ], [ 903.0, 2228.0 ], [ 896.0, 2232.0 ], [ 893.0, 2230.0 ], [ 894.0, 2226.0 ], [ 888.0, 2228.0 ], [ 883.0, 2225.0 ], [ 885.0, 2232.0 ], [ 882.0, 2234.0 ], [ 882.0, 2238.0 ], [ 894.0, 2242.0 ], [ 906.0, 2235.0 ], [ 912.0, 2239.0 ], [ 912.0, 2242.0 ], [ 909.0, 2244.0 ], [ 910.0, 2247.0 ], [ 916.0, 2246.0 ], [ 919.0, 2243.0 ], [ 923.0, 2244.0 ], [ 925.0, 2250.0 ], [ 919.0, 2260.0 ], [ 924.0, 2266.0 ], [ 939.0, 2266.0 ], [ 942.0, 2263.0 ], [ 946.0, 2266.0 ], [ 956.0, 2266.0 ], [ 959.0, 2263.0 ], [ 964.0, 2266.0 ], [ 970.0, 2263.0 ], [ 975.0, 2266.0 ], [ 981.0, 2265.0 ], [ 983.0, 2262.0 ], [ 981.0, 2257.0 ], [ 989.0, 2250.0 ], [ 986.0, 2247.0 ], [ 987.0, 2243.0 ], [ 981.0, 2242.0 ], [ 980.0, 2235.0 ], [ 974.0, 2238.0 ], [ 976.0, 2245.0 ], [ 983.0, 2247.0 ], [ 981.0, 2254.0 ], [ 976.0, 2256.0 ], [ 968.0, 2251.0 ], [ 968.0, 2241.0 ], [ 964.0, 2239.0 ], [ 967.0, 2233.0 ], [ 974.0, 2229.0 ], [ 979.0, 2229.0 ], [ 982.0, 2222.0 ], [ 980.0, 2215.0 ], [ 975.0, 2214.0 ], [ 974.0, 2209.0 ], [ 971.0, 2207.0 ] ] ] } }
]
}
