{
"type": "FeatureCollection",
"name": "red_roads",
"features": [
{ "type": "Feature", "properties": { "layer": "red_roads" }, "geometry": { "type": "LineString", "coordinates": [ [ 128.0, 34.0 ], [ 130.0, 35.0 ] ] } },
{ "type": "Feature", "properties": { "layer": "red_roads" }, "geometry": { "type": "LineString", "coordinates": [ [ 167.0, 52.0 ], [ 176.0, 54.0 ], [ 181.0, 53.0 ] ] } },
{ "type": "Feature", "properties": { "layer": "red_roads" }, "geometry": { "type": "LineString", "coordinates": [ [ 190.0, 33.0 ], [ 190.0, 37.0 ], [ 188.0, 38.0 ] ] } },
{ "type": "Feature", "properties": { "layer": "red_roads" }, "geometry": { "type": "LineString", "coordinates": [ [ 190.0, 32.0 ], [ 191.0, 32.0 ] ] } },
{ "type": "Feature", "properties": { "layer": "red_roads" }, "geometry": { "type": "LineString", "coordinates": [ [ 190.0, 32.0 ], [ 190.0, 33.0 ] ] } },
{ "type": "Feature", "properties": { "layer": "red_roads" }, "geometry": { "type": "LineString", "coordinates": [ [ 190.0, 32.0 ], [ 191.0, 32.0 ] ] } },
{ "type": "Feature", "properties": { "layer": "red_roads" }, "geometry": { "type": "LineString", "coordinates": [ [ 190.0, 33.0 ], [ 191.0, 32.0 ] ] } },
{ "type": "Feature", "properties": { "layer": "red_roads" }, "geometry": { "type": "LineString", "coordinates": [ [ 191.0, 32.0 ], [ 192.0, 31.0 ] ] } },
{ "type": "Feature", "properties": { "layer": "red_roads" }, "geometry": { "type": "LineString", "coordinates": [ [ 247.0, 60.0 ], [ 259.0, 62.0 ] ] } },
{ "type": "Feature", "properties": { "layer": "red_roads" }, "geometry": { "type": "LineString", "coordinates": [ [ 273.0, 133.0 ], [ 274.0, 133.0 ] ] } },
{ "type": "Feature", "properties": { "layer": "red_roads" }, "geometry": { "type": "LineString", "coordinates": [ [ 274.0, 133.0 ], [ 275.0, 133.0 ] ] } },
{ "type": "Feature", "properties": { "layer": "red_roads" }, "geometry": { "type": "LineString", "coordinates": [ [ 274.0, 133.0 ], [ 275.0, 132.0 ] ] } },
{ "type": "Feature", "properties": { "layer": "red_roads" }, "geometry": { "type": "LineString", "coordinates": [ [ 275.0, 120.0 ], [ 279.0, 122.0 ] ] } },
{ "type": "Feature", "properties": { "layer": "red_roads" }, "geometry": { "type": "LineString", "coordinates": [ [ 275.0, 132.0 ], [ 276.0, 133.0 ] ] } },
{ "type": "Feature", "properties": { "layer": "red_roads" }, "geometry": { "type": "LineString", "coordinates": [ [ 275.0, 132.0 ], [ 275.0, 133.0 ] ] } },
{ "type": "Feature", "properties": { "layer": "red_roads" }, "geometry": { "type": "LineString", "coordinates": [ [ 275.0, 132.0 ], [ 279.0, 124.0 ] ] } },
{ "type": "Feature", "properties": { "layer": "red_roads" }, "geometry": { "type": "LineString", "coordinates": [ [ 275.0, 133.0 ], [ 276.0, 133.0 ] ] } },
{ "type": "Feature", "properties": { "layer": "red_roads" }, "geometry": { "type": "LineString", "coordinates": [ [ 276.0, 133.0 ], [ 282.0, 137.0 ], [ 287.0, 138.0 ], [ 295.0, 144.0 ], [ 299.0, 142.0 ], [ 302.0, 133.0 ] ] } },
{ "type": "Feature", "properties": { "layer": "red_roads" }, "geometry": { "type": "LineString", "coordinates": [ [ 279.0, 122.0 ], [ 280.0, 123.0 ] ] } },
{ "type": "Feature", "properties": { "layer": "red_roads" }, "geometry": { "type": "LineString", "coordinates": [ [ 279.0, 122.0 ], [ 279.0, 123.0 ] ] } },
{ "type": "Feature", "properties": { "layer": "red_roads" }, "geometry": { "type": "LineString", "coordinates": [ [ 279.0, 123.0 ], [ 280.0, 123.0 ] ] } },
{ "type": "Feature", "properties": { "layer": "red_roads" }, "geometry": { "type": "LineString", "coordinates": [ [ 279.0, 123.0 ], [ 279.0, 124.0 ] ] } },
{ "type": "Feature", "properties": { "layer": "red_roads" }, "geometry": { "type": "LineString", "coordinates": [ [ 279.0, 124.0 ], [ 280.0, 123.0 ] ] } },
{ "type": "Feature", "properties": { "layer": "red_roads" }, "geometry": { "type": "LineString", "coordinates": [ [ 280.0, 123.0 ], [ 281.0, 123.0 ] ] } },
{ "type": "Feature", "properties": { "layer": "red_roads" }, "geometry": { "type": "LineString", "coordinates": [ [ 280.0, 123.0 ], [ 281.0, 122.0 ] ] } },
{ "type": "Feature", "properties": { "layer": "red_roads" }, "geometry": { "type": "LineString", "coordinates": [ [ 281.0, 122.0 ], [ 282.0, 123.0 ] ] } },
{ "type": "Feature", "properties": { "layer": "red_roads" }, "geometry": { "type": "LineString", "coordinates": [ [ 281.0, 122.0 ], [ 281.0, 123.0 ] ] } },
{ "type": "Feature", "properties": { "layer": "red_roads" }, "geometry": { "type": "LineString", "coordinates": [ [ 284.0, 114.0 ], [ 281.0, 122.0 ] ] } },
{ "type": "Feature", "properties": { "layer": "red_roads" }, "geometry": { "type": "LineString", "coordinates": [ [ 281.0, 123.0 ], [ 282.0, 123.0 ] ] } },
{ "type": "Feature", "properties": { "layer": "red_roads" }, "geometry": { "type": "LineString", "coordinates": [ [ 282.0, 123.0 ], [ 290.0, 126.0 ] ] } },
{ "type": "Feature", "properties": { "layer": "red_roads" }, "geometry": { "type": "LineString", "coordinates": [ [ 284.0, 112.0 ], [ 285.0, 113.0 ] ] } },
{ "type": "Feature", "properties": { "layer": "red_roads" }, "geometry": { "type": "LineString", "coordinates": [ [ 284.0, 112.0 ], [ 284.0, 113.0 ] ] } },
{ "type": "Feature", "properties": { "layer": "red_roads" }, "geometry": { "type": "LineString", "coordinates": [ [ 285.0, 108.0 ], [ 284.0, 112.0 ] ] } },
{ "type": "Feature", "properties": { "layer": "red_roads" }, "geometry": { "type": "LineString", "coordinates": [ [ 284.0, 113.0 ], [ 285.0, 113.0 ] ] } },
{ "type": "Feature", "properties": { "layer": "red_roads" }, "geometry": { "type": "LineString", "coordinates": [ [ 284.0, 113.0 ], [ 284.0, 114.0 ] ] } },
{ "type": "Feature", "properties": { "layer": "red_roads" }, "geometry": { "type": "LineString", "coordinates": [ [ 284.0, 114.0 ], [ 285.0, 113.0 ] ] } },
{ "type": "Feature", "properties": { "layer": "red_roads" }, "geometry": { "type": "LineString", "coordinates": [ [ 285.0, 113.0 ], [ 294.0, 117.0 ] ] } },
{ "type": "Feature", "properties": { "layer": "red_roads" }, "geometry": { "type": "LineString", "coordinates": [ [ 296.0, 130.0 ], [ 301.0, 132.0 ] ] } },
{ "type": "Feature", "properties": { "layer": "red_roads" }, "geometry": { "type": "LineString", "coordinates": [ [ 301.0, 122.0 ], [ 306.0, 124.0 ] ] } },
{ "type": "Feature", "properties": { "layer": "red_roads" }, "geometry": { "type": "LineString", "coordinates": [ [ 301.0, 132.0 ], [ 302.0, 132.0 ] ] } },
{ "type": "Feature", "properties": { "layer": "red_roads" }, "geometry": { "type": "LineString", "coordinates": [ [ 301.0, 132.0 ], [ 302.0, 133.0 ] ] } },
{ "type": "Feature", "properties": { "layer": "red_roads" }, "geometry": { "type": "LineString", "coordinates": [ [ 302.0, 132.0 ], [ 303.0, 132.0 ] ] } },
{ "type": "Feature", "properties": { "layer": "red_roads" }, "geometry": { "type": "LineString", "coordinates": [ [ 302.0, 132.0 ], [ 302.0, 133.0 ] ] } },
{ "type": "Feature", "properties": { "layer": "red_roads" }, "geometry": { "type": "LineString", "coordinates": [ [ 302.0, 133.0 ], [ 303.0, 132.0 ] ] } },
{ "type": "Feature", "properties": { "layer": "red_roads" }, "geometry": { "type": "LineString", "coordinates": [ [ 306.0, 125.0 ], [ 306.0, 128.0 ], [ 303.0, 132.0 ] ] } },
{ "type": "Feature", "properties": { "layer": "red_roads" }, "geometry": { "type": "LineString", "coordinates": [ [ 305.0, 144.0 ], [ 311.0, 148.0 ], [ 314.0, 147.0 ] ] } },
{ "type": "Feature", "properties": { "layer": "red_roads" }, "geometry": { "type": "LineString", "coordinates": [ [ 306.0, 124.0 ], [ 307.0, 124.0 ] ] } },
{ "type": "Feature", "properties": { "layer": "red_roads" }, "geometry": { "type": "LineString", "coordinates": [ [ 306.0, 124.0 ], [ 306.0, 125.0 ] ] } },
{ "type": "Feature", "properties": { "layer": "red_roads" }, "geometry": { "type": "LineString", "coordinates": [ [ 306.0, 125.0 ], [ 307.0, 124.0 ] ] } },
{ "type": "Feature", "properties": { "layer": "red_roads" }, "geometry": { "type": "LineString", "coordinates": [ [ 307.0, 124.0 ], [ 308.0, 124.0 ] ] } },
{ "type": "Feature", "properties": { "layer": "red_roads" }, "geometry": { "type": "LineString", "coordinates": [ [ 316.0, 122.0 ], [ 321.0, 129.0 ] ] } },
{ "type": "Feature", "properties": { "layer": "red_roads" }, "geometry": { "type": "LineString", "coordinates": [ [ 348.0, 396.0 ], [ 347.0, 397.0 ], [ 349.0, 400.0 ], [ 352.0, 397.0 ] ] } },
{ "type": "Feature", "properties": { "layer": "red_roads" }, "geometry": { "type": "LineString", "coordinates": [ [ 348.0, 547.0 ], [ 359.0, 543.0 ], [ 373.0, 536.0 ], [ 376.0, 533.0 ], [ 376.0, 529.0 ], [ 369.0, 520.0 ], [ 361.0, 522.0 ] ] } },
{ "type": "Feature", "properties": { "layer": "red_roads" }, "geometry": { "type": "LineString", "coordinates": [ [ 371.0, 591.0 ], [ 372.0, 592.0 ] ] } },
{ "type": "Feature", "properties": { "layer": "red_roads" }, "geometry": { "type": "LineString", "coordinates": [ [ 372.0, 593.0 ], [ 371.0, 597.0 ] ] } },
{ "type": "Feature", "properties": { "layer": "red_roads" }, "geometry": { "type": "LineString", "coordinates": [ [ 372.0, 592.0 ], [ 373.0, 592.0 ] ] } },
{ "type": "Feature", "properties": { "layer": "red_roads" }, "geometry": { "type": "LineString", "coordinates": [ [ 372.0, 592.0 ], [ 372.0, 593.0 ] ] } },
{ "type": "Feature", "properties": { "layer": "red_roads" }, "geometry": { "type": "LineString", "coordinates": [ [ 372.0, 593.0 ], [ 373.0, 592.0 ] ] } },
{ "type": "Feature", "properties": { "layer": "red_roads" }, "geometry": { "type": "LineString", "coordinates": [ [ 373.0, 592.0 ], [ 386.0, 585.0 ] ] } },
{ "type": "Feature", "properties": { "layer": "red_roads" }, "geometry": { "type": "LineString", "coordinates": [ [ 408.0, 636.0 ], [ 411.0, 637.0 ] ] } },
{ "type": "Feature", "properties": { "layer": "red_roads" }, "geometry": { "type": "LineString", "coordinates": [ [ 409.0, 644.0 ], [ 412.0, 638.0 ] ] } },
{ "type": "Feature", "properties": { "layer": "red_roads" }, "geometry": { "type": "LineString", "coordinates": [ [ 411.0, 637.0 ], [ 412.0, 637.0 ] ] } },
{ "type": "Feature", "properties": { "layer": "red_roads" }, "geometry": { "type": "LineString", "coordinates": [ [ 411.0, 637.0 ], [ 412.0, 638.0 ] ] } },
{ "type": "Feature", "properties": { "layer": "red_roads" }, "geometry": { "type": "LineString", "coordinates": [ [ 412.0, 637.0 ], [ 413.0, 637.0 ] ] } },
{ "type": "Feature", "properties": { "layer": "red_roads" }, "geometry": { "type": "LineString", "coordinates": [ [ 412.0, 637.0 ], [ 412.0, 638.0 ] ] } },
{ "type": "Feature", "properties": { "layer": "red_roads" }, "geometry": { "type": "LineString", "coordinates": [ [ 412.0, 637.0 ], [ 413.0, 636.0 ] ] } },
{ "type": "Feature", "properties": { "layer": "red_roads" }, "geometry": { "type": "LineString", "coordinates": [ [ 412.0, 638.0 ], [ 413.0, 637.0 ] ] } },
{ "type": "Feature", "properties": { "layer": "red_roads" }, "geometry": { "type": "LineString", "coordinates": [ [ 413.0, 636.0 ], [ 413.0, 637.0 ] ] } },
{ "type": "Feature", "properties": { "layer": "red_roads" }, "geometry": { "type": "LineString", "coordinates": [ [ 415.0, 630.0 ], [ 413.0, 636.0 ] ] } },
{ "type": "Feature", "properties": { "layer": "red_roads" }, "geometry": { "type": "LineString", "coordinates": [ [ 413.0, 637.0 ], [ 418.0, 639.0 ] ] } },
{ "type": "Feature", "properties": { "layer": "red_roads" }, "geometry": { "type": "LineString", "coordinates": [ [ 415.0, 565.0 ], [ 421.0, 578.0 ] ] } },
{ "type": "Feature", "properties": { "layer": "red_roads" }, "geometry": { "type": "LineString", "coordinates": [ [ 418.0, 528.0 ], [ 421.0, 534.0 ] ] } },
{ "type": "Feature", "properties": { "layer": "red_roads" }, "geometry": { "type": "LineString", "coordinates": [ [ 422.0, 522.0 ], [ 427.0, 530.0 ], [ 426.0, 532.0 ] ] } },
{ "type": "Feature", "properties": { "layer": "red_roads" }, "geometry": { "type": "LineString", "coordinates": [ [ 437.0, 611.0 ], [ 439.0, 612.0 ], [ 449.0, 609.0 ] ] } },
{ "type": "Feature", "properties": { "layer": "red_roads" }, "geometry": { "type": "LineString", "coordinates": [ [ 455.0, 616.0 ], [ 465.0, 611.0 ] ] } },
{ "type": "Feature", "properties": { "layer": "red_roads" }, "geometry": { "type": "LineString", "coordinates": [ [ 463.0, 601.0 ], [ 467.0, 597.0 ] ] } },
{ "type": "Feature", "properties": { "layer": "red_roads" }, "geometry": { "type": "LineString", "coordinates": [ [ 523.0, 783.0 ], [ 529.0, 784.0 ], [ 541.0, 779.0 ], [ 551.0, 779.0 ] ] } },
{ "type": "Feature", "properties": { "layer": "red_roads" }, "geometry": { "type": "LineString", "coordinates": [ [ 606.0, 624.0 ], [ 608.0, 625.0 ] ] } },
{ "type": "Feature", "properties": { "layer": "red_roads" }, "geometry": { "type": "LineString", "coordinates": [ [ 635.0, 56.0 ], [ 639.0, 56.0 ], [ 642.0, 53.0 ] ] } },
{ "type": "Feature", "properties": { "layer": "red_roads" }, "geometry": { "type": "LineString", "coordinates": [ [ 647.0, 370.0 ], [ 648.0, 369.0 ] ] } },
{ "type": "Feature", "properties": { "layer": "red_roads" }, "geometry": { "type": "LineString", "coordinates": [ [ 648.0, 368.0 ], [ 649.0, 368.0 ] ] } },
{ "type": "Feature", "properties": { "layer": "red_roads" }, "geometry": { "type": "LineString", "coordinates": [ [ 648.0, 368.0 ], [ 648.0, 369.0 ] ] } },
{ "type": "Feature", "properties": { "layer": "red_roads" }, "geometry": { "type": "LineString", "coordinates": [ [ 648.0, 368.0 ], [ 649.0, 368.0 ] ] } },
{ "type": "Feature", "properties": { "layer": "red_roads" }, "geometry": { "type": "LineString", "coordinates": [ [ 648.0, 369.0 ], [ 649.0, 368.0 ] ] } },
{ "type": "Feature", "properties": { "layer": "red_roads" }, "geometry": { "type": "LineString", "coordinates": [ [ 649.0, 368.0 ], [ 655.0, 365.0 ] ] } },
{ "type": "Feature", "properties": { "layer": "red_roads" }, "geometry": { "type": "LineString", "coordinates": [ [ 655.0, 365.0 ], [ 656.0, 365.0 ] ] } },
{ "type": "Feature", "properties": { "layer": "red_roads" }, "geometry": { "type": "LineString", "coordinates": [ [ 655.0, 365.0 ], [ 656.0, 364.0 ] ] } },
{ "type": "Feature", "properties": { "layer": "red_roads" }, "geometry": { "type": "LineString", "coordinates": [ [ 656.0, 364.0 ], [ 656.0, 365.0 ] ] } },
{ "type": "Feature", "properties": { "layer": "red_roads" }, "geometry": { "type": "LineString", "coordinates": [ [ 656.0, 364.0 ], [ 656.0, 365.0 ] ] } },
{ "type": "Feature", "properties": { "layer": "red_roads" }, "geometry": { "type": "LineString", "coordinates": [ [ 656.0, 364.0 ], [ 657.0, 363.0 ] ] } },
{ "type": "Feature", "properties": { "layer": "red_roads" }, "geometry": { "type": "LineString", "coordinates": [ [ 658.0, 391.0 ], [ 660.0, 388.0 ], [ 667.0, 385.0 ] ] } },
{ "type": "Feature", "properties": { "layer": "red_roads" }, "geometry": { "type": "LineString", "coordinates": [ [ 697.0, 22.0 ], [ 703.0, 19.0 ] ] } },
{ "type": "Feature", "properties": { "layer": "red_roads" }, "geometry": { "type": "LineString", "coordinates": [ [ 701.0, 16.0 ], [ 703.0, 19.0 ] ] } },
{ "type": "Feature", "properties": { "layer": "red_roads" }, "geometry": { "type": "LineString", "coordinates": [ [ 703.0, 19.0 ], [ 705.0, 20.0 ] ] } },
{ "type": "Feature", "properties": { "layer": "red_roads" }, "geometry": { "type": "LineString", "coordinates": [ [ 705.0, 20.0 ], [ 706.0, 21.0 ] ] } },
{ "type": "Feature", "properties": { "layer": "red_roads" }, "geometry": { "type": "LineString", "coordinates": [ [ 705.0, 20.0 ], [ 705.0, 21.0 ] ] } },
{ "type": "Feature", "properties": { "layer": "red_roads" }, "geometry": { "type": "LineString", "coordinates": [ [ 705.0, 21.0 ], [ 706.0, 21.0 ] ] } },
{ "type": "Feature", "properties": { "layer": "red_roads" }, "geometry": { "type": "LineString", "coordinates": [ [ 705.0, 21.0 ], [ 704.0, 25.0 ], [ 706.0, 33.0 ] ] } },
{ "type": "Feature", "properties": { "layer": "red_roads" }, "geometry": { "type": "LineString", "coordinates": [ [ 706.0, 21.0 ], [ 709.0, 23.0 ] ] } },
{ "type": "Feature", "properties": { "layer": "red_roads" }, "geometry": { "type": "LineString", "coordinates": [ [ 728.0, 24.0 ], [ 735.0, 22.0 ] ] } },
{ "type": "Feature", "properties": { "layer": "red_roads" }, "geometry": { "type": "LineString", "coordinates": [ [ 774.0, 8.0 ], [ 773.0, 11.0 ], [ 776.0, 19.0 ] ] } },
{ "type": "Feature", "properties": { "layer": "red_roads" }, "geometry": { "type": "LineString", "coordinates": [ [ 800.0, 401.0 ], [ 793.0, 403.0 ], [ 790.0, 407.0 ], [ 790.0, 413.0 ], [ 793.0, 418.0 ] ] } },
{ "type": "Feature", "properties": { "layer": "red_roads" }, "geometry": { "type": "LineString", "coordinates": [ [ 796.0, 423.0 ], [ 799.0, 432.0 ], [ 802.0, 435.0 ], [ 815.0, 432.0 ], [ 822.0, 428.0 ] ] } },
{ "type": "Feature", "properties": { "layer": "red_roads" }, "geometry": { "type": "LineString", "coordinates": [ [ 815.0, 2.0 ], [ 814.0, 4.0 ], [ 818.0, 9.0 ], [ 822.0, 7.0 ] ] } },
{ "type": "Feature", "properties": { "layer": "red_roads" }, "geometry": { "type": "LineString", "coordinates": [ [ 819.0, 404.0 ], [ 825.0, 417.0 ] ] } },
{ "type": "Feature", "properties": { "layer": "red_roads" }, "geometry": { "type": "LineString", "coordinates": [ [ 822.0, 425.0 ], [ 822.0, 427.0 ] ] } },
{ "type": "Feature", "properties": { "layer": "red_roads" }, "geometry": { "type": "LineString", "coordinates": [ [ 822.0, 427.0 ], [ 823.0, 428.0 ] ] } },
{ "type": "Feature", "properties": { "layer": "red_roads" }, "geometry": { "type": "LineString", "coordinates": [ [ 822.0, 427.0 ], [ 822.0, 428.0 ] ] } },
{ "type": "Feature", "properties": { "layer": "red_roads" }, "geometry": { "type": "LineString", "coordinates": [ [ 822.0, 428.0 ], [ 823.0, 428.0 ] ] } },
{ "type": "Feature", "properties": { "layer": "red_roads" }, "geometry": { "type": "LineString", "coordinates": [ [ 823.0, 428.0 ], [ 829.0, 425.0 ] ] } },
{ "type": "Feature", "properties": { "layer": "red_roads" }, "geometry": { "type": "LineString", "coordinates": [ [ 948.0, 4.0 ], [ 951.0, 6.0 ], [ 953.0, 11.0 ] ] } },
{ "type": "Feature", "properties": { "layer": "red_roads" }, "geometry": { "type": "LineString", "coordinates": [ [ 987.0, 58.0 ], [ 992.0, 67.0 ] ] } },
{ "type": "Feature", "properties": { "layer": "red_roads" }, "geometry": { "type": "LineString", "coordinates": [ [ 1025.0, 90.0 ], [ 1031.0, 89.0 ] ] } },
{ "type": "Feature", "properties": { "layer": "red_roads" }, "geometry": { "type": "LineString", "coordinates": [ [ 1082.0, 87.0 ], [ 1085.0, 95.0 ] ] } },
{ "type": "Feature", "properties": { "layer": "red_roads" }, "geometry": { "type": "LineString", "coordinates": [ [ 1108.0, 83.0 ], [ 1114.0, 92.0 ], [ 1114.0, 97.0 ] ] } },
{ "type": "Feature", "properties": { "layer": "red_roads" }, "geometry": { "type": "LineString", "coordinates": [ [ 1148.0, 492.0 ], [ 1148.0, 499.0 ], [ 1146.0, 501.0 ], [ 1143.0, 510.0 ], [ 1143.0, 515.0 ], [ 1141.0, 518.0 ] ] } },
{ "type": "Feature", "properties": { "layer": "red_roads" }, "geometry": { "type": "LineString", "coordinates": [ [ 1164.0, 453.0 ], [ 1161.0, 466.0 ], [ 1156.0, 475.0 ] ] } },
{ "type": "Feature", "properties": { "layer": "red_roads" }, "geometry": { "type": "LineString", "coordinates": [ [ 1162.0, 382.0 ], [ 1166.0, 381.0 ] ] } },
{ "type": "Feature", "properties": { "layer": "red_roads" }, "geometry": { "type": "LineString", "coordinates": [ [ 1164.0, 387.0 ], [ 1167.0, 384.0 ] ] } },
{ "type": "Feature", "properties": { "layer": "red_roads" }, "geometry": { "type": "LineString", "coordinates": [ [ 1164.0, 451.0 ], [ 1165.0, 452.0 ] ] } },
{ "type": "Feature", "properties": { "layer": "red_roads" }, "geometry": { "type": "LineString", "coordinates": [ [ 1164.0, 451.0 ], [ 1164.0, 452.0 ] ] } },
{ "type": "Feature", "properties": { "layer": "red_roads" }, "geometry": { "type": "LineString", "coordinates": [ [ 1170.0, 421.0 ], [ 1171.0, 424.0 ], [ 1169.0, 427.0 ], [ 1168.0, 439.0 ], [ 1164.0, 446.0 ], [ 1164.0, 451.0 ] ] } },
{ "type": "Feature", "properties": { "layer": "red_roads" }, "geometry": { "type": "LineString", "coordinates": [ [ 1164.0, 452.0 ], [ 1165.0, 452.0 ] ] } },
{ "type": "Feature", "properties": { "layer": "red_roads" }, "geometry": { "type": "LineString", "coordinates": [ [ 1164.0, 452.0 ], [ 1164.0, 453.0 ] ] } },
{ "type": "Feature", "properties": { "layer": "red_roads" }, "geometry": { "type": "LineString", "coordinates": [ [ 1164.0, 453.0 ], [ 1165.0, 452.0 ] ] } },
{ "type": "Feature", "properties": { "layer": "red_roads" }, "geometry": { "type": "LineString", "coordinates": [ [ 1165.0, 452.0 ], [ 1167.0, 452.0 ] ] } },
{ "type": "Feature", "properties": { "layer": "red_roads" }, "geometry": { "type": "LineString", "coordinates": [ [ 1166.0, 381.0 ], [ 1167.0, 381.0 ] ] } },
{ "type": "Feature", "properties": { "layer": "red_roads" }, "geometry": { "type": "LineString", "coordinates": [ [ 1166.0, 381.0 ], [ 1167.0, 382.0 ] ] } },
{ "type": "Feature", "properties": { "layer": "red_roads" }, "geometry": { "type": "LineString", "coordinates": [ [ 1166.0, 381.0 ], [ 1167.0, 380.0 ] ] } },
{ "type": "Feature", "properties": { "layer": "red_roads" }, "geometry": { "type": "LineString", "coordinates": [ [ 1167.0, 380.0 ], [ 1167.0, 381.0 ] ] } },
{ "type": "Feature", "properties": { "layer": "red_roads" }, "geometry": { "type": "LineString", "coordinates": [ [ 1167.0, 380.0 ], [ 1169.0, 378.0 ] ] } },
{ "type": "Feature", "properties": { "layer": "red_roads" }, "geometry": { "type": "LineString", "coordinates": [ [ 1167.0, 381.0 ], [ 1167.0, 382.0 ] ] } },
{ "type": "Feature", "properties": { "layer": "red_roads" }, "geometry": { "type": "LineString", "coordinates": [ [ 1167.0, 382.0 ], [ 1167.0, 383.0 ] ] } },
{ "type": "Feature", "properties": { "layer": "red_roads" }, "geometry": { "type": "LineString", "coordinates": [ [ 1167.0, 383.0 ], [ 1168.0, 384.0 ] ] } },
{ "type": "Feature", "properties": { "layer": "red_roads" }, "geometry": { "type": "LineString", "coordinates": [ [ 1167.0, 383.0 ], [ 1167.0, 384.0 ] ] } },
{ "type": "Feature", "properties": { "layer": "red_roads" }, "geometry": { "type": "LineString", "coordinates": [ [ 1167.0, 384.0 ], [ 1168.0, 384.0 ] ] } },
{ "type": "Feature", "properties": { "layer": "red_roads" }, "geometry": { "type": "LineString", "coordinates": [ [ 1168.0, 384.0 ], [ 1170.0, 383.0 ] ] } },
{ "type": "Feature", "properties": { "layer": "red_roads" }, "geometry": { "type": "LineString", "coordinates": [ [ 1180.0, 368.0 ], [ 1173.0, 410.0 ] ] } },
{ "type": "Feature", "properties": { "layer": "red_roads" }, "geometry": { "type": "LineString", "coordinates": [ [ 1210.0, 53.0 ], [ 1216.0, 53.0 ], [ 1217.0, 56.0 ] ] } },
{ "type": "Feature", "properties": { "layer": "red_roads" }, "geometry": { "type": "LineString", "coordinates": [ [ 1213.0, 60.0 ], [ 1216.0, 58.0 ] ] } },
{ "type": "Feature", "properties": { "layer": "red_roads" }, "geometry": { "type": "LineString", "coordinates": [ [ 1216.0, 57.0 ], [ 1217.0, 57.0 ] ] } },
{ "type": "Feature", "properties": { "layer": "red_roads" }, "geometry": { "type": "LineString", "coordinates": [ [ 1216.0, 57.0 ], [ 1216.0, 58.0 ] ] } },
{ "type": "Feature", "properties": { "layer": "red_roads" }, "geometry": { "type": "LineString", "coordinates": [ [ 1216.0, 57.0 ], [ 1217.0, 56.0 ] ] } },
{ "type": "Feature", "properties": { "layer": "red_roads" }, "geometry": { "type": "LineString", "coordinates": [ [ 1216.0, 58.0 ], [ 1217.0, 57.0 ] ] } },
{ "type": "Feature", "properties": { "layer": "red_roads" }, "geometry": { "type": "LineString", "coordinates": [ [ 1217.0, 56.0 ], [ 1217.0, 57.0 ] ] } },
{ "type": "Feature", "properties": { "layer": "red_roads" }, "geometry": { "type": "LineString", "coordinates": [ [ 1217.0, 57.0 ], [ 1219.0, 58.0 ] ] } },
{ "type": "Feature", "properties": { "layer": "red_roads" }, "geometry": { "type": "LineString", "coordinates": [ [ 1239.0, 26.0 ], [ 1243.0, 26.0 ] ] } },
{ "type": "Feature", "properties": { "layer": "red_roads" }, "geometry": { "type": "LineString", "coordinates": [ [ 1277.0, 28.0 ], [ 1279.0, 30.0 ], [ 1282.0, 28.0 ] ] } },
{ "type": "Feature", "properties": { "layer": "red_roads" }, "geometry": { "type": "LineString", "coordinates": [ [ 1284.0, 52.0 ], [ 1289.0, 47.0 ], [ 1297.0, 45.0 ] ] } },
{ "type": "Feature", "properties": { "layer": "red_roads" }, "geometry": { "type": "LineString", "coordinates": [ [ 1297.0, 45.0 ], [ 1298.0, 45.0 ] ] } },
{ "type": "Feature", "properties": { "layer": "red_roads" }, "geometry": { "type": "LineString", "coordinates": [ [ 1297.0, 45.0 ], [ 1298.0, 44.0 ] ] } },
{ "type": "Feature", "properties": { "layer": "red_roads" }, "geometry": { "type": "LineString", "coordinates": [ [ 1298.0, 44.0 ], [ 1298.0, 45.0 ] ] } },
{ "type": "Feature", "properties": { "layer": "red_roads" }, "geometry": { "type": "LineString", "coordinates": [ [ 1298.0, 44.0 ], [ 1313.0, 37.0 ], [ 1316.0, 34.0 ], [ 1321.0, 33.0 ] ] } },
{ "type": "Feature", "properties": { "layer": "red_roads" }, "geometry": { "type": "LineString", "coordinates": [ [ 1298.0, 45.0 ], [ 1300.0, 48.0 ] ] } },
{ "type": "Feature", "properties": { "layer": "red_roads" }, "geometry": { "type": "LineString", "coordinates": [ [ 1301.0, 169.0 ], [ 1300.0, 173.0 ] ] } },
{ "type": "Feature", "properties": { "layer": "red_roads" }, "geometry": { "type": "LineString", "coordinates": [ [ 1301.0, 34.0 ], [ 1310.0, 29.0 ], [ 1313.0, 29.0 ], [ 1317.0, 25.0 ], [ 1317.0, 21.0 ] ] } },
{ "type": "Feature", "properties": { "layer": "red_roads" }, "geometry": { "type": "LineString", "coordinates": [ [ 1304.0, 8.0 ], [ 1303.0, 5.0 ], [ 1306.0, 4.0 ] ] } },
{ "type": "Feature", "properties": { "layer": "red_roads" }, "geometry": { "type": "LineString", "coordinates": [ [ 1306.0, 4.0 ], [ 1307.0, 4.0 ] ] } },
{ "type": "Feature", "properties": { "layer": "red_roads" }, "geometry": { "type": "LineString", "coordinates": [ [ 1306.0, 4.0 ], [ 1307.0, 3.0 ] ] } },
{ "type": "Feature", "properties": { "layer": "red_roads" }, "geometry": { "type": "LineString", "coordinates": [ [ 1306.0, 16.0 ], [ 1309.0, 19.0 ], [ 1316.0, 20.0 ] ] } },
{ "type": "Feature", "properties": { "layer": "red_roads" }, "geometry": { "type": "LineString", "coordinates": [ [ 1307.0, 0.0 ], [ 1307.0, 3.0 ] ] } },
{ "type": "Feature", "properties": { "layer": "red_roads" }, "geometry": { "type": "LineString", "coordinates": [ [ 1307.0, 3.0 ], [ 1307.0, 4.0 ] ] } },
{ "type": "Feature", "properties": { "layer": "red_roads" }, "geometry": { "type": "LineString", "coordinates": [ [ 1307.0, 4.0 ], [ 1310.0, 8.0 ], [ 1310.0, 12.0 ], [ 1314.0, 14.0 ], [ 1317.0, 17.0 ], [ 1317.0, 19.0 ] ] } },
{ "type": "Feature", "properties": { "layer": "red_roads" }, "geometry": { "type": "LineString", "coordinates": [ [ 1315.0, 499.0 ], [ 1314.0, 506.0 ], [ 1316.0, 509.0 ], [ 1316.0, 514.0 ], [ 1319.0, 518.0 ], [ 1318.0, 520.0 ] ] } },
{ "type": "Feature", "properties": { "layer": "red_roads" }, "geometry": { "type": "LineString", "coordinates": [ [ 1316.0, 20.0 ], [ 1317.0, 20.0 ] ] } },
{ "type": "Feature", "properties": { "layer": "red_roads" }, "geometry": { "type": "LineString", "coordinates": [ [ 1316.0, 20.0 ], [ 1317.0, 21.0 ] ] } },
{ "type": "Feature", "properties": { "layer": "red_roads" }, "geometry": { "type": "LineString", "coordinates": [ [ 1316.0, 20.0 ], [ 1317.0, 19.0 ] ] } },
{ "type": "Feature", "properties": { "layer": "red_roads" }, "geometry": { "type": "LineString", "coordinates": [ [ 1317.0, 19.0 ], [ 1318.0, 20.0 ] ] } },
{ "type": "Feature", "properties": { "layer": "red_roads" }, "geometry": { "type": "LineString", "coordinates": [ [ 1317.0, 19.0 ], [ 1317.0, 20.0 ] ] } },
{ "type": "Feature", "properties": { "layer": "red_roads" }, "geometry": { "type": "LineString", "coordinates": [ [ 1317.0, 20.0 ], [ 1318.0, 20.0 ] ] } },
{ "type": "Feature", "properties": { "layer": "red_roads" }, "geometry": { "type": "LineString", "coordinates": [ [ 1317.0, 20.0 ], [ 1317.0, 21.0 ] ] } },
{ "type": "Feature", "properties": { "layer": "red_roads" }, "geometry": { "type": "LineString", "coordinates": [ [ 1317.0, 21.0 ], [ 1318.0, 20.0 ] ] } },
{ "type": "Feature", "properties": { "layer": "red_roads" }, "geometry": { "type": "LineString", "coordinates": [ [ 1318.0, 20.0 ], [ 1320.0, 20.0 ] ] } },
{ "type": "Feature", "properties": { "layer": "red_roads" }, "geometry": { "type": "LineString", "coordinates": [ [ 1319.0, 494.0 ], [ 1319.0, 501.0 ], [ 1324.0, 517.0 ] ] } },
{ "type": "Feature", "properties": { "layer": "red_roads" }, "geometry": { "type": "LineString", "coordinates": [ [ 1321.0, 33.0 ], [ 1322.0, 33.0 ] ] } },
{ "type": "Feature", "properties": { "layer": "red_roads" }, "geometry": { "type": "LineString", "coordinates": [ [ 1321.0, 33.0 ], [ 1322.0, 32.0 ] ] } },
{ "type": "Feature", "properties": { "layer": "red_roads" }, "geometry": { "type": "LineString", "coordinates": [ [ 1322.0, 32.0 ], [ 1323.0, 33.0 ] ] } },
{ "type": "Feature", "properties": { "layer": "red_roads" }, "geometry": { "type": "LineString", "coordinates": [ [ 1322.0, 32.0 ], [ 1322.0, 33.0 ] ] } },
{ "type": "Feature", "properties": { "layer": "red_roads" }, "geometry": { "type": "LineString", "coordinates": [ [ 1322.0, 32.0 ], [ 1322.0, 29.0 ], [ 1325.0, 27.0 ] ] } },
{ "type": "Feature", "properties": { "layer": "red_roads" }, "geometry": { "type": "LineString", "coordinates": [ [ 1322.0, 33.0 ], [ 1323.0, 33.0 ] ] } },
{ "type": "Feature", "properties": { "layer": "red_roads" }, "geometry": { "type": "LineString", "coordinates": [ [ 1323.0, 33.0 ], [ 1327.0, 31.0 ] ] } },
{ "type": "Feature", "properties": { "layer": "red_roads" }, "geometry": { "type": "LineString", "coordinates": [ [ 1323.0, 314.0 ], [ 1329.0, 328.0 ], [ 1329.0, 333.0 ], [ 1335.0, 345.0 ], [ 1335.0, 349.0 ], [ 1341.0, 359.0 ] ] } },
{ "type": "Feature", "properties": { "layer": "red_roads" }, "geometry": { "type": "LineString", "coordinates": [ [ 1328.0, 552.0 ], [ 1327.0, 554.0 ], [ 1332.0, 567.0 ] ] } },
{ "type": "Feature", "properties": { "layer": "red_roads" }, "geometry": { "type": "LineString", "coordinates": [ [ 1329.0, 541.0 ], [ 1336.0, 561.0 ], [ 1336.0, 566.0 ] ] } },
{ "type": "Feature", "properties": { "layer": "red_roads" }, "geometry": { "type": "LineString", "coordinates": [ [ 1332.0, 567.0 ], [ 1333.0, 567.0 ] ] } },
{ "type": "Feature", "properties": { "layer": "red_roads" }, "geometry": { "type": "LineString", "coordinates": [ [ 1332.0, 567.0 ], [ 1332.0, 568.0 ] ] } },
{ "type": "Feature", "properties": { "layer": "red_roads" }, "geometry": { "type": "LineString", "coordinates": [ [ 1332.0, 568.0 ], [ 1334.0, 575.0 ] ] } },
{ "type": "Feature", "properties": { "layer": "red_roads" }, "geometry": { "type": "LineString", "coordinates": [ [ 1332.0, 568.0 ], [ 1333.0, 567.0 ] ] } },
{ "type": "Feature", "properties": { "layer": "red_roads" }, "geometry": { "type": "LineString", "coordinates": [ [ 1333.0, 567.0 ], [ 1335.0, 567.0 ] ] } },
{ "type": "Feature", "properties": { "layer": "red_roads" }, "geometry": { "type": "LineString", "coordinates": [ [ 1335.0, 567.0 ], [ 1336.0, 567.0 ] ] } },
{ "type": "Feature", "properties": { "layer": "red_roads" }, "geometry": { "type": "LineString", "coordinates": [ [ 1335.0, 567.0 ], [ 1336.0, 566.0 ] ] } },
{ "type": "Feature", "properties": { "layer": "red_roads" }, "geometry": { "type": "LineString", "coordinates": [ [ 1336.0, 566.0 ], [ 1337.0, 567.0 ] ] } },
{ "type": "Feature", "properties": { "layer": "red_roads" }, "geometry": { "type": "LineString", "coordinates": [ [ 1336.0, 566.0 ], [ 1336.0, 567.0 ] ] } },
{ "type": "Feature", "properties": { "layer": "red_roads" }, "geometry": { "type": "LineString", "coordinates": [ [ 1336.0, 567.0 ], [ 1337.0, 567.0 ] ] } },
{ "type": "Feature", "properties": { "layer": "red_roads" }, "geometry": { "type": "LineString", "coordinates": [ [ 1337.0, 567.0 ], [ 1340.0, 573.0 ] ] } },
{ "type": "Feature", "properties": { "layer": "red_roads" }, "geometry": { "type": "LineString", "coordinates": [ [ 1343.0, 342.0 ], [ 1345.0, 344.0 ] ] } },
{ "type": "Feature", "properties": { "layer": "red_roads" }, "geometry": { "type": "LineString", "coordinates": [ [ 1343.0, 364.0 ], [ 1353.0, 390.0 ] ] } },
{ "type": "Feature", "properties": { "layer": "red_roads" }, "geometry": { "type": "LineString", "coordinates": [ [ 1345.0, 344.0 ], [ 1346.0, 344.0 ] ] } },
{ "type": "Feature", "properties": { "layer": "red_roads" }, "geometry": { "type": "LineString", "coordinates": [ [ 1345.0, 344.0 ], [ 1346.0, 345.0 ] ] } },
{ "type": "Feature", "properties": { "layer": "red_roads" }, "geometry": { "type": "LineString", "coordinates": [ [ 1345.0, 344.0 ], [ 1346.0, 343.0 ] ] } },
{ "type": "Feature", "properties": { "layer": "red_roads" }, "geometry": { "type": "LineString", "coordinates": [ [ 1346.0, 197.0 ], [ 1346.0, 200.0 ] ] } },
{ "type": "Feature", "properties": { "layer": "red_roads" }, "geometry": { "type": "LineString", "coordinates": [ [ 1346.0, 343.0 ], [ 1346.0, 344.0 ] ] } },
{ "type": "Feature", "properties": { "layer": "red_roads" }, "geometry": { "type": "LineString", "coordinates": [ [ 1346.0, 343.0 ], [ 1353.0, 342.0 ], [ 1354.0, 346.0 ] ] } },
{ "type": "Feature", "properties": { "layer": "red_roads" }, "geometry": { "type": "LineString", "coordinates": [ [ 1346.0, 344.0 ], [ 1346.0, 345.0 ] ] } },
{ "type": "Feature", "properties": { "layer": "red_roads" }, "geometry": { "type": "LineString", "coordinates": [ [ 1346.0, 345.0 ], [ 1347.0, 348.0 ] ] } },
{ "type": "Feature", "properties": { "layer": "red_roads" }, "geometry": { "type": "LineString", "coordinates": [ [ 1347.0, 348.0 ], [ 1348.0, 348.0 ] ] } },
{ "type": "Feature", "properties": { "layer": "red_roads" }, "geometry": { "type": "LineString", "coordinates": [ [ 1347.0, 348.0 ], [ 1347.0, 349.0 ] ] } },
{ "type": "Feature", "properties": { "layer": "red_roads" }, "geometry": { "type": "LineString", "coordinates": [ [ 1347.0, 349.0 ], [ 1348.0, 351.0 ], [ 1353.0, 351.0 ], [ 1355.0, 348.0 ], [ 1354.0, 347.0 ] ] } },
{ "type": "Feature", "properties": { "layer": "red_roads" }, "geometry": { "type": "LineString", "coordinates": [ [ 1347.0, 349.0 ], [ 1348.0, 348.0 ] ] } },
{ "type": "Feature", "properties": { "layer": "red_roads" }, "geometry": { "type": "LineString", "coordinates": [ [ 1348.0, 348.0 ], [ 1353.0, 347.0 ] ] } },
{ "type": "Feature", "properties": { "layer": "red_roads" }, "geometry": { "type": "LineString", "coordinates": [ [ 1353.0, 347.0 ], [ 1354.0, 347.0 ] ] } },
{ "type": "Feature", "properties": { "layer": "red_roads" }, "geometry": { "type": "LineString", "coordinates": [ [ 1353.0, 347.0 ], [ 1354.0, 346.0 ] ] } },
{ "type": "Feature", "properties": { "layer": "red_roads" }, "geometry": { "type": "LineString", "coordinates": [ [ 1354.0, 346.0 ], [ 1354.0, 347.0 ] ] } },
{ "type": "Feature", "properties": { "layer": "red_roads" }, "geometry": { "type": "LineString", "coordinates": [ [ 1365.0, 303.0 ], [ 1369.0, 309.0 ] ] } },
{ "type": "Feature", "properties": { "layer": "red_roads" }, "geometry": { "type": "LineString", "coordinates": [ [ 1369.0, 309.0 ], [ 1370.0, 310.0 ] ] } },
{ "type": "Feature", "properties": { "layer": "red_roads" }, "geometry": { "type": "LineString", "coordinates": [ [ 1369.0, 309.0 ], [ 1369.0, 310.0 ] ] } },
{ "type": "Feature", "properties": { "layer": "red_roads" }, "geometry": { "type": "LineString", "coordinates": [ [ 1369.0, 310.0 ], [ 1370.0, 310.0 ] ] } },
{ "type": "Feature", "properties": { "layer": "red_roads" }, "geometry": { "type": "LineString", "coordinates": [ [ 1369.0, 310.0 ], [ 1369.0, 311.0 ] ] } },
{ "type": "Feature", "properties": { "layer": "red_roads" }, "geometry": { "type": "LineString", "coordinates": [ [ 1369.0, 311.0 ], [ 1369.0, 312.0 ] ] } },
{ "type": "Feature", "properties": { "layer": "red_roads" }, "geometry": { "type": "LineString", "coordinates": [ [ 1369.0, 311.0 ], [ 1370.0, 310.0 ] ] } },
{ "type": "Feature", "properties": { "layer": "red_roads" }, "geometry": { "type": "LineString", "coordinates": [ [ 1370.0, 310.0 ], [ 1388.0, 308.0 ] ] } },
{ "type": "Feature", "properties": { "layer": "red_roads" }, "geometry": { "type": "LineString", "coordinates": [ [ 1372.0, 39.0 ], [ 1374.0, 42.0 ] ] } },
{ "type": "Feature", "properties": { "layer": "red_roads" }, "geometry": { "type": "LineString", "coordinates": [ [ 1372.0, 440.0 ], [ 1372.0, 442.0 ], [ 1378.0, 446.0 ], [ 1377.0, 451.0 ] ] } },
{ "type": "Feature", "properties": { "layer": "red_roads" }, "geometry": { "type": "LineString", "coordinates": [ [ 1374.0, 42.0 ], [ 1375.0, 43.0 ] ] } },
{ "type": "Feature", "properties": { "layer": "red_roads" }, "geometry": { "type": "LineString", "coordinates": [ [ 1374.0, 42.0 ], [ 1374.0, 43.0 ] ] } },
{ "type": "Feature", "properties": { "layer": "red_roads" }, "geometry": { "type": "LineString", "coordinates": [ [ 1374.0, 43.0 ], [ 1375.0, 43.0 ] ] } },
{ "type": "Feature", "properties": { "layer": "red_roads" }, "geometry": { "type": "LineString", "coordinates": [ [ 1374.0, 43.0 ], [ 1374.0, 44.0 ] ] } },
{ "type": "Feature", "properties": { "layer": "red_roads" }, "geometry": { "type": "LineString", "coordinates": [ [ 1374.0, 44.0 ], [ 1374.0, 46.0 ] ] } },
{ "type": "Feature", "properties": { "layer": "red_roads" }, "geometry": { "type": "LineString", "coordinates": [ [ 1374.0, 44.0 ], [ 1375.0, 43.0 ] ] } },
{ "type": "Feature", "properties": { "layer": "red_roads" }, "geometry": { "type": "LineString", "coordinates": [ [ 1375.0, 43.0 ], [ 1378.0, 44.0 ] ] } },
{ "type": "Feature", "properties": { "layer": "red_roads" }, "geometry": { "type": "LineString", "coordinates": [ [ 1381.0, 460.0 ], [ 1383.0, 460.0 ] ] } },
{ "type": "Feature", "properties": { "layer": "red_roads" }, "geometry": { "type": "LineString", "coordinates": [ [ 1383.0, 460.0 ], [ 1384.0, 460.0 ] ] } },
{ "type": "Feature", "properties": { "layer": "red_roads" }, "geometry": { "type": "LineString", "coordinates": [ [ 1383.0, 460.0 ], [ 1384.0, 459.0 ] ] } },
{ "type": "Feature", "properties": { "layer": "red_roads" }, "geometry": { "type": "LineString", "coordinates": [ [ 1384.0, 459.0 ], [ 1384.0, 460.0 ] ] } },
{ "type": "Feature", "properties": { "layer": "red_roads" }, "geometry": { "type": "LineString", "coordinates": [ [ 1384.0, 459.0 ], [ 1385.0, 457.0 ] ] } },
{ "type": "Feature", "properties": { "layer": "red_roads" }, "geometry": { "type": "LineString", "coordinates": [ [ 1384.0, 460.0 ], [ 1386.0, 461.0 ] ] } },
{ "type": "Feature", "properties": { "layer": "red_roads" }, "geometry": { "type": "LineString", "coordinates": [ [ 1391.0, 469.0 ], [ 1397.0, 469.0 ], [ 1400.0, 467.0 ], [ 1405.0, 468.0 ] ] } },
{ "type": "Feature", "properties": { "layer": "red_roads" }, "geometry": { "type": "LineString", "coordinates": [ [ 1392.0, 63.0 ], [ 1398.0, 62.0 ], [ 1403.0, 72.0 ] ] } },
{ "type": "Feature", "properties": { "layer": "red_roads" }, "geometry": { "type": "LineString", "coordinates": [ [ 1392.0, 177.0 ], [ 1395.0, 177.0 ], [ 1399.0, 182.0 ] ] } },
{ "type": "Feature", "properties": { "layer": "red_roads" }, "geometry": { "type": "LineString", "coordinates": [ [ 1395.0, 2.0 ], [ 1406.0, 3.0 ], [ 1430.0, 0.0 ] ] } },
{ "type": "Feature", "properties": { "layer": "red_roads" }, "geometry": { "type": "LineString", "coordinates": [ [ 1402.0, 239.0 ], [ 1400.0, 247.0 ], [ 1395.0, 256.0 ] ] } },
{ "type": "Feature", "properties": { "layer": "red_roads" }, "geometry": { "type": "LineString", "coordinates": [ [ 1404.0, 191.0 ], [ 1405.0, 188.0 ], [ 1411.0, 188.0 ] ] } },
{ "type": "Feature", "properties": { "layer": "red_roads" }, "geometry": { "type": "LineString", "coordinates": [ [ 1405.0, 151.0 ], [ 1416.0, 146.0 ] ] } },
{ "type": "Feature", "properties": { "layer": "red_roads" }, "geometry": { "type": "LineString", "coordinates": [ [ 1407.0, 332.0 ], [ 1406.0, 335.0 ], [ 1411.0, 339.0 ] ] } },
{ "type": "Feature", "properties": { "layer": "red_roads" }, "geometry": { "type": "LineString", "coordinates": [ [ 1411.0, 188.0 ], [ 1412.0, 188.0 ] ] } },
{ "type": "Feature", "properties": { "layer": "red_roads" }, "geometry": { "type": "LineString", "coordinates": [ [ 1411.0, 188.0 ], [ 1412.0, 189.0 ] ] } },
{ "type": "Feature", "properties": { "layer": "red_roads" }, "geometry": { "type": "LineString", "coordinates": [ [ 1411.0, 339.0 ], [ 1412.0, 339.0 ] ] } },
{ "type": "Feature", "properties": { "layer": "red_roads" }, "geometry": { "type": "LineString", "coordinates": [ [ 1411.0, 339.0 ], [ 1411.0, 340.0 ] ] } },
{ "type": "Feature", "properties": { "layer": "red_roads" }, "geometry": { "type": "LineString", "coordinates": [ [ 1411.0, 340.0 ], [ 1412.0, 345.0 ], [ 1414.0, 347.0 ] ] } },
{ "type": "Feature", "properties": { "layer": "red_roads" }, "geometry": { "type": "LineString", "coordinates": [ [ 1411.0, 340.0 ], [ 1412.0, 339.0 ] ] } },
{ "type": "Feature", "properties": { "layer": "red_roads" }, "geometry": { "type": "LineString", "coordinates": [ [ 1412.0, 188.0 ], [ 1413.0, 188.0 ] ] } },
{ "type": "Feature", "properties": { "layer": "red_roads" }, "geometry": { "type": "LineString", "coordinates": [ [ 1412.0, 188.0 ], [ 1412.0, 189.0 ] ] } },
{ "type": "Feature", "properties": { "layer": "red_roads" }, "geometry": { "type": "LineString", "coordinates": [ [ 1412.0, 189.0 ], [ 1412.0, 190.0 ] ] } },
{ "type": "Feature", "properties": { "layer": "red_roads" }, "geometry": { "type": "LineString", "coordinates": [ [ 1412.0, 189.0 ], [ 1413.0, 188.0 ] ] } },
{ "type": "Feature", "properties": { "layer": "red_roads" }, "geometry": { "type": "LineString", "coordinates": [ [ 1412.0, 339.0 ], [ 1416.0, 336.0 ] ] } },
{ "type": "Feature", "properties": { "layer": "red_roads" }, "geometry": { "type": "LineString", "coordinates": [ [ 1413.0, 188.0 ], [ 1421.0, 181.0 ] ] } },
{ "type": "Feature", "properties": { "layer": "red_roads" }, "geometry": { "type": "LineString", "coordinates": [ [ 1414.0, 347.0 ], [ 1415.0, 347.0 ] ] } },
{ "type": "Feature", "properties": { "layer": "red_roads" }, "geometry": { "type": "LineString", "coordinates": [ [ 1414.0, 347.0 ], [ 1415.0, 348.0 ] ] } },
{ "type": "Feature", "properties": { "layer": "red_roads" }, "geometry": { "type": "LineString", "coordinates": [ [ 1415.0, 347.0 ], [ 1416.0, 347.0 ] ] } },
{ "type": "Feature", "properties": { "layer": "red_roads" }, "geometry": { "type": "LineString", "coordinates": [ [ 1415.0, 347.0 ], [ 1415.0, 348.0 ] ] } },
{ "type": "Feature", "properties": { "layer": "red_roads" }, "geometry": { "type": "LineString", "coordinates": [ [ 1415.0, 348.0 ], [ 1416.0, 355.0 ], [ 1418.0, 358.0 ] ] } },
{ "type": "Feature", "properties": { "layer": "red_roads" }, "geometry": { "type": "LineString", "coordinates": [ [ 1415.0, 348.0 ], [ 1416.0, 347.0 ] ] } },
{ "type": "Feature", "properties": { "layer": "red_roads" }, "geometry": { "type": "LineString", "coordinates": [ [ 1416.0, 336.0 ], [ 1417.0, 336.0 ] ] } },
{ "type": "Feature", "properties": { "layer": "red_roads" }, "geometry": { "type": "LineString", "coordinates": [ [ 1416.0, 336.0 ], [ 1417.0, 335.0 ] ] } },
{ "type": "Feature", "properties": { "layer": "red_roads" }, "geometry": { "type": "LineString", "coordinates": [ [ 1416.0, 347.0 ], [ 1421.0, 346.0 ] ] } },
{ "type": "Feature", "properties": { "layer": "red_roads" }, "geometry": { "type": "LineString", "coordinates": [ [ 1417.0, 335.0 ], [ 1418.0, 336.0 ] ] } },
{ "type": "Feature", "properties": { "layer": "red_roads" }, "geometry": { "type": "LineString", "coordinates": [ [ 1417.0, 335.0 ], [ 1417.0, 336.0 ] ] } },
{ "type": "Feature", "properties": { "layer": "red_roads" }, "geometry": { "type": "LineString", "coordinates": [ [ 1418.0, 330.0 ], [ 1417.0, 335.0 ] ] } },
{ "type": "Feature", "properties": { "layer": "red_roads" }, "geometry": { "type": "LineString", "coordinates": [ [ 1417.0, 336.0 ], [ 1418.0, 336.0 ] ] } },
{ "type": "Feature", "properties": { "layer": "red_roads" }, "geometry": { "type": "LineString", "coordinates": [ [ 1418.0, 336.0 ], [ 1421.0, 338.0 ], [ 1422.0, 345.0 ] ] } },
{ "type": "Feature", "properties": { "layer": "red_roads" }, "geometry": { "type": "LineString", "coordinates": [ [ 1418.0, 358.0 ], [ 1419.0, 358.0 ] ] } },
{ "type": "Feature", "properties": { "layer": "red_roads" }, "geometry": { "type": "LineString", "coordinates": [ [ 1418.0, 358.0 ], [ 1419.0, 359.0 ] ] } },
{ "type": "Feature", "properties": { "layer": "red_roads" }, "geometry": { "type": "LineString", "coordinates": [ [ 1419.0, 358.0 ], [ 1420.0, 358.0 ] ] } },
{ "type": "Feature", "properties": { "layer": "red_roads" }, "geometry": { "type": "LineString", "coordinates": [ [ 1419.0, 358.0 ], [ 1419.0, 359.0 ] ] } },
{ "type": "Feature", "properties": { "layer": "red_roads" }, "geometry": { "type": "LineString", "coordinates": [ [ 1419.0, 359.0 ], [ 1420.0, 367.0 ], [ 1422.0, 369.0 ] ] } },
{ "type": "Feature", "properties": { "layer": "red_roads" }, "geometry": { "type": "LineString", "coordinates": [ [ 1419.0, 359.0 ], [ 1420.0, 358.0 ] ] } },
{ "type": "Feature", "properties": { "layer": "red_roads" }, "geometry": { "type": "LineString", "coordinates": [ [ 1420.0, 358.0 ], [ 1426.0, 357.0 ] ] } },
{ "type": "Feature", "properties": { "layer": "red_roads" }, "geometry": { "type": "LineString", "coordinates": [ [ 1421.0, 346.0 ], [ 1422.0, 346.0 ] ] } },
{ "type": "Feature", "properties": { "layer": "red_roads" }, "geometry": { "type": "LineString", "coordinates": [ [ 1421.0, 346.0 ], [ 1422.0, 345.0 ] ] } },
{ "type": "Feature", "properties": { "layer": "red_roads" }, "geometry": { "type": "LineString", "coordinates": [ [ 1422.0, 345.0 ], [ 1423.0, 346.0 ] ] } },
{ "type": "Feature", "properties": { "layer": "red_roads" }, "geometry": { "type": "LineString", "coordinates": [ [ 1422.0, 345.0 ], [ 1422.0, 346.0 ] ] } },
{ "type": "Feature", "properties": { "layer": "red_roads" }, "geometry": { "type": "LineString", "coordinates": [ [ 1422.0, 346.0 ], [ 1423.0, 346.0 ] ] } },
{ "type": "Feature", "properties": { "layer": "red_roads" }, "geometry": { "type": "LineString", "coordinates": [ [ 1422.0, 369.0 ], [ 1423.0, 369.0 ] ] } },
{ "type": "Feature", "properties": { "layer": "red_roads" }, "geometry": { "type": "LineString", "coordinates": [ [ 1422.0, 369.0 ], [ 1423.0, 370.0 ] ] } },
{ "type": "Feature", "properties": { "layer": "red_roads" }, "geometry": { "type": "LineString", "coordinates": [ [ 1423.0, 346.0 ], [ 1426.0, 349.0 ], [ 1427.0, 356.0 ] ] } },
{ "type": "Feature", "properties": { "layer": "red_roads" }, "geometry": { "type": "LineString", "coordinates": [ [ 1423.0, 369.0 ], [ 1424.0, 369.0 ] ] } },
{ "type": "Feature", "properties": { "layer": "red_roads" }, "geometry": { "type": "LineString", "coordinates": [ [ 1423.0, 369.0 ], [ 1423.0, 370.0 ] ] } },
{ "type": "Feature", "properties": { "layer": "red_roads" }, "geometry": { "type": "LineString", "coordinates": [ [ 1423.0, 370.0 ], [ 1425.0, 378.0 ] ] } },
{ "type": "Feature", "properties": { "layer": "red_roads" }, "geometry": { "type": "LineString", "coordinates": [ [ 1423.0, 370.0 ], [ 1424.0, 369.0 ] ] } },
{ "type": "Feature", "properties": { "layer": "red_roads" }, "geometry": { "type": "LineString", "coordinates": [ [ 1424.0, 90.0 ], [ 1425.0, 91.0 ] ] } },
{ "type": "Feature", "properties": { "layer": "red_roads" }, "geometry": { "type": "LineString", "coordinates": [ [ 1425.0, 91.0 ], [ 1424.0, 95.0 ] ] } },
{ "type": "Feature", "properties": { "layer": "red_roads" }, "geometry": { "type": "LineString", "coordinates": [ [ 1424.0, 369.0 ], [ 1431.0, 367.0 ] ] } },
{ "type": "Feature", "properties": { "layer": "red_roads" }, "geometry": { "type": "LineString", "coordinates": [ [ 1425.0, 91.0 ], [ 1429.0, 87.0 ] ] } },
{ "type": "Feature", "properties": { "layer": "red_roads" }, "geometry": { "type": "LineString", "coordinates": [ [ 1425.0, 378.0 ], [ 1426.0, 378.0 ] ] } },
{ "type": "Feature", "properties": { "layer": "red_roads" }, "geometry": { "type": "LineString", "coordinates": [ [ 1425.0, 378.0 ], [ 1426.0, 379.0 ] ] } },
{ "type": "Feature", "properties": { "layer": "red_roads" }, "geometry": { "type": "LineString", "coordinates": [ [ 1425.0, 433.0 ], [ 1431.0, 431.0 ] ] } },
{ "type": "Feature", "properties": { "layer": "red_roads" }, "geometry": { "type": "LineString", "coordinates": [ [ 1426.0, 140.0 ], [ 1425.0, 142.0 ], [ 1429.0, 144.0 ] ] } },
{ "type": "Feature", "properties": { "layer": "red_roads" }, "geometry": { "type": "LineString", "coordinates": [ [ 1426.0, 357.0 ], [ 1427.0, 357.0 ] ] } },
{ "type": "Feature", "properties": { "layer": "red_roads" }, "geometry": { "type": "LineString", "coordinates": [ [ 1426.0, 357.0 ], [ 1427.0, 356.0 ] ] } },
{ "type": "Feature", "properties": { "layer": "red_roads" }, "geometry": { "type": "LineString", "coordinates": [ [ 1426.0, 378.0 ], [ 1427.0, 378.0 ] ] } },
{ "type": "Feature", "properties": { "layer": "red_roads" }, "geometry": { "type": "LineString", "coordinates": [ [ 1426.0, 378.0 ], [ 1426.0, 379.0 ] ] } },
{ "type": "Feature", "properties": { "layer": "red_roads" }, "geometry": { "type": "LineString", "coordinates": [ [ 1426.0, 379.0 ], [ 1427.0, 386.0 ], [ 1429.0, 388.0 ] ] } },
{ "type": "Feature", "properties": { "layer": "red_roads" }, "geometry": { "type": "LineString", "coordinates": [ [ 1426.0, 379.0 ], [ 1427.0, 378.0 ] ] } },
{ "type": "Feature", "properties": { "layer": "red_roads" }, "geometry": { "type": "LineString", "coordinates": [ [ 1427.0, 356.0 ], [ 1428.0, 357.0 ] ] } },
{ "type": "Feature", "properties": { "layer": "red_roads" }, "geometry": { "type": "LineString", "coordinates": [ [ 1427.0, 356.0 ], [ 1427.0, 357.0 ] ] } },
{ "type": "Feature", "properties": { "layer": "red_roads" }, "geometry": { "type": "LineString", "coordinates": [ [ 1427.0, 357.0 ], [ 1428.0, 357.0 ] ] } },
{ "type": "Feature", "properties": { "layer": "red_roads" }, "geometry": { "type": "LineString", "coordinates": [ [ 1427.0, 378.0 ], [ 1433.0, 377.0 ], [ 1435.0, 375.0 ] ] } },
{ "type": "Feature", "properties": { "layer": "red_roads" }, "geometry": { "type": "LineString", "coordinates": [ [ 1428.0, 357.0 ], [ 1430.0, 358.0 ], [ 1430.0, 364.0 ], [ 1432.0, 366.0 ] ] } },
{ "type": "Feature", "properties": { "layer": "red_roads" }, "geometry": { "type": "LineString", "coordinates": [ [ 1428.0, 480.0 ], [ 1434.0, 477.0 ], [ 1435.0, 473.0 ], [ 1438.0, 471.0 ] ] } },
{ "type": "Feature", "properties": { "layer": "red_roads" }, "geometry": { "type": "LineString", "coordinates": [ [ 1429.0, 144.0 ], [ 1430.0, 144.0 ] ] } },
{ "type": "Feature", "properties": { "layer": "red_roads" }, "geometry": { "type": "LineString", "coordinates": [ [ 1429.0, 144.0 ], [ 1430.0, 145.0 ] ] } },
{ "type": "Feature", "properties": { "layer": "red_roads" }, "geometry": { "type": "LineString", "coordinates": [ [ 1429.0, 144.0 ], [ 1430.0, 143.0 ] ] } },
{ "type": "Feature", "properties": { "layer": "red_roads" }, "geometry": { "type": "LineString", "coordinates": [ [ 1429.0, 388.0 ], [ 1430.0, 388.0 ] ] } },
{ "type": "Feature", "properties": { "layer": "red_roads" }, "geometry": { "type": "LineString", "coordinates": [ [ 1429.0, 388.0 ], [ 1430.0, 389.0 ] ] } },
{ "type": "Feature", "properties": { "layer": "red_roads" }, "geometry": { "type": "LineString", "coordinates": [ [ 1430.0, 143.0 ], [ 1430.0, 144.0 ] ] } },
{ "type": "Feature", "properties": { "layer": "red_roads" }, "geometry": { "type": "LineString", "coordinates": [ [ 1430.0, 143.0 ], [ 1431.0, 142.0 ] ] } },
{ "type": "Feature", "properties": { "layer": "red_roads" }, "geometry": { "type": "LineString", "coordinates": [ [ 1430.0, 144.0 ], [ 1430.0, 145.0 ] ] } },
{ "type": "Feature", "properties": { "layer": "red_roads" }, "geometry": { "type": "LineString", "coordinates": [ [ 1430.0, 145.0 ], [ 1430.0, 147.0 ] ] } },
{ "type": "Feature", "properties": { "layer": "red_roads" }, "geometry": { "type": "LineString", "coordinates": [ [ 1430.0, 388.0 ], [ 1430.0, 389.0 ] ] } },
{ "type": "Feature", "properties": { "layer": "red_roads" }, "geometry": { "type": "LineString", "coordinates": [ [ 1430.0, 388.0 ], [ 1437.0, 387.0 ], [ 1439.0, 385.0 ] ] } },
{ "type": "Feature", "properties": { "layer": "red_roads" }, "geometry": { "type": "LineString", "coordinates": [ [ 1430.0, 389.0 ], [ 1431.0, 397.0 ], [ 1439.0, 402.0 ] ] } },
{ "type": "Feature", "properties": { "layer": "red_roads" }, "geometry": { "type": "LineString", "coordinates": [ [ 1431.0, 367.0 ], [ 1432.0, 367.0 ] ] } },
{ "type": "Feature", "properties": { "layer": "red_roads" }, "geometry": { "type": "LineString", "coordinates": [ [ 1431.0, 367.0 ], [ 1432.0, 366.0 ] ] } },
{ "type": "Feature", "properties": { "layer": "red_roads" }, "geometry": { "type": "LineString", "coordinates": [ [ 1432.0, 366.0 ], [ 1433.0, 366.0 ] ] } },
{ "type": "Feature", "properties": { "layer": "red_roads" }, "geometry": { "type": "LineString", "coordinates": [ [ 1432.0, 366.0 ], [ 1432.5, 366.5 ] ] } },
{ "type": "Feature", "properties": { "layer": "red_roads" }, "geometry": { "type": "LineString", "coordinates": [ [ 1432.0, 366.0 ], [ 1432.0, 367.0 ] ] } },
{ "type": "Feature", "properties": { "layer": "red_roads" }, "geometry": { "type": "LineString", "coordinates": [ [ 1432.0, 366.0 ], [ 1433.0, 365.0 ] ] } },
{ "type": "Feature", "properties": { "layer": "red_roads" }, "geometry": { "type": "LineString", "coordinates": [ [ 1432.0, 367.0 ], [ 1433.0, 367.0 ] ] } },
{ "type": "Feature", "properties": { "layer": "red_roads" }, "geometry": { "type": "LineString", "coordinates": [ [ 1432.0, 367.0 ], [ 1432.5, 366.5 ] ] } },
{ "type": "Feature", "properties": { "layer": "red_roads" }, "geometry": { "type": "LineString", "coordinates": [ [ 1432.0, 452.0 ], [ 1437.0, 450.0 ] ] } },
{ "type": "Feature", "properties": { "layer": "red_roads" }, "geometry": { "type": "LineString", "coordinates": [ [ 1432.5, 366.5 ], [ 1433.0, 367.0 ] ] } },
{ "type": "Feature", "properties": { "layer": "red_roads" }, "geometry": { "type": "LineString", "coordinates": [ [ 1432.5, 366.5 ], [ 1433.0, 366.0 ] ] } },
{ "type": "Feature", "properties": { "layer": "red_roads" }, "geometry": { "type": "LineString", "coordinates": [ [ 1433.0, 365.0 ], [ 1433.0, 366.0 ] ] } },
{ "type": "Feature", "properties": { "layer": "red_roads" }, "geometry": { "type": "LineString", "coordinates": [ [ 1433.0, 365.0 ], [ 1436.0, 361.0 ] ] } },
{ "type": "Feature", "properties": { "layer": "red_roads" }, "geometry": { "type": "LineString", "coordinates": [ [ 1433.0, 366.0 ], [ 1433.0, 367.0 ] ] } },
{ "type": "Feature", "properties": { "layer": "red_roads" }, "geometry": { "type": "LineString", "coordinates": [ [ 1433.0, 367.0 ], [ 1435.0, 370.0 ], [ 1435.0, 374.0 ] ] } },
{ "type": "Feature", "properties": { "layer": "red_roads" }, "geometry": { "type": "LineString", "coordinates": [ [ 1434.0, 162.0 ], [ 1438.0, 158.0 ], [ 1437.0, 155.0 ] ] } },
{ "type": "Feature", "properties": { "layer": "red_roads" }, "geometry": { "type": "LineString", "coordinates": [ [ 1438.0, 403.0 ], [ 1434.0, 407.0 ], [ 1434.0, 415.0 ] ] } },
{ "type": "Feature", "properties": { "layer": "red_roads" }, "geometry": { "type": "LineString", "coordinates": [ [ 1435.0, 0.0 ], [ 1440.0, 5.0 ] ] } },
{ "type": "Feature", "properties": { "layer": "red_roads" }, "geometry": { "type": "LineString", "coordinates": [ [ 1435.0, 374.0 ], [ 1436.0, 375.0 ] ] } },
{ "type": "Feature", "properties": { "layer": "red_roads" }, "geometry": { "type": "LineString", "coordinates": [ [ 1435.0, 374.0 ], [ 1435.0, 375.0 ] ] } },
{ "type": "Feature", "properties": { "layer": "red_roads" }, "geometry": { "type": "LineString", "coordinates": [ [ 1435.0, 375.0 ], [ 1436.0, 375.0 ] ] } },
{ "type": "Feature", "properties": { "layer": "red_roads" }, "geometry": { "type": "LineString", "coordinates": [ [ 1436.0, 375.0 ], [ 1439.0, 377.0 ], [ 1440.0, 384.0 ] ] } },
{ "type": "Feature", "properties": { "layer": "red_roads" }, "geometry": { "type": "LineString", "coordinates": [ [ 1437.0, 82.0 ], [ 1439.0, 84.0 ], [ 1443.0, 83.0 ], [ 1445.0, 81.0 ], [ 1444.0, 78.0 ] ] } },
{ "type": "Feature", "properties": { "layer": "red_roads" }, "geometry": { "type": "LineString", "coordinates": [ [ 1438.0, 403.0 ], [ 1439.0, 403.0 ] ] } },
{ "type": "Feature", "properties": { "layer": "red_roads" }, "geometry": { "type": "LineString", "coordinates": [ [ 1438.0, 403.0 ], [ 1439.0, 402.0 ] ] } },
{ "type": "Feature", "properties": { "layer": "red_roads" }, "geometry": { "type": "LineString", "coordinates": [ [ 1439.0, 385.0 ], [ 1440.0, 385.0 ] ] } },
{ "type": "Feature", "properties": { "layer": "red_roads" }, "geometry": { "type": "LineString", "coordinates": [ [ 1439.0, 385.0 ], [ 1440.0, 384.0 ] ] } },
{ "type": "Feature", "properties": { "layer": "red_roads" }, "geometry": { "type": "LineString", "coordinates": [ [ 1439.0, 402.0 ], [ 1440.0, 402.0 ] ] } },
{ "type": "Feature", "properties": { "layer": "red_roads" }, "geometry": { "type": "LineString", "coordinates": [ [ 1439.0, 402.0 ], [ 1439.5, 402.5 ] ] } },
{ "type": "Feature", "properties": { "layer": "red_roads" }, "geometry": { "type": "LineString", "coordinates": [ [ 1439.0, 402.0 ], [ 1439.0, 403.0 ] ] } },
{ "type": "Feature", "properties": { "layer": "red_roads" }, "geometry": { "type": "LineString", "coordinates": [ [ 1439.0, 402.0 ], [ 1440.0, 401.0 ] ] } },
{ "type": "Feature", "properties": { "layer": "red_roads" }, "geometry": { "type": "LineString", "coordinates": [ [ 1439.0, 403.0 ], [ 1440.0, 403.0 ] ] } },
{ "type": "Feature", "properties": { "layer": "red_roads" }, "geometry": { "type": "LineString", "coordinates": [ [ 1439.0, 403.0 ], [ 1439.5, 402.5 ] ] } },
{ "type": "Feature", "properties": { "layer": "red_roads" }, "geometry": { "type": "LineString", "coordinates": [ [ 1439.5, 402.5 ], [ 1440.0, 403.0 ] ] } },
{ "type": "Feature", "properties": { "layer": "red_roads" }, "geometry": { "type": "LineString", "coordinates": [ [ 1439.5, 402.5 ], [ 1440.0, 402.0 ] ] } },
{ "type": "Feature", "properties": { "layer": "red_roads" }, "geometry": { "type": "LineString", "coordinates": [ [ 1440.0, 5.0 ], [ 1441.0, 5.0 ] ] } },
{ "type": "Feature", "properties": { "layer": "red_roads" }, "geometry": { "type": "LineString", "coordinates": [ [ 1440.0, 5.0 ], [ 1441.0, 6.0 ] ] } },
{ "type": "Feature", "properties": { "layer": "red_roads" }, "geometry": { "type": "LineString", "coordinates": [ [ 1440.0, 384.0 ], [ 1441.0, 385.0 ] ] } },
{ "type": "Feature", "properties": { "layer": "red_roads" }, "geometry": { "type": "LineString", "coordinates": [ [ 1440.0, 384.0 ], [ 1440.0, 385.0 ] ] } },
{ "type": "Feature", "properties": { "layer": "red_roads" }, "geometry": { "type": "LineString", "coordinates": [ [ 1440.0, 385.0 ], [ 1441.0, 385.0 ] ] } },
{ "type": "Feature", "properties": { "layer": "red_roads" }, "geometry": { "type": "LineString", "coordinates": [ [ 1440.0, 401.0 ], [ 1440.0, 402.0 ] ] } },
{ "type": "Feature", "properties": { "layer": "red_roads" }, "geometry": { "type": "LineString", "coordinates": [ [ 1443.0, 389.0 ], [ 1443.0, 398.0 ], [ 1440.0, 401.0 ] ] } },
{ "type": "Feature", "properties": { "layer": "red_roads" }, "geometry": { "type": "LineString", "coordinates": [ [ 1440.0, 402.0 ], [ 1440.0, 403.0 ] ] } },
{ "type": "Feature", "properties": { "layer": "red_roads" }, "geometry": { "type": "LineString", "coordinates": [ [ 1440.0, 403.0 ], [ 1449.0, 406.0 ] ] } },
{ "type": "Feature", "properties": { "layer": "red_roads" }, "geometry": { "type": "LineString", "coordinates": [ [ 1440.0, 427.0 ], [ 1447.0, 425.0 ], [ 1453.0, 419.0 ] ] } },
{ "type": "Feature", "properties": { "layer": "red_roads" }, "geometry": { "type": "LineString", "coordinates": [ [ 1441.0, 5.0 ], [ 1441.0, 6.0 ] ] } },
{ "type": "Feature", "properties": { "layer": "red_roads" }, "geometry": { "type": "LineString", "coordinates": [ [ 1441.0, 5.0 ], [ 1444.0, 0.0 ] ] } },
{ "type": "Feature", "properties": { "layer": "red_roads" }, "geometry": { "type": "LineString", "coordinates": [ [ 1441.0, 6.0 ], [ 1449.0, 20.0 ] ] } },
{ "type": "Feature", "properties": { "layer": "red_roads" }, "geometry": { "type": "LineString", "coordinates": [ [ 1441.0, 385.0 ], [ 1444.0, 387.0 ] ] } },
{ "type": "Feature", "properties": { "layer": "red_roads" }, "geometry": { "type": "LineString", "coordinates": [ [ 1443.0, 388.0 ], [ 1444.0, 388.0 ] ] } },
{ "type": "Feature", "properties": { "layer": "red_roads" }, "geometry": { "type": "LineString", "coordinates": [ [ 1443.0, 388.0 ], [ 1443.0, 389.0 ] ] } },
{ "type": "Feature", "properties": { "layer": "red_roads" }, "geometry": { "type": "LineString", "coordinates": [ [ 1443.0, 388.0 ], [ 1444.0, 387.0 ] ] } },
{ "type": "Feature", "properties": { "layer": "red_roads" }, "geometry": { "type": "LineString", "coordinates": [ [ 1443.0, 389.0 ], [ 1444.0, 388.0 ] ] } },
{ "type": "Feature", "properties": { "layer": "red_roads" }, "geometry": { "type": "LineString", "coordinates": [ [ 1444.0, 387.0 ], [ 1445.0, 388.0 ] ] } },
{ "type": "Feature", "properties": { "layer": "red_roads" }, "geometry": { "type": "LineString", "coordinates": [ [ 1444.0, 387.0 ], [ 1444.0, 388.0 ] ] } },
{ "type": "Feature", "properties": { "layer": "red_roads" }, "geometry": { "type": "LineString", "coordinates": [ [ 1444.0, 388.0 ], [ 1445.0, 388.0 ] ] } },
{ "type": "Feature", "properties": { "layer": "red_roads" }, "geometry": { "type": "LineString", "coordinates": [ [ 1445.0, 388.0 ], [ 1456.0, 391.0 ] ] } },
{ "type": "Feature", "properties": { "layer": "red_roads" }, "geometry": { "type": "LineString", "coordinates": [ [ 1446.0, 449.0 ], [ 1450.0, 445.0 ], [ 1462.0, 443.0 ], [ 1474.0, 431.0 ] ] } },
{ "type": "Feature", "properties": { "layer": "red_roads" }, "geometry": { "type": "LineString", "coordinates": [ [ 1449.0, 20.0 ], [ 1450.0, 21.0 ] ] } },
{ "type": "Feature", "properties": { "layer": "red_roads" }, "geometry": { "type": "LineString", "coordinates": [ [ 1449.0, 20.0 ], [ 1449.0, 21.0 ] ] } },
{ "type": "Feature", "properties": { "layer": "red_roads" }, "geometry": { "type": "LineString", "coordinates": [ [ 1449.0, 21.0 ], [ 1450.0, 21.0 ] ] } },
{ "type": "Feature", "properties": { "layer": "red_roads" }, "geometry": { "type": "LineString", "coordinates": [ [ 1449.0, 21.0 ], [ 1449.0, 22.0 ] ] } },
{ "type": "Feature", "properties": { "layer": "red_roads" }, "geometry": { "type": "LineString", "coordinates": [ [ 1449.0, 22.0 ], [ 1450.0, 32.0 ], [ 1458.0, 37.0 ] ] } },
{ "type": "Feature", "properties": { "layer": "red_roads" }, "geometry": { "type": "LineString", "coordinates": [ [ 1449.0, 22.0 ], [ 1450.0, 21.0 ] ] } },
{ "type": "Feature", "properties": { "layer": "red_roads" }, "geometry": { "type": "LineString", "coordinates": [ [ 1449.0, 406.0 ], [ 1450.0, 406.0 ] ] } },
{ "type": "Feature", "properties": { "layer": "red_roads" }, "geometry": { "type": "LineString", "coordinates": [ [ 1449.0, 406.0 ], [ 1450.0, 407.0 ] ] } },
{ "type": "Feature", "properties": { "layer": "red_roads" }, "geometry": { "type": "LineString", "coordinates": [ [ 1449.0, 406.0 ], [ 1450.0, 405.0 ] ] } },
{ "type": "Feature", "properties": { "layer": "red_roads" }, "geometry": { "type": "LineString", "coordinates": [ [ 1450.0, 21.0 ], [ 1456.0, 22.0 ] ] } },
{ "type": "Feature", "properties": { "layer": "red_roads" }, "geometry": { "type": "LineString", "coordinates": [ [ 1450.0, 405.0 ], [ 1450.0, 406.0 ] ] } },
{ "type": "Feature", "properties": { "layer": "red_roads" }, "geometry": { "type": "LineString", "coordinates": [ [ 1450.0, 405.0 ], [ 1454.0, 400.0 ] ] } },
{ "type": "Feature", "properties": { "layer": "red_roads" }, "geometry": { "type": "LineString", "coordinates": [ [ 1450.0, 406.0 ], [ 1450.0, 407.0 ] ] } },
{ "type": "Feature", "properties": { "layer": "red_roads" }, "geometry": { "type": "LineString", "coordinates": [ [ 1450.0, 407.0 ], [ 1453.0, 414.0 ], [ 1453.0, 418.0 ] ] } },
{ "type": "Feature", "properties": { "layer": "red_roads" }, "geometry": { "type": "LineString", "coordinates": [ [ 1450.0, 433.0 ], [ 1462.0, 422.0 ] ] } },
{ "type": "Feature", "properties": { "layer": "red_roads" }, "geometry": { "type": "LineString", "coordinates": [ [ 1452.0, 465.0 ], [ 1453.0, 463.0 ], [ 1461.0, 462.0 ], [ 1479.0, 441.0 ] ] } },
{ "type": "Feature", "properties": { "layer": "red_roads" }, "geometry": { "type": "LineString", "coordinates": [ [ 1453.0, 418.0 ], [ 1454.0, 419.0 ] ] } },
{ "type": "Feature", "properties": { "layer": "red_roads" }, "geometry": { "type": "LineString", "coordinates": [ [ 1453.0, 418.0 ], [ 1453.0, 419.0 ] ] } },
{ "type": "Feature", "properties": { "layer": "red_roads" }, "geometry": { "type": "LineString", "coordinates": [ [ 1453.0, 419.0 ], [ 1454.0, 419.0 ] ] } },
{ "type": "Feature", "properties": { "layer": "red_roads" }, "geometry": { "type": "LineString", "coordinates": [ [ 1454.0, 419.0 ], [ 1457.0, 419.0 ], [ 1462.0, 422.0 ] ] } },
{ "type": "Feature", "properties": { "layer": "red_roads" }, "geometry": { "type": "LineString", "coordinates": [ [ 1456.0, 22.0 ], [ 1458.0, 24.0 ], [ 1460.0, 31.0 ], [ 1459.0, 36.0 ] ] } },
{ "type": "Feature", "properties": { "layer": "red_roads" }, "geometry": { "type": "LineString", "coordinates": [ [ 1456.0, 22.0 ], [ 1469.0, 11.0 ] ] } },
{ "type": "Feature", "properties": { "layer": "red_roads" }, "geometry": { "type": "LineString", "coordinates": [ [ 1457.0, 2.0 ], [ 1466.0, 5.0 ], [ 1469.0, 8.0 ] ] } },
{ "type": "Feature", "properties": { "layer": "red_roads" }, "geometry": { "type": "LineString", "coordinates": [ [ 1457.0, 38.0 ], [ 1458.0, 38.0 ] ] } },
{ "type": "Feature", "properties": { "layer": "red_roads" }, "geometry": { "type": "LineString", "coordinates": [ [ 1457.0, 38.0 ], [ 1457.0, 50.0 ], [ 1464.0, 54.0 ] ] } },
{ "type": "Feature", "properties": { "layer": "red_roads" }, "geometry": { "type": "LineString", "coordinates": [ [ 1457.0, 38.0 ], [ 1458.0, 37.0 ] ] } },
{ "type": "Feature", "properties": { "layer": "red_roads" }, "geometry": { "type": "LineString", "coordinates": [ [ 1458.0, 37.0 ], [ 1459.0, 37.0 ] ] } },
{ "type": "Feature", "properties": { "layer": "red_roads" }, "geometry": { "type": "LineString", "coordinates": [ [ 1458.0, 37.0 ], [ 1458.5, 37.5 ] ] } },
{ "type": "Feature", "properties": { "layer": "red_roads" }, "geometry": { "type": "LineString", "coordinates": [ [ 1458.0, 37.0 ], [ 1458.0, 38.0 ] ] } },
{ "type": "Feature", "properties": { "layer": "red_roads" }, "geometry": { "type": "LineString", "coordinates": [ [ 1458.0, 37.0 ], [ 1459.0, 36.0 ] ] } },
{ "type": "Feature", "properties": { "layer": "red_roads" }, "geometry": { "type": "LineString", "coordinates": [ [ 1458.0, 38.0 ], [ 1459.0, 38.0 ] ] } },
{ "type": "Feature", "properties": { "layer": "red_roads" }, "geometry": { "type": "LineString", "coordinates": [ [ 1458.0, 38.0 ], [ 1458.5, 37.5 ] ] } },
{ "type": "Feature", "properties": { "layer": "red_roads" }, "geometry": { "type": "LineString", "coordinates": [ [ 1458.5, 37.5 ], [ 1459.0, 38.0 ] ] } },
{ "type": "Feature", "properties": { "layer": "red_roads" }, "geometry": { "type": "LineString", "coordinates": [ [ 1458.5, 37.5 ], [ 1459.0, 37.0 ] ] } },
{ "type": "Feature", "properties": { "layer": "red_roads" }, "geometry": { "type": "LineString", "coordinates": [ [ 1459.0, 36.0 ], [ 1459.0, 37.0 ] ] } },
{ "type": "Feature", "properties": { "layer": "red_roads" }, "geometry": { "type": "LineString", "coordinates": [ [ 1459.0, 37.0 ], [ 1460.0, 38.0 ] ] } },
{ "type": "Feature", "properties": { "layer": "red_roads" }, "geometry": { "type": "LineString", "coordinates": [ [ 1459.0, 37.0 ], [ 1459.0, 38.0 ] ] } },
{ "type": "Feature", "properties": { "layer": "red_roads" }, "geometry": { "type": "LineString", "coordinates": [ [ 1459.0, 38.0 ], [ 1460.0, 38.0 ] ] } },
{ "type": "Feature", "properties": { "layer": "red_roads" }, "geometry": { "type": "LineString", "coordinates": [ [ 1460.0, 38.0 ], [ 1467.0, 42.0 ], [ 1467.0, 49.0 ], [ 1469.0, 51.0 ] ] } },
{ "type": "Feature", "properties": { "layer": "red_roads" }, "geometry": { "type": "LineString", "coordinates": [ [ 1461.0, 394.0 ], [ 1468.0, 393.0 ], [ 1471.0, 391.0 ], [ 1481.0, 391.0 ] ] } },
{ "type": "Feature", "properties": { "layer": "red_roads" }, "geometry": { "type": "LineString", "coordinates": [ [ 1462.0, 246.0 ], [ 1464.0, 248.0 ], [ 1470.0, 249.0 ] ] } },
{ "type": "Feature", "properties": { "layer": "red_roads" }, "geometry": { "type": "LineString", "coordinates": [ [ 1462.0, 422.0 ], [ 1467.0, 423.0 ], [ 1474.0, 430.0 ] ] } },
{ "type": "Feature", "properties": { "layer": "red_roads" }, "geometry": { "type": "LineString", "coordinates": [ [ 1463.0, 56.0 ], [ 1464.0, 55.0 ] ] } },
{ "type": "Feature", "properties": { "layer": "red_roads" }, "geometry": { "type": "LineString", "coordinates": [ [ 1464.0, 54.0 ], [ 1465.0, 54.0 ] ] } },
{ "type": "Feature", "properties": { "layer": "red_roads" }, "geometry": { "type": "LineString", "coordinates": [ [ 1464.0, 54.0 ], [ 1464.0, 55.0 ] ] } },
{ "type": "Feature", "properties": { "layer": "red_roads" }, "geometry": { "type": "LineString", "coordinates": [ [ 1464.0, 55.0 ], [ 1465.0, 54.0 ] ] } },
{ "type": "Feature", "properties": { "layer": "red_roads" }, "geometry": { "type": "LineString", "coordinates": [ [ 1465.0, 54.0 ], [ 1469.0, 53.0 ] ] } },
{ "type": "Feature", "properties": { "layer": "red_roads" }, "geometry": { "type": "LineString", "coordinates": [ [ 1469.0, 8.0 ], [ 1470.0, 8.0 ] ] } },
{ "type": "Feature", "properties": { "layer": "red_roads" }, "geometry": { "type": "LineString", "coordinates": [ [ 1469.0, 8.0 ], [ 1470.0, 9.0 ] ] } },
{ "type": "Feature", "properties": { "layer": "red_roads" }, "geometry": { "type": "LineString", "coordinates": [ [ 1469.0, 11.0 ], [ 1470.0, 11.0 ] ] } },
{ "type": "Feature", "properties": { "layer": "red_roads" }, "geometry": { "type": "LineString", "coordinates": [ [ 1469.0, 11.0 ], [ 1470.0, 10.0 ] ] } },
{ "type": "Feature", "properties": { "layer": "red_roads" }, "geometry": { "type": "LineString", "coordinates": [ [ 1469.0, 51.0 ], [ 1470.0, 51.0 ] ] } },
{ "type": "Feature", "properties": { "layer": "red_roads" }, "geometry": { "type": "LineString", "coordinates": [ [ 1469.0, 51.0 ], [ 1470.0, 52.0 ] ] } },
{ "type": "Feature", "properties": { "layer": "red_roads" }, "geometry": { "type": "LineString", "coordinates": [ [ 1469.0, 53.0 ], [ 1470.0, 53.0 ] ] } },
{ "type": "Feature", "properties": { "layer": "red_roads" }, "geometry": { "type": "LineString", "coordinates": [ [ 1469.0, 53.0 ], [ 1470.0, 52.0 ] ] } },
{ "type": "Feature", "properties": { "layer": "red_roads" }, "geometry": { "type": "LineString", "coordinates": [ [ 1470.0, 8.0 ], [ 1471.0, 8.0 ] ] } },
{ "type": "Feature", "properties": { "layer": "red_roads" }, "geometry": { "type": "LineString", "coordinates": [ [ 1470.0, 8.0 ], [ 1470.0, 9.0 ] ] } },
{ "type": "Feature", "properties": { "layer": "red_roads" }, "geometry": { "type": "LineString", "coordinates": [ [ 1470.0, 9.0 ], [ 1470.0, 10.0 ] ] } },
{ "type": "Feature", "properties": { "layer": "red_roads" }, "geometry": { "type": "LineString", "coordinates": [ [ 1470.0, 9.0 ], [ 1471.0, 8.0 ] ] } },
{ "type": "Feature", "properties": { "layer": "red_roads" }, "geometry": { "type": "LineString", "coordinates": [ [ 1470.0, 10.0 ], [ 1470.0, 11.0 ] ] } },
{ "type": "Feature", "properties": { "layer": "red_roads" }, "geometry": { "type": "LineString", "coordinates": [ [ 1470.0, 11.0 ], [ 1472.0, 17.0 ], [ 1475.0, 18.0 ] ] } },
{ "type": "Feature", "properties": { "layer": "red_roads" }, "geometry": { "type": "LineString", "coordinates": [ [ 1470.0, 51.0 ], [ 1471.0, 51.0 ] ] } },
{ "type": "Feature", "properties": { "layer": "red_roads" }, "geometry": { "type": "LineString", "coordinates": [ [ 1470.0, 51.0 ], [ 1470.0, 52.0 ] ] } },
{ "type": "Feature", "properties": { "layer": "red_roads" }, "geometry": { "type": "LineString", "coordinates": [ [ 1470.0, 52.0 ], [ 1471.0, 53.0 ] ] } },
{ "type": "Feature", "properties": { "layer": "red_roads" }, "geometry": { "type": "LineString", "coordinates": [ [ 1470.0, 52.0 ], [ 1470.0, 53.0 ] ] } },
{ "type": "Feature", "properties": { "layer": "red_roads" }, "geometry": { "type": "LineString", "coordinates": [ [ 1470.0, 52.0 ], [ 1471.0, 51.0 ] ] } },
{ "type": "Feature", "properties": { "layer": "red_roads" }, "geometry": { "type": "LineString", "coordinates": [ [ 1470.0, 53.0 ], [ 1471.0, 53.0 ] ] } },
{ "type": "Feature", "properties": { "layer": "red_roads" }, "geometry": { "type": "LineString", "coordinates": [ [ 1471.0, 8.0 ], [ 1475.0, 4.0 ], [ 1487.0, 5.0 ] ] } },
{ "type": "Feature", "properties": { "layer": "red_roads" }, "geometry": { "type": "LineString", "coordinates": [ [ 1471.0, 51.0 ], [ 1472.0, 50.0 ] ] } },
{ "type": "Feature", "properties": { "layer": "red_roads" }, "geometry": { "type": "LineString", "coordinates": [ [ 1471.0, 53.0 ], [ 1478.0, 53.0 ], [ 1481.0, 50.0 ] ] } },
{ "type": "Feature", "properties": { "layer": "red_roads" }, "geometry": { "type": "LineString", "coordinates": [ [ 1472.0, 49.0 ], [ 1473.0, 50.0 ] ] } },
{ "type": "Feature", "properties": { "layer": "red_roads" }, "geometry": { "type": "LineString", "coordinates": [ [ 1472.0, 49.0 ], [ 1472.0, 50.0 ] ] } },
{ "type": "Feature", "properties": { "layer": "red_roads" }, "geometry": { "type": "LineString", "coordinates": [ [ 1472.0, 49.0 ], [ 1475.0, 46.0 ], [ 1478.0, 46.0 ] ] } },
{ "type": "Feature", "properties": { "layer": "red_roads" }, "geometry": { "type": "LineString", "coordinates": [ [ 1472.0, 50.0 ], [ 1473.0, 50.0 ] ] } },
{ "type": "Feature", "properties": { "layer": "red_roads" }, "geometry": { "type": "LineString", "coordinates": [ [ 1472.0, 232.0 ], [ 1475.0, 233.0 ] ] } },
{ "type": "Feature", "properties": { "layer": "red_roads" }, "geometry": { "type": "LineString", "coordinates": [ [ 1473.0, 50.0 ], [ 1480.0, 49.0 ] ] } },
{ "type": "Feature", "properties": { "layer": "red_roads" }, "geometry": { "type": "LineString", "coordinates": [ [ 1476.0, 19.0 ], [ 1477.0, 22.0 ], [ 1474.0, 33.0 ] ] } },
{ "type": "Feature", "properties": { "layer": "red_roads" }, "geometry": { "type": "LineString", "coordinates": [ [ 1474.0, 242.0 ], [ 1478.0, 236.0 ] ] } },
{ "type": "Feature", "properties": { "layer": "red_roads" }, "geometry": { "type": "LineString", "coordinates": [ [ 1474.0, 327.0 ], [ 1473.0, 322.0 ], [ 1479.0, 318.0 ] ] } },
{ "type": "Feature", "properties": { "layer": "red_roads" }, "geometry": { "type": "LineString", "coordinates": [ [ 1474.0, 430.0 ], [ 1475.0, 431.0 ] ] } },
{ "type": "Feature", "properties": { "layer": "red_roads" }, "geometry": { "type": "LineString", "coordinates": [ [ 1474.0, 430.0 ], [ 1474.0, 431.0 ] ] } },
{ "type": "Feature", "properties": { "layer": "red_roads" }, "geometry": { "type": "LineString", "coordinates": [ [ 1474.0, 431.0 ], [ 1475.0, 431.0 ] ] } },
{ "type": "Feature", "properties": { "layer": "red_roads" }, "geometry": { "type": "LineString", "coordinates": [ [ 1475.0, 18.0 ], [ 1476.0, 18.0 ] ] } },
{ "type": "Feature", "properties": { "layer": "red_roads" }, "geometry": { "type": "LineString", "coordinates": [ [ 1475.0, 18.0 ], [ 1476.0, 19.0 ] ] } },
{ "type": "Feature", "properties": { "layer": "red_roads" }, "geometry": { "type": "LineString", "coordinates": [ [ 1475.0, 233.0 ], [ 1476.0, 233.0 ] ] } },
{ "type": "Feature", "properties": { "layer": "red_roads" }, "geometry": { "type": "LineString", "coordinates": [ [ 1475.0, 233.0 ], [ 1476.0, 234.0 ] ] } },
{ "type": "Feature", "properties": { "layer": "red_roads" }, "geometry": { "type": "LineString", "coordinates": [ [ 1475.0, 233.0 ], [ 1476.0, 232.0 ] ] } },
{ "type": "Feature", "properties": { "layer": "red_roads" }, "geometry": { "type": "LineString", "coordinates": [ [ 1475.0, 431.0 ], [ 1479.0, 433.0 ] ] } },
{ "type": "Feature", "properties": { "layer": "red_roads" }, "geometry": { "type": "LineString", "coordinates": [ [ 1476.0, 18.0 ], [ 1476.0, 19.0 ] ] } },
{ "type": "Feature", "properties": { "layer": "red_roads" }, "geometry": { "type": "LineString", "coordinates": [ [ 1476.0, 18.0 ], [ 1486.0, 13.0 ], [ 1487.0, 6.0 ] ] } },
{ "type": "Feature", "properties": { "layer": "red_roads" }, "geometry": { "type": "LineString", "coordinates": [ [ 1476.0, 232.0 ], [ 1476.0, 233.0 ] ] } },
{ "type": "Feature", "properties": { "layer": "red_roads" }, "geometry": { "type": "LineString", "coordinates": [ [ 1476.0, 232.0 ], [ 1477.0, 228.0 ], [ 1480.0, 226.0 ] ] } },
{ "type": "Feature", "properties": { "layer": "red_roads" }, "geometry": { "type": "LineString", "coordinates": [ [ 1476.0, 233.0 ], [ 1476.0, 234.0 ] ] } },
{ "type": "Feature", "properties": { "layer": "red_roads" }, "geometry": { "type": "LineString", "coordinates": [ [ 1476.0, 234.0 ], [ 1478.0, 236.0 ] ] } },
{ "type": "Feature", "properties": { "layer": "red_roads" }, "geometry": { "type": "LineString", "coordinates": [ [ 1478.0, 46.0 ], [ 1479.0, 46.0 ] ] } },
{ "type": "Feature", "properties": { "layer": "red_roads" }, "geometry": { "type": "LineString", "coordinates": [ [ 1478.0, 46.0 ], [ 1479.0, 45.0 ] ] } },
{ "type": "Feature", "properties": { "layer": "red_roads" }, "geometry": { "type": "LineString", "coordinates": [ [ 1478.0, 236.0 ], [ 1487.0, 236.0 ], [ 1494.0, 231.0 ], [ 1494.0, 225.0 ], [ 1490.0, 222.0 ] ] } },
{ "type": "Feature", "properties": { "layer": "red_roads" }, "geometry": { "type": "LineString", "coordinates": [ [ 1479.0, 45.0 ], [ 1480.0, 46.0 ] ] } },
{ "type": "Feature", "properties": { "layer": "red_roads" }, "geometry": { "type": "LineString", "coordinates": [ [ 1479.0, 45.0 ], [ 1479.0, 46.0 ] ] } },
{ "type": "Feature", "properties": { "layer": "red_roads" }, "geometry": { "type": "LineString", "coordinates": [ [ 1480.0, 36.0 ], [ 1479.0, 45.0 ] ] } },
{ "type": "Feature", "properties": { "layer": "red_roads" }, "geometry": { "type": "LineString", "coordinates": [ [ 1479.0, 46.0 ], [ 1480.0, 46.0 ] ] } },
{ "type": "Feature", "properties": { "layer": "red_roads" }, "geometry": { "type": "LineString", "coordinates": [ [ 1479.0, 433.0 ], [ 1480.0, 440.0 ] ] } },
{ "type": "Feature", "properties": { "layer": "red_roads" }, "geometry": { "type": "LineString", "coordinates": [ [ 1479.0, 433.0 ], [ 1482.0, 430.0 ] ] } },
{ "type": "Feature", "properties": { "layer": "red_roads" }, "geometry": { "type": "LineString", "coordinates": [ [ 1479.0, 441.0 ], [ 1480.0, 441.0 ] ] } },
{ "type": "Feature", "properties": { "layer": "red_roads" }, "geometry": { "type": "LineString", "coordinates": [ [ 1479.0, 441.0 ], [ 1480.0, 440.0 ] ] } },
{ "type": "Feature", "properties": { "layer": "red_roads" }, "geometry": { "type": "LineString", "coordinates": [ [ 1480.0, 46.0 ], [ 1481.0, 48.0 ] ] } },
{ "type": "Feature", "properties": { "layer": "red_roads" }, "geometry": { "type": "LineString", "coordinates": [ [ 1480.0, 49.0 ], [ 1481.0, 49.0 ] ] } },
{ "type": "Feature", "properties": { "layer": "red_roads" }, "geometry": { "type": "LineString", "coordinates": [ [ 1480.0, 49.0 ], [ 1481.0, 50.0 ] ] } },
{ "type": "Feature", "properties": { "layer": "red_roads" }, "geometry": { "type": "LineString", "coordinates": [ [ 1480.0, 49.0 ], [ 1481.0, 48.0 ] ] } },
{ "type": "Feature", "properties": { "layer": "red_roads" }, "geometry": { "type": "LineString", "coordinates": [ [ 1480.0, 187.0 ], [ 1483.0, 188.0 ] ] } },
{ "type": "Feature", "properties": { "layer": "red_roads" }, "geometry": { "type": "LineString", "coordinates": [ [ 1480.0, 440.0 ], [ 1480.0, 441.0 ] ] } },
{ "type": "Feature", "properties": { "layer": "red_roads" }, "geometry": { "type": "LineString", "coordinates": [ [ 1480.0, 441.0 ], [ 1494.0, 455.0 ], [ 1504.0, 455.0 ] ] } },
{ "type": "Feature", "properties": { "layer": "red_roads" }, "geometry": { "type": "LineString", "coordinates": [ [ 1481.0, 48.0 ], [ 1481.0, 49.0 ] ] } },
{ "type": "Feature", "properties": { "layer": "red_roads" }, "geometry": { "type": "LineString", "coordinates": [ [ 1481.0, 49.0 ], [ 1481.0, 50.0 ] ] } },
{ "type": "Feature", "properties": { "layer": "red_roads" }, "geometry": { "type": "LineString", "coordinates": [ [ 1481.0, 391.0 ], [ 1482.0, 391.0 ] ] } },
{ "type": "Feature", "properties": { "layer": "red_roads" }, "geometry": { "type": "LineString", "coordinates": [ [ 1481.0, 391.0 ], [ 1482.0, 392.0 ] ] } },
{ "type": "Feature", "properties": { "layer": "red_roads" }, "geometry": { "type": "LineString", "coordinates": [ [ 1481.0, 394.0 ], [ 1482.0, 394.0 ] ] } },
{ "type": "Feature", "properties": { "layer": "red_roads" }, "geometry": { "type": "LineString", "coordinates": [ [ 1481.0, 394.0 ], [ 1481.0, 411.0 ], [ 1483.0, 413.0 ] ] } },
{ "type": "Feature", "properties": { "layer": "red_roads" }, "geometry": { "type": "LineString", "coordinates": [ [ 1481.0, 394.0 ], [ 1482.0, 393.0 ] ] } },
{ "type": "Feature", "properties": { "layer": "red_roads" }, "geometry": { "type": "LineString", "coordinates": [ [ 1482.0, 391.0 ], [ 1482.0, 392.0 ] ] } },
{ "type": "Feature", "properties": { "layer": "red_roads" }, "geometry": { "type": "LineString", "coordinates": [ [ 1482.0, 391.0 ], [ 1486.0, 387.0 ], [ 1499.0, 384.0 ] ] } },
{ "type": "Feature", "properties": { "layer": "red_roads" }, "geometry": { "type": "LineString", "coordinates": [ [ 1482.0, 392.0 ], [ 1482.0, 393.0 ] ] } },
{ "type": "Feature", "properties": { "layer": "red_roads" }, "geometry": { "type": "LineString", "coordinates": [ [ 1482.0, 393.0 ], [ 1482.0, 394.0 ] ] } },
{ "type": "Feature", "properties": { "layer": "red_roads" }, "geometry": { "type": "LineString", "coordinates": [ [ 1482.0, 394.0 ], [ 1487.0, 399.0 ] ] } },
{ "type": "Feature", "properties": { "layer": "red_roads" }, "geometry": { "type": "LineString", "coordinates": [ [ 1482.0, 429.0 ], [ 1483.0, 430.0 ] ] } },
{ "type": "Feature", "properties": { "layer": "red_roads" }, "geometry": { "type": "LineString", "coordinates": [ [ 1482.0, 429.0 ], [ 1482.0, 430.0 ] ] } },
{ "type": "Feature", "properties": { "layer": "red_roads" }, "geometry": { "type": "LineString", "coordinates": [ [ 1484.0, 423.0 ], [ 1482.0, 429.0 ] ] } },
{ "type": "Feature", "properties": { "layer": "red_roads" }, "geometry": { "type": "LineString", "coordinates": [ [ 1482.0, 430.0 ], [ 1483.0, 430.0 ] ] } },
{ "type": "Feature", "properties": { "layer": "red_roads" }, "geometry": { "type": "LineString", "coordinates": [ [ 1483.0, 188.0 ], [ 1484.0, 188.0 ] ] } },
{ "type": "Feature", "properties": { "layer": "red_roads" }, "geometry": { "type": "LineString", "coordinates": [ [ 1483.0, 188.0 ], [ 1484.0, 189.0 ] ] } },
{ "type": "Feature", "properties": { "layer": "red_roads" }, "geometry": { "type": "LineString", "coordinates": [ [ 1483.0, 413.0 ], [ 1484.0, 413.0 ] ] } },
{ "type": "Feature", "properties": { "layer": "red_roads" }, "geometry": { "type": "LineString", "coordinates": [ [ 1483.0, 413.0 ], [ 1484.0, 414.0 ] ] } },
{ "type": "Feature", "properties": { "layer": "red_roads" }, "geometry": { "type": "LineString", "coordinates": [ [ 1483.0, 430.0 ], [ 1496.0, 430.0 ], [ 1501.0, 434.0 ], [ 1506.0, 434.0 ] ] } },
{ "type": "Feature", "properties": { "layer": "red_roads" }, "geometry": { "type": "LineString", "coordinates": [ [ 1484.0, 188.0 ], [ 1485.0, 188.0 ] ] } },
{ "type": "Feature", "properties": { "layer": "red_roads" }, "geometry": { "type": "LineString", "coordinates": [ [ 1484.0, 188.0 ], [ 1484.0, 189.0 ] ] } },
{ "type": "Feature", "properties": { "layer": "red_roads" }, "geometry": { "type": "LineString", "coordinates": [ [ 1484.0, 189.0 ], [ 1484.0, 192.0 ], [ 1489.0, 196.0 ], [ 1489.0, 198.0 ] ] } },
{ "type": "Feature", "properties": { "layer": "red_roads" }, "geometry": { "type": "LineString", "coordinates": [ [ 1484.0, 189.0 ], [ 1485.0, 188.0 ] ] } },
{ "type": "Feature", "properties": { "layer": "red_roads" }, "geometry": { "type": "LineString", "coordinates": [ [ 1484.0, 203.0 ], [ 1489.0, 199.0 ] ] } },
{ "type": "Feature", "properties": { "layer": "red_roads" }, "geometry": { "type": "LineString", "coordinates": [ [ 1484.0, 413.0 ], [ 1484.0, 414.0 ] ] } },
{ "type": "Feature", "properties": { "layer": "red_roads" }, "geometry": { "type": "LineString", "coordinates": [ [ 1487.0, 400.0 ], [ 1489.0, 402.0 ], [ 1489.0, 408.0 ], [ 1484.0, 413.0 ] ] } },
{ "type": "Feature", "properties": { "layer": "red_roads" }, "geometry": { "type": "LineString", "coordinates": [ [ 1484.0, 414.0 ], [ 1484.0, 421.0 ] ] } },
{ "type": "Feature", "properties": { "layer": "red_roads" }, "geometry": { "type": "LineString", "coordinates": [ [ 1484.0, 421.0 ], [ 1485.0, 422.0 ] ] } },
{ "type": "Feature", "properties": { "layer": "red_roads" }, "geometry": { "type": "LineString", "coordinates": [ [ 1484.0, 421.0 ], [ 1484.0, 422.0 ] ] } },
{ "type": "Feature", "properties": { "layer": "red_roads" }, "geometry": { "type": "LineString", "coordinates": [ [ 1484.0, 422.0 ], [ 1485.0, 422.0 ] ] } },
{ "type": "Feature", "properties": { "layer": "red_roads" }, "geometry": { "type": "LineString", "coordinates": [ [ 1484.0, 422.0 ], [ 1484.0, 423.0 ] ] } },
{ "type": "Feature", "properties": { "layer": "red_roads" }, "geometry": { "type": "LineString", "coordinates": [ [ 1484.0, 423.0 ], [ 1485.0, 422.0 ] ] } },
{ "type": "Feature", "properties": { "layer": "red_roads" }, "geometry": { "type": "LineString", "coordinates": [ [ 1485.0, 63.0 ], [ 1493.0, 77.0 ], [ 1499.0, 95.0 ] ] } },
{ "type": "Feature", "properties": { "layer": "red_roads" }, "geometry": { "type": "LineString", "coordinates": [ [ 1485.0, 188.0 ], [ 1488.0, 185.0 ], [ 1491.0, 185.0 ] ] } },
{ "type": "Feature", "properties": { "layer": "red_roads" }, "geometry": { "type": "LineString", "coordinates": [ [ 1485.0, 422.0 ], [ 1497.0, 410.0 ], [ 1498.0, 404.0 ] ] } },
{ "type": "Feature", "properties": { "layer": "red_roads" }, "geometry": { "type": "LineString", "coordinates": [ [ 1487.0, 5.0 ], [ 1488.0, 5.0 ] ] } },
{ "type": "Feature", "properties": { "layer": "red_roads" }, "geometry": { "type": "LineString", "coordinates": [ [ 1487.0, 5.0 ], [ 1487.0, 6.0 ] ] } },
{ "type": "Feature", "properties": { "layer": "red_roads" }, "geometry": { "type": "LineString", "coordinates": [ [ 1487.0, 6.0 ], [ 1488.0, 5.0 ] ] } },
{ "type": "Feature", "properties": { "layer": "red_roads" }, "geometry": { "type": "LineString", "coordinates": [ [ 1487.0, 399.0 ], [ 1488.0, 399.0 ] ] } },
{ "type": "Feature", "properties": { "layer": "red_roads" }, "geometry": { "type": "LineString", "coordinates": [ [ 1487.0, 399.0 ], [ 1487.0, 400.0 ] ] } },
{ "type": "Feature", "properties": { "layer": "red_roads" }, "geometry": { "type": "LineString", "coordinates": [ [ 1487.0, 400.0 ], [ 1488.0, 399.0 ] ] } },
{ "type": "Feature", "properties": { "layer": "red_roads" }, "geometry": { "type": "LineString", "coordinates": [ [ 1488.0, 5.0 ], [ 1503.0, 0.0 ] ] } },
{ "type": "Feature", "properties": { "layer": "red_roads" }, "geometry": { "type": "LineString", "coordinates": [ [ 1488.0, 399.0 ], [ 1493.0, 398.0 ], [ 1503.0, 387.0 ] ] } },
{ "type": "Feature", "properties": { "layer": "red_roads" }, "geometry": { "type": "LineString", "coordinates": [ [ 1489.0, 198.0 ], [ 1490.0, 199.0 ] ] } },
{ "type": "Feature", "properties": { "layer": "red_roads" }, "geometry": { "type": "LineString", "coordinates": [ [ 1489.0, 198.0 ], [ 1489.0, 199.0 ] ] } },
{ "type": "Feature", "properties": { "layer": "red_roads" }, "geometry": { "type": "LineString", "coordinates": [ [ 1489.0, 199.0 ], [ 1490.0, 199.0 ] ] } },
{ "type": "Feature", "properties": { "layer": "red_roads" }, "geometry": { "type": "LineString", "coordinates": [ [ 1490.0, 199.0 ], [ 1495.0, 200.0 ], [ 1499.0, 204.0 ] ] } },
{ "type": "Feature", "properties": { "layer": "red_roads" }, "geometry": { "type": "LineString", "coordinates": [ [ 1498.0, 99.0 ], [ 1499.0, 97.0 ] ] } },
{ "type": "Feature", "properties": { "layer": "red_roads" }, "geometry": { "type": "LineString", "coordinates": [ [ 1498.0, 109.0 ], [ 1506.0, 116.0 ], [ 1510.0, 116.0 ] ] } },
{ "type": "Feature", "properties": { "layer": "red_roads" }, "geometry": { "type": "LineString", "coordinates": [ [ 1498.0, 174.0 ], [ 1506.0, 173.0 ] ] } },
{ "type": "Feature", "properties": { "layer": "red_roads" }, "geometry": { "type": "LineString", "coordinates": [ [ 1499.0, 206.0 ], [ 1498.0, 212.0 ] ] } },
{ "type": "Feature", "properties": { "layer": "red_roads" }, "geometry": { "type": "LineString", "coordinates": [ [ 1499.0, 95.0 ], [ 1500.0, 96.0 ] ] } },
{ "type": "Feature", "properties": { "layer": "red_roads" }, "geometry": { "type": "LineString", "coordinates": [ [ 1499.0, 95.0 ], [ 1499.0, 96.0 ] ] } },
{ "type": "Feature", "properties": { "layer": "red_roads" }, "geometry": { "type": "LineString", "coordinates": [ [ 1499.0, 96.0 ], [ 1500.0, 96.0 ] ] } },
{ "type": "Feature", "properties": { "layer": "red_roads" }, "geometry": { "type": "LineString", "coordinates": [ [ 1499.0, 96.0 ], [ 1499.0, 97.0 ] ] } },
{ "type": "Feature", "properties": { "layer": "red_roads" }, "geometry": { "type": "LineString", "coordinates": [ [ 1499.0, 97.0 ], [ 1500.0, 96.0 ] ] } },
{ "type": "Feature", "properties": { "layer": "red_roads" }, "geometry": { "type": "LineString", "coordinates": [ [ 1499.0, 204.0 ], [ 1500.0, 204.0 ] ] } },
{ "type": "Feature", "properties": { "layer": "red_roads" }, "geometry": { "type": "LineString", "coordinates": [ [ 1499.0, 204.0 ], [ 1499.5, 204.5 ] ] } },
{ "type": "Feature", "properties": { "layer": "red_roads" }, "geometry": { "type": "LineString", "coordinates": [ [ 1499.0, 204.0 ], [ 1499.0, 205.0 ] ] } },
{ "type": "Feature", "properties": { "layer": "red_roads" }, "geometry": { "type": "LineString", "coordinates": [ [ 1499.0, 205.0 ], [ 1500.0, 205.0 ] ] } },
{ "type": "Feature", "properties": { "layer": "red_roads" }, "geometry": { "type": "LineString", "coordinates": [ [ 1499.0, 205.0 ], [ 1499.0, 206.0 ] ] } },
{ "type": "Feature", "properties": { "layer": "red_roads" }, "geometry": { "type": "LineString", "coordinates": [ [ 1499.0, 205.0 ], [ 1499.5, 204.5 ] ] } },
{ "type": "Feature", "properties": { "layer": "red_roads" }, "geometry": { "type": "LineString", "coordinates": [ [ 1499.0, 206.0 ], [ 1500.0, 205.0 ] ] } },
{ "type": "Feature", "properties": { "layer": "red_roads" }, "geometry": { "type": "LineString", "coordinates": [ [ 1499.0, 384.0 ], [ 1500.0, 384.0 ] ] } },
{ "type": "Feature", "properties": { "layer": "red_roads" }, "geometry": { "type": "LineString", "coordinates": [ [ 1499.0, 384.0 ], [ 1500.0, 383.0 ] ] } },
{ "type": "Feature", "properties": { "layer": "red_roads" }, "geometry": { "type": "LineString", "coordinates": [ [ 1499.5, 204.5 ], [ 1500.0, 205.0 ] ] } },
{ "type": "Feature", "properties": { "layer": "red_roads" }, "geometry": { "type": "LineString", "coordinates": [ [ 1499.5, 204.5 ], [ 1500.0, 204.0 ] ] } },
{ "type": "Feature", "properties": { "layer": "red_roads" }, "geometry": { "type": "LineString", "coordinates": [ [ 1500.0, 96.0 ], [ 1509.0, 96.0 ] ] } },
{ "type": "Feature", "properties": { "layer": "red_roads" }, "geometry": { "type": "LineString", "coordinates": [ [ 1500.0, 204.0 ], [ 1501.0, 204.0 ] ] } },
{ "type": "Feature", "properties": { "layer": "red_roads" }, "geometry": { "type": "LineString", "coordinates": [ [ 1500.0, 204.0 ], [ 1500.0, 205.0 ] ] } },
{ "type": "Feature", "properties": { "layer": "red_roads" }, "geometry": { "type": "LineString", "coordinates": [ [ 1500.0, 205.0 ], [ 1508.0, 213.0 ] ] } },
{ "type": "Feature", "properties": { "layer": "red_roads" }, "geometry": { "type": "LineString", "coordinates": [ [ 1500.0, 205.0 ], [ 1501.0, 204.0 ] ] } },
{ "type": "Feature", "properties": { "layer": "red_roads" }, "geometry": { "type": "LineString", "coordinates": [ [ 1500.0, 379.0 ], [ 1500.0, 383.0 ] ] } },
{ "type": "Feature", "properties": { "layer": "red_roads" }, "geometry": { "type": "LineString", "coordinates": [ [ 1504.0, 366.0 ], [ 1496.0, 365.0 ], [ 1494.0, 367.0 ], [ 1495.0, 374.0 ], [ 1500.0, 379.0 ] ] } },
{ "type": "Feature", "properties": { "layer": "red_roads" }, "geometry": { "type": "LineString", "coordinates": [ [ 1505.0, 367.0 ], [ 1505.0, 374.0 ], [ 1500.0, 379.0 ] ] } },
{ "type": "Feature", "properties": { "layer": "red_roads" }, "geometry": { "type": "LineString", "coordinates": [ [ 1500.0, 383.0 ], [ 1501.0, 384.0 ] ] } },
{ "type": "Feature", "properties": { "layer": "red_roads" }, "geometry": { "type": "LineString", "coordinates": [ [ 1500.0, 383.0 ], [ 1500.0, 384.0 ] ] } },
{ "type": "Feature", "properties": { "layer": "red_roads" }, "geometry": { "type": "LineString", "coordinates": [ [ 1500.0, 384.0 ], [ 1501.0, 384.0 ] ] } },
{ "type": "Feature", "properties": { "layer": "red_roads" }, "geometry": { "type": "LineString", "coordinates": [ [ 1501.0, 132.0 ], [ 1511.0, 130.0 ] ] } },
{ "type": "Feature", "properties": { "layer": "red_roads" }, "geometry": { "type": "LineString", "coordinates": [ [ 1501.0, 204.0 ], [ 1512.0, 207.0 ], [ 1525.0, 207.0 ] ] } },
{ "type": "Feature", "properties": { "layer": "red_roads" }, "geometry": { "type": "LineString", "coordinates": [ [ 1501.0, 384.0 ], [ 1503.0, 384.0 ] ] } },
{ "type": "Feature", "properties": { "layer": "red_roads" }, "geometry": { "type": "LineString", "coordinates": [ [ 1503.0, 384.0 ], [ 1504.0, 384.0 ] ] } },
{ "type": "Feature", "properties": { "layer": "red_roads" }, "geometry": { "type": "LineString", "coordinates": [ [ 1503.0, 384.0 ], [ 1504.0, 385.0 ] ] } },
{ "type": "Feature", "properties": { "layer": "red_roads" }, "geometry": { "type": "LineString", "coordinates": [ [ 1503.0, 387.0 ], [ 1504.0, 387.0 ] ] } },
{ "type": "Feature", "properties": { "layer": "red_roads" }, "geometry": { "type": "LineString", "coordinates": [ [ 1503.0, 387.0 ], [ 1504.0, 386.0 ] ] } },
{ "type": "Feature", "properties": { "layer": "red_roads" }, "geometry": { "type": "LineString", "coordinates": [ [ 1504.0, 366.0 ], [ 1505.0, 366.0 ] ] } },
{ "type": "Feature", "properties": { "layer": "red_roads" }, "geometry": { "type": "LineString", "coordinates": [ [ 1504.0, 366.0 ], [ 1505.0, 367.0 ] ] } },
{ "type": "Feature", "properties": { "layer": "red_roads" }, "geometry": { "type": "LineString", "coordinates": [ [ 1504.0, 384.0 ], [ 1504.0, 385.0 ] ] } },
{ "type": "Feature", "properties": { "layer": "red_roads" }, "geometry": { "type": "LineString", "coordinates": [ [ 1504.0, 384.0 ], [ 1510.0, 378.0 ], [ 1516.0, 378.0 ] ] } },
{ "type": "Feature", "properties": { "layer": "red_roads" }, "geometry": { "type": "LineString", "coordinates": [ [ 1504.0, 385.0 ], [ 1504.0, 386.0 ] ] } },
{ "type": "Feature", "properties": { "layer": "red_roads" }, "geometry": { "type": "LineString", "coordinates": [ [ 1504.0, 386.0 ], [ 1505.0, 387.0 ] ] } },
{ "type": "Feature", "properties": { "layer": "red_roads" }, "geometry": { "type": "LineString", "coordinates": [ [ 1504.0, 386.0 ], [ 1504.0, 387.0 ] ] } },
{ "type": "Feature", "properties": { "layer": "red_roads" }, "geometry": { "type": "LineString", "coordinates": [ [ 1504.0, 387.0 ], [ 1505.0, 387.0 ] ] } },
{ "type": "Feature", "properties": { "layer": "red_roads" }, "geometry": { "type": "LineString", "coordinates": [ [ 1504.0, 455.0 ], [ 1505.0, 455.0 ] ] } },
{ "type": "Feature", "properties": { "layer": "red_roads" }, "geometry": { "type": "LineString", "coordinates": [ [ 1504.0, 455.0 ], [ 1505.0, 456.0 ] ] } },
{ "type": "Feature", "properties": { "layer": "red_roads" }, "geometry": { "type": "LineString", "coordinates": [ [ 1505.0, 456.0 ], [ 1507.0, 459.0 ], [ 1504.0, 465.0 ] ] } },
{ "type": "Feature", "properties": { "layer": "red_roads" }, "geometry": { "type": "LineString", "coordinates": [ [ 1505.0, 329.0 ], [ 1510.0, 339.0 ] ] } },
{ "type": "Feature", "properties": { "layer": "red_roads" }, "geometry": { "type": "LineString", "coordinates": [ [ 1505.0, 366.0 ], [ 1506.0, 366.0 ] ] } },
{ "type": "Feature", "properties": { "layer": "red_roads" }, "geometry": { "type": "LineString", "coordinates": [ [ 1505.0, 366.0 ], [ 1505.0, 367.0 ] ] } },
{ "type": "Feature", "properties": { "layer": "red_roads" }, "geometry": { "type": "LineString", "coordinates": [ [ 1505.0, 367.0 ], [ 1506.0, 366.0 ] ] } },
{ "type": "Feature", "properties": { "layer": "red_roads" }, "geometry": { "type": "LineString", "coordinates": [ [ 1505.0, 387.0 ], [ 1510.0, 392.0 ], [ 1521.0, 391.0 ] ] } },
{ "type": "Feature", "properties": { "layer": "red_roads" }, "geometry": { "type": "LineString", "coordinates": [ [ 1505.0, 455.0 ], [ 1505.0, 456.0 ] ] } },
{ "type": "Feature", "properties": { "layer": "red_roads" }, "geometry": { "type": "LineString", "coordinates": [ [ 1505.0, 455.0 ], [ 1508.0, 453.0 ] ] } },
{ "type": "Feature", "properties": { "layer": "red_roads" }, "geometry": { "type": "LineString", "coordinates": [ [ 1506.0, 5.0 ], [ 1510.0, 4.0 ] ] } },
{ "type": "Feature", "properties": { "layer": "red_roads" }, "geometry": { "type": "LineString", "coordinates": [ [ 1506.0, 366.0 ], [ 1508.0, 364.0 ] ] } },
{ "type": "Feature", "properties": { "layer": "red_roads" }, "geometry": { "type": "LineString", "coordinates": [ [ 1508.0, 364.0 ], [ 1509.0, 364.0 ] ] } },
{ "type": "Feature", "properties": { "layer": "red_roads" }, "geometry": { "type": "LineString", "coordinates": [ [ 1508.0, 364.0 ], [ 1509.0, 363.0 ] ] } },
{ "type": "Feature", "properties": { "layer": "red_roads" }, "geometry": { "type": "LineString", "coordinates": [ [ 1509.0, 10.0 ], [ 1510.0, 8.0 ] ] } },
{ "type": "Feature", "properties": { "layer": "red_roads" }, "geometry": { "type": "LineString", "coordinates": [ [ 1509.0, 222.0 ], [ 1516.0, 223.0 ], [ 1518.0, 225.0 ] ] } },
{ "type": "Feature", "properties": { "layer": "red_roads" }, "geometry": { "type": "LineString", "coordinates": [ [ 1509.0, 363.0 ], [ 1510.0, 364.0 ] ] } },
{ "type": "Feature", "properties": { "layer": "red_roads" }, "geometry": { "type": "LineString", "coordinates": [ [ 1509.0, 363.0 ], [ 1509.0, 364.0 ] ] } },
{ "type": "Feature", "properties": { "layer": "red_roads" }, "geometry": { "type": "LineString", "coordinates": [ [ 1516.0, 346.0 ], [ 1513.0, 349.0 ], [ 1511.0, 360.0 ], [ 1509.0, 363.0 ] ] } },
{ "type": "Feature", "properties": { "layer": "red_roads" }, "geometry": { "type": "LineString", "coordinates": [ [ 1509.0, 364.0 ], [ 1510.0, 364.0 ] ] } },
{ "type": "Feature", "properties": { "layer": "red_roads" }, "geometry": { "type": "LineString", "coordinates": [ [ 1510.0, 4.0 ], [ 1511.0, 4.0 ] ] } },
{ "type": "Feature", "properties": { "layer": "red_roads" }, "geometry": { "type": "LineString", "coordinates": [ [ 1510.0, 4.0 ], [ 1511.0, 5.0 ] ] } },
{ "type": "Feature", "properties": { "layer": "red_roads" }, "geometry": { "type": "LineString", "coordinates": [ [ 1510.0, 4.0 ], [ 1511.0, 3.0 ] ] } },
{ "type": "Feature", "properties": { "layer": "red_roads" }, "geometry": { "type": "LineString", "coordinates": [ [ 1510.0, 7.0 ], [ 1511.0, 7.0 ] ] } },
{ "type": "Feature", "properties": { "layer": "red_roads" }, "geometry": { "type": "LineString", "coordinates": [ [ 1510.0, 7.0 ], [ 1510.0, 8.0 ] ] } },
{ "type": "Feature", "properties": { "layer": "red_roads" }, "geometry": { "type": "LineString", "coordinates": [ [ 1510.0, 7.0 ], [ 1511.0, 6.0 ] ] } },
{ "type": "Feature", "properties": { "layer": "red_roads" }, "geometry": { "type": "LineString", "coordinates": [ [ 1510.0, 8.0 ], [ 1511.0, 7.0 ] ] } },
{ "type": "Feature", "properties": { "layer": "red_roads" }, "geometry": { "type": "LineString", "coordinates": [ [ 1510.0, 116.0 ], [ 1511.0, 116.0 ] ] } },
{ "type": "Feature", "properties": { "layer": "red_roads" }, "geometry": { "type": "LineString", "coordinates": [ [ 1510.0, 116.0 ], [ 1511.0, 117.0 ] ] } },
{ "type": "Feature", "properties": { "layer": "red_roads" }, "geometry": { "type": "LineString", "coordinates": [ [ 1510.0, 116.0 ], [ 1511.0, 115.0 ] ] } },
{ "type": "Feature", "properties": { "layer": "red_roads" }, "geometry": { "type": "LineString", "coordinates": [ [ 1510.0, 364.0 ], [ 1516.0, 369.0 ], [ 1517.0, 377.0 ] ] } },
{ "type": "Feature", "properties": { "layer": "red_roads" }, "geometry": { "type": "LineString", "coordinates": [ [ 1511.0, 3.0 ], [ 1511.0, 4.0 ] ] } },
{ "type": "Feature", "properties": { "layer": "red_roads" }, "geometry": { "type": "LineString", "coordinates": [ [ 1511.0, 3.0 ], [ 1512.0, 1.0 ] ] } },
{ "type": "Feature", "properties": { "layer": "red_roads" }, "geometry": { "type": "LineString", "coordinates": [ [ 1511.0, 4.0 ], [ 1511.0, 5.0 ] ] } },
{ "type": "Feature", "properties": { "layer": "red_roads" }, "geometry": { "type": "LineString", "coordinates": [ [ 1511.0, 5.0 ], [ 1511.0, 6.0 ] ] } },
{ "type": "Feature", "properties": { "layer": "red_roads" }, "geometry": { "type": "LineString", "coordinates": [ [ 1511.0, 6.0 ], [ 1512.0, 7.0 ] ] } },
{ "type": "Feature", "properties": { "layer": "red_roads" }, "geometry": { "type": "LineString", "coordinates": [ [ 1511.0, 6.0 ], [ 1511.0, 7.0 ] ] } },
{ "type": "Feature", "properties": { "layer": "red_roads" }, "geometry": { "type": "LineString", "coordinates": [ [ 1511.0, 7.0 ], [ 1512.0, 7.0 ] ] } },
{ "type": "Feature", "properties": { "layer": "red_roads" }, "geometry": { "type": "LineString", "coordinates": [ [ 1511.0, 115.0 ], [ 1511.0, 116.0 ] ] } },
{ "type": "Feature", "properties": { "layer": "red_roads" }, "geometry": { "type": "LineString", "coordinates": [ [ 1511.0, 115.0 ], [ 1519.0, 111.0 ] ] } },
{ "type": "Feature", "properties": { "layer": "red_roads" }, "geometry": { "type": "LineString", "coordinates": [ [ 1511.0, 116.0 ], [ 1511.0, 117.0 ] ] } },
{ "type": "Feature", "properties": { "layer": "red_roads" }, "geometry": { "type": "LineString", "coordinates": [ [ 1511.0, 117.0 ], [ 1512.0, 129.0 ] ] } },
{ "type": "Feature", "properties": { "layer": "red_roads" }, "geometry": { "type": "LineString", "coordinates": [ [ 1511.0, 130.0 ], [ 1512.0, 130.0 ] ] } },
{ "type": "Feature", "properties": { "layer": "red_roads" }, "geometry": { "type": "LineString", "coordinates": [ [ 1511.0, 130.0 ], [ 1512.0, 129.0 ] ] } },
{ "type": "Feature", "properties": { "layer": "red_roads" }, "geometry": { "type": "LineString", "coordinates": [ [ 1512.0, 7.0 ], [ 1513.0, 7.0 ] ] } },
{ "type": "Feature", "properties": { "layer": "red_roads" }, "geometry": { "type": "LineString", "coordinates": [ [ 1512.0, 129.0 ], [ 1513.0, 130.0 ] ] } },
{ "type": "Feature", "properties": { "layer": "red_roads" }, "geometry": { "type": "LineString", "coordinates": [ [ 1512.0, 129.0 ], [ 1512.0, 130.0 ] ] } },
{ "type": "Feature", "properties": { "layer": "red_roads" }, "geometry": { "type": "LineString", "coordinates": [ [ 1512.0, 130.0 ], [ 1513.0, 130.0 ] ] } },
{ "type": "Feature", "properties": { "layer": "red_roads" }, "geometry": { "type": "LineString", "coordinates": [ [ 1512.0, 234.0 ], [ 1515.0, 232.0 ], [ 1518.0, 226.0 ] ] } },
{ "type": "Feature", "properties": { "layer": "red_roads" }, "geometry": { "type": "LineString", "coordinates": [ [ 1513.0, 130.0 ], [ 1516.0, 132.0 ] ] } },
{ "type": "Feature", "properties": { "layer": "red_roads" }, "geometry": { "type": "LineString", "coordinates": [ [ 1514.0, 157.0 ], [ 1516.0, 154.0 ], [ 1523.0, 153.0 ], [ 1529.0, 147.0 ], [ 1530.0, 141.0 ] ] } },
{ "type": "Feature", "properties": { "layer": "red_roads" }, "geometry": { "type": "LineString", "coordinates": [ [ 1516.0, 132.0 ], [ 1517.0, 132.0 ] ] } },
{ "type": "Feature", "properties": { "layer": "red_roads" }, "geometry": { "type": "LineString", "coordinates": [ [ 1516.0, 132.0 ], [ 1517.0, 133.0 ] ] } },
{ "type": "Feature", "properties": { "layer": "red_roads" }, "geometry": { "type": "LineString", "coordinates": [ [ 1516.0, 378.0 ], [ 1517.0, 378.0 ] ] } },
{ "type": "Feature", "properties": { "layer": "red_roads" }, "geometry": { "type": "LineString", "coordinates": [ [ 1516.0, 378.0 ], [ 1517.0, 377.0 ] ] } },
{ "type": "Feature", "properties": { "layer": "red_roads" }, "geometry": { "type": "LineString", "coordinates": [ [ 1517.0, 132.0 ], [ 1517.0, 133.0 ] ] } },
{ "type": "Feature", "properties": { "layer": "red_roads" }, "geometry": { "type": "LineString", "coordinates": [ [ 1517.0, 132.0 ], [ 1522.0, 127.0 ], [ 1528.0, 127.0 ], [ 1535.0, 134.0 ] ] } },
{ "type": "Feature", "properties": { "layer": "red_roads" }, "geometry": { "type": "LineString", "coordinates": [ [ 1517.0, 133.0 ], [ 1520.0, 138.0 ], [ 1529.0, 140.0 ] ] } },
{ "type": "Feature", "properties": { "layer": "red_roads" }, "geometry": { "type": "LineString", "coordinates": [ [ 1517.0, 377.0 ], [ 1517.0, 378.0 ] ] } },
{ "type": "Feature", "properties": { "layer": "red_roads" }, "geometry": { "type": "LineString", "coordinates": [ [ 1517.0, 378.0 ], [ 1521.0, 381.0 ], [ 1522.0, 390.0 ] ] } },
{ "type": "Feature", "properties": { "layer": "red_roads" }, "geometry": { "type": "LineString", "coordinates": [ [ 1518.0, 14.0 ], [ 1522.0, 20.0 ] ] } },
{ "type": "Feature", "properties": { "layer": "red_roads" }, "geometry": { "type": "LineString", "coordinates": [ [ 1518.0, 225.0 ], [ 1519.0, 225.0 ] ] } },
{ "type": "Feature", "properties": { "layer": "red_roads" }, "geometry": { "type": "LineString", "coordinates": [ [ 1518.0, 225.0 ], [ 1518.0, 226.0 ] ] } },
{ "type": "Feature", "properties": { "layer": "red_roads" }, "geometry": { "type": "LineString", "coordinates": [ [ 1518.0, 226.0 ], [ 1519.0, 225.0 ] ] } },
{ "type": "Feature", "properties": { "layer": "red_roads" }, "geometry": { "type": "LineString", "coordinates": [ [ 1519.0, 111.0 ], [ 1520.0, 111.0 ] ] } },
{ "type": "Feature", "properties": { "layer": "red_roads" }, "geometry": { "type": "LineString", "coordinates": [ [ 1519.0, 111.0 ], [ 1520.0, 110.0 ] ] } },
{ "type": "Feature", "properties": { "layer": "red_roads" }, "geometry": { "type": "LineString", "coordinates": [ [ 1519.0, 177.0 ], [ 1520.0, 183.0 ] ] } },
{ "type": "Feature", "properties": { "layer": "red_roads" }, "geometry": { "type": "LineString", "coordinates": [ [ 1519.0, 225.0 ], [ 1523.0, 227.0 ] ] } },
{ "type": "Feature", "properties": { "layer": "red_roads" }, "geometry": { "type": "LineString", "coordinates": [ [ 1520.0, 110.0 ], [ 1520.0, 111.0 ] ] } },
{ "type": "Feature", "properties": { "layer": "red_roads" }, "geometry": { "type": "LineString", "coordinates": [ [ 1520.0, 110.0 ], [ 1522.0, 106.0 ] ] } },
{ "type": "Feature", "properties": { "layer": "red_roads" }, "geometry": { "type": "LineString", "coordinates": [ [ 1520.0, 111.0 ], [ 1525.0, 116.0 ], [ 1538.0, 117.0 ] ] } },
{ "type": "Feature", "properties": { "layer": "red_roads" }, "geometry": { "type": "LineString", "coordinates": [ [ 1522.0, 21.0 ], [ 1521.0, 27.0 ] ] } },
{ "type": "Feature", "properties": { "layer": "red_roads" }, "geometry": { "type": "LineString", "coordinates": [ [ 1521.0, 391.0 ], [ 1522.0, 391.0 ] ] } },
{ "type": "Feature", "properties": { "layer": "red_roads" }, "geometry": { "type": "LineString", "coordinates": [ [ 1521.0, 391.0 ], [ 1522.0, 390.0 ] ] } },
{ "type": "Feature", "properties": { "layer": "red_roads" }, "geometry": { "type": "LineString", "coordinates": [ [ 1521.0, 434.0 ], [ 1526.0, 433.0 ] ] } },
{ "type": "Feature", "properties": { "layer": "red_roads" }, "geometry": { "type": "LineString", "coordinates": [ [ 1522.0, 20.0 ], [ 1523.0, 21.0 ] ] } },
{ "type": "Feature", "properties": { "layer": "red_roads" }, "geometry": { "type": "LineString", "coordinates": [ [ 1522.0, 20.0 ], [ 1522.0, 21.0 ] ] } },
{ "type": "Feature", "properties": { "layer": "red_roads" }, "geometry": { "type": "LineString", "coordinates": [ [ 1522.0, 21.0 ], [ 1523.0, 21.0 ] ] } },
{ "type": "Feature", "properties": { "layer": "red_roads" }, "geometry": { "type": "LineString", "coordinates": [ [ 1522.0, 102.0 ], [ 1523.0, 102.0 ] ] } },
{ "type": "Feature", "properties": { "layer": "red_roads" }, "geometry": { "type": "LineString", "coordinates": [ [ 1522.0, 102.0 ], [ 1523.0, 103.0 ] ] } },
{ "type": "Feature", "properties": { "layer": "red_roads" }, "geometry": { "type": "LineString", "coordinates": [ [ 1523.0, 81.0 ], [ 1518.0, 87.0 ], [ 1518.0, 93.0 ], [ 1521.0, 97.0 ], [ 1522.0, 102.0 ] ] } },
{ "type": "Feature", "properties": { "layer": "red_roads" }, "geometry": { "type": "LineString", "coordinates": [ [ 1522.0, 106.0 ], [ 1523.0, 106.0 ] ] } },
{ "type": "Feature", "properties": { "layer": "red_roads" }, "geometry": { "type": "LineString", "coordinates": [ [ 1522.0, 106.0 ], [ 1523.0, 105.0 ] ] } },
{ "type": "Feature", "properties": { "layer": "red_roads" }, "geometry": { "type": "LineString", "coordinates": [ [ 1522.0, 390.0 ], [ 1523.0, 391.0 ] ] } },
{ "type": "Feature", "properties": { "layer": "red_roads" }, "geometry": { "type": "LineString", "coordinates": [ [ 1522.0, 390.0 ], [ 1522.0, 391.0 ] ] } },
{ "type": "Feature", "properties": { "layer": "red_roads" }, "geometry": { "type": "LineString", "coordinates": [ [ 1522.0, 391.0 ], [ 1523.0, 391.0 ] ] } },
{ "type": "Feature", "properties": { "layer": "red_roads" }, "geometry": { "type": "LineString", "coordinates": [ [ 1523.0, 21.0 ], [ 1525.0, 22.0 ] ] } },
{ "type": "Feature", "properties": { "layer": "red_roads" }, "geometry": { "type": "LineString", "coordinates": [ [ 1523.0, 102.0 ], [ 1523.0, 103.0 ] ] } },
{ "type": "Feature", "properties": { "layer": "red_roads" }, "geometry": { "type": "LineString", "coordinates": [ [ 1523.0, 102.0 ], [ 1533.0, 91.0 ] ] } },
{ "type": "Feature", "properties": { "layer": "red_roads" }, "geometry": { "type": "LineString", "coordinates": [ [ 1523.0, 103.0 ], [ 1523.0, 105.0 ] ] } },
{ "type": "Feature", "properties": { "layer": "red_roads" }, "geometry": { "type": "LineString", "coordinates": [ [ 1523.0, 105.0 ], [ 1524.0, 106.0 ] ] } },
{ "type": "Feature", "properties": { "layer": "red_roads" }, "geometry": { "type": "LineString", "coordinates": [ [ 1523.0, 105.0 ], [ 1523.0, 106.0 ] ] } },
{ "type": "Feature", "properties": { "layer": "red_roads" }, "geometry": { "type": "LineString", "coordinates": [ [ 1523.0, 106.0 ], [ 1524.0, 106.0 ] ] } },
{ "type": "Feature", "properties": { "layer": "red_roads" }, "geometry": { "type": "LineString", "coordinates": [ [ 1523.0, 391.0 ], [ 1529.0, 395.0 ] ] } },
{ "type": "Feature", "properties": { "layer": "red_roads" }, "geometry": { "type": "LineString", "coordinates": [ [ 1524.0, 106.0 ], [ 1527.0, 106.0 ] ] } },
{ "type": "Feature", "properties": { "layer": "red_roads" }, "geometry": { "type": "LineString", "coordinates": [ [ 1527.0, 106.0 ], [ 1528.0, 106.0 ] ] } },
{ "type": "Feature", "properties": { "layer": "red_roads" }, "geometry": { "type": "LineString", "coordinates": [ [ 1527.0, 106.0 ], [ 1528.0, 105.0 ] ] } },
{ "type": "Feature", "properties": { "layer": "red_roads" }, "geometry": { "type": "LineString", "coordinates": [ [ 1528.0, 48.0 ], [ 1527.0, 53.0 ], [ 1536.0, 56.0 ] ] } },
{ "type": "Feature", "properties": { "layer": "red_roads" }, "geometry": { "type": "LineString", "coordinates": [ [ 1528.0, 87.0 ], [ 1534.0, 90.0 ] ] } },
{ "type": "Feature", "properties": { "layer": "red_roads" }, "geometry": { "type": "LineString", "coordinates": [ [ 1528.0, 105.0 ], [ 1528.0, 106.0 ] ] } },
{ "type": "Feature", "properties": { "layer": "red_roads" }, "geometry": { "type": "LineString", "coordinates": [ [ 1528.0, 105.0 ], [ 1533.0, 99.0 ], [ 1535.0, 99.0 ] ] } },
{ "type": "Feature", "properties": { "layer": "red_roads" }, "geometry": { "type": "LineString", "coordinates": [ [ 1528.0, 106.0 ], [ 1533.0, 107.0 ] ] } },
{ "type": "Feature", "properties": { "layer": "red_roads" }, "geometry": { "type": "LineString", "coordinates": [ [ 1529.0, 140.0 ], [ 1530.0, 140.0 ] ] } },
{ "type": "Feature", "properties": { "layer": "red_roads" }, "geometry": { "type": "LineString", "coordinates": [ [ 1529.0, 140.0 ], [ 1530.0, 141.0 ] ] } },
{ "type": "Feature", "properties": { "layer": "red_roads" }, "geometry": { "type": "LineString", "coordinates": [ [ 1530.0, 140.0 ], [ 1531.0, 140.0 ] ] } },
{ "type": "Feature", "properties": { "layer": "red_roads" }, "geometry": { "type": "LineString", "coordinates": [ [ 1530.0, 140.0 ], [ 1530.0, 141.0 ] ] } },
{ "type": "Feature", "properties": { "layer": "red_roads" }, "geometry": { "type": "LineString", "coordinates": [ [ 1530.0, 141.0 ], [ 1531.0, 140.0 ] ] } },
{ "type": "Feature", "properties": { "layer": "red_roads" }, "geometry": { "type": "LineString", "coordinates": [ [ 1531.0, 140.0 ], [ 1533.0, 140.0 ] ] } },
{ "type": "Feature", "properties": { "layer": "red_roads" }, "geometry": { "type": "LineString", "coordinates": [ [ 1532.0, 72.0 ], [ 1533.0, 72.0 ] ] } },
{ "type": "Feature", "properties": { "layer": "red_roads" }, "geometry": { "type": "LineString", "coordinates": [ [ 1533.0, 337.0 ], [ 1534.0, 339.0 ], [ 1532.0, 341.0 ], [ 1532.0, 344.0 ] ] } },
{ "type": "Feature", "properties": { "layer": "red_roads" }, "geometry": { "type": "LineString", "coordinates": [ [ 1533.0, 72.0 ], [ 1534.0, 72.0 ] ] } },
{ "type": "Feature", "properties": { "layer": "red_roads" }, "geometry": { "type": "LineString", "coordinates": [ [ 1533.0, 72.0 ], [ 1534.0, 71.0 ] ] } },
{ "type": "Feature", "properties": { "layer": "red_roads" }, "geometry": { "type": "LineString", "coordinates": [ [ 1533.0, 91.0 ], [ 1534.0, 91.0 ] ] } },
{ "type": "Feature", "properties": { "layer": "red_roads" }, "geometry": { "type": "LineString", "coordinates": [ [ 1533.0, 91.0 ], [ 1534.0, 90.0 ] ] } },
{ "type": "Feature", "properties": { "layer": "red_roads" }, "geometry": { "type": "LineString", "coordinates": [ [ 1533.0, 107.0 ], [ 1534.0, 107.0 ] ] } },
{ "type": "Feature", "properties": { "layer": "red_roads" }, "geometry": { "type": "LineString", "coordinates": [ [ 1533.0, 107.0 ], [ 1534.0, 108.0 ] ] } },
{ "type": "Feature", "properties": { "layer": "red_roads" }, "geometry": { "type": "LineString", "coordinates": [ [ 1533.0, 107.0 ], [ 1534.0, 106.0 ] ] } },
{ "type": "Feature", "properties": { "layer": "red_roads" }, "geometry": { "type": "LineString", "coordinates": [ [ 1533.0, 140.0 ], [ 1534.0, 140.0 ] ] } },
{ "type": "Feature", "properties": { "layer": "red_roads" }, "geometry": { "type": "LineString", "coordinates": [ [ 1533.0, 140.0 ], [ 1534.0, 139.0 ] ] } },
{ "type": "Feature", "properties": { "layer": "red_roads" }, "geometry": { "type": "LineString", "coordinates": [ [ 1534.0, 71.0 ], [ 1534.0, 72.0 ] ] } },
{ "type": "Feature", "properties": { "layer": "red_roads" }, "geometry": { "type": "LineString", "coordinates": [ [ 1534.0, 71.0 ], [ 1534.0, 69.0 ], [ 1541.0, 61.0 ] ] } },
{ "type": "Feature", "properties": { "layer": "red_roads" }, "geometry": { "type": "LineString", "coordinates": [ [ 1534.0, 72.0 ], [ 1537.0, 80.0 ], [ 1535.0, 89.0 ] ] } },
{ "type": "Feature", "properties": { "layer": "red_roads" }, "geometry": { "type": "LineString", "coordinates": [ [ 1534.0, 90.0 ], [ 1535.0, 90.0 ] ] } },
{ "type": "Feature", "properties": { "layer": "red_roads" }, "geometry": { "type": "LineString", "coordinates": [ [ 1534.0, 90.0 ], [ 1534.5, 90.5 ] ] } },
{ "type": "Feature", "properties": { "layer": "red_roads" }, "geometry": { "type": "LineString", "coordinates": [ [ 1534.0, 90.0 ], [ 1534.0, 91.0 ] ] } },
{ "type": "Feature", "properties": { "layer": "red_roads" }, "geometry": { "type": "LineString", "coordinates": [ [ 1534.0, 90.0 ], [ 1535.0, 89.0 ] ] } },
{ "type": "Feature", "properties": { "layer": "red_roads" }, "geometry": { "type": "LineString", "coordinates": [ [ 1534.0, 91.0 ], [ 1535.0, 91.0 ] ] } },
{ "type": "Feature", "properties": { "layer": "red_roads" }, "geometry": { "type": "LineString", "coordinates": [ [ 1534.0, 91.0 ], [ 1534.5, 90.5 ] ] } },
{ "type": "Feature", "properties": { "layer": "red_roads" }, "geometry": { "type": "LineString", "coordinates": [ [ 1534.0, 106.0 ], [ 1534.0, 107.0 ] ] } },
{ "type": "Feature", "properties": { "layer": "red_roads" }, "geometry": { "type": "LineString", "coordinates": [ [ 1536.0, 100.0 ], [ 1536.0, 104.0 ], [ 1534.0, 106.0 ] ] } },
{ "type": "Feature", "properties": { "layer": "red_roads" }, "geometry": { "type": "LineString", "coordinates": [ [ 1534.0, 107.0 ], [ 1534.0, 108.0 ] ] } },
{ "type": "Feature", "properties": { "layer": "red_roads" }, "geometry": { "type": "LineString", "coordinates": [ [ 1534.0, 108.0 ], [ 1538.0, 113.0 ] ] } },
{ "type": "Feature", "properties": { "layer": "red_roads" }, "geometry": { "type": "LineString", "coordinates": [ [ 1534.0, 139.0 ], [ 1534.0, 140.0 ] ] } },
{ "type": "Feature", "properties": { "layer": "red_roads" }, "geometry": { "type": "LineString", "coordinates": [ [ 1535.0, 134.0 ], [ 1534.0, 139.0 ] ] } },
{ "type": "Feature", "properties": { "layer": "red_roads" }, "geometry": { "type": "LineString", "coordinates": [ [ 1534.0, 140.0 ], [ 1541.0, 147.0 ], [ 1542.0, 151.0 ], [ 1546.0, 155.0 ], [ 1548.0, 155.0 ] ] } },
{ "type": "Feature", "properties": { "layer": "red_roads" }, "geometry": { "type": "LineString", "coordinates": [ [ 1534.5, 90.5 ], [ 1535.0, 91.0 ] ] } },
{ "type": "Feature", "properties": { "layer": "red_roads" }, "geometry": { "type": "LineString", "coordinates": [ [ 1534.5, 90.5 ], [ 1535.0, 90.0 ] ] } },
{ "type": "Feature", "properties": { "layer": "red_roads" }, "geometry": { "type": "LineString", "coordinates": [ [ 1535.0, 89.0 ], [ 1535.0, 90.0 ] ] } },
{ "type": "Feature", "properties": { "layer": "red_roads" }, "geometry": { "type": "LineString", "coordinates": [ [ 1535.0, 90.0 ], [ 1535.0, 91.0 ] ] } },
{ "type": "Feature", "properties": { "layer": "red_roads" }, "geometry": { "type": "LineString", "coordinates": [ [ 1535.0, 91.0 ], [ 1539.0, 93.0 ] ] } },
{ "type": "Feature", "properties": { "layer": "red_roads" }, "geometry": { "type": "LineString", "coordinates": [ [ 1535.0, 99.0 ], [ 1536.0, 99.0 ] ] } },
{ "type": "Feature", "properties": { "layer": "red_roads" }, "geometry": { "type": "LineString", "coordinates": [ [ 1535.0, 99.0 ], [ 1536.0, 100.0 ] ] } },
{ "type": "Feature", "properties": { "layer": "red_roads" }, "geometry": { "type": "LineString", "coordinates": [ [ 1535.0, 99.0 ], [ 1536.0, 98.0 ] ] } },
{ "type": "Feature", "properties": { "layer": "red_roads" }, "geometry": { "type": "LineString", "coordinates": [ [ 1535.0, 134.0 ], [ 1538.0, 133.0 ] ] } },
{ "type": "Feature", "properties": { "layer": "red_roads" }, "geometry": { "type": "LineString", "coordinates": [ [ 1535.0, 220.0 ], [ 1534.0, 223.0 ], [ 1536.0, 227.0 ] ] } },
{ "type": "Feature", "properties": { "layer": "red_roads" }, "geometry": { "type": "LineString", "coordinates": [ [ 1536.0, 56.0 ], [ 1537.0, 56.0 ] ] } },
{ "type": "Feature", "properties": { "layer": "red_roads" }, "geometry": { "type": "LineString", "coordinates": [ [ 1536.0, 56.0 ], [ 1537.0, 55.0 ] ] } },
{ "type": "Feature", "properties": { "layer": "red_roads" }, "geometry": { "type": "LineString", "coordinates": [ [ 1536.0, 98.0 ], [ 1536.0, 99.0 ] ] } },
{ "type": "Feature", "properties": { "layer": "red_roads" }, "geometry": { "type": "LineString", "coordinates": [ [ 1536.0, 98.0 ], [ 1538.0, 94.0 ] ] } },
{ "type": "Feature", "properties": { "layer": "red_roads" }, "geometry": { "type": "LineString", "coordinates": [ [ 1536.0, 99.0 ], [ 1536.0, 100.0 ] ] } },
{ "type": "Feature", "properties": { "layer": "red_roads" }, "geometry": { "type": "LineString", "coordinates": [ [ 1537.0, 55.0 ], [ 1538.0, 56.0 ] ] } },
{ "type": "Feature", "properties": { "layer": "red_roads" }, "geometry": { "type": "LineString", "coordinates": [ [ 1537.0, 55.0 ], [ 1537.0, 56.0 ] ] } },
{ "type": "Feature", "properties": { "layer": "red_roads" }, "geometry": { "type": "LineString", "coordinates": [ [ 1537.0, 55.0 ], [ 1543.0, 43.0 ] ] } },
{ "type": "Feature", "properties": { "layer": "red_roads" }, "geometry": { "type": "LineString", "coordinates": [ [ 1537.0, 56.0 ], [ 1538.0, 56.0 ] ] } },
{ "type": "Feature", "properties": { "layer": "red_roads" }, "geometry": { "type": "LineString", "coordinates": [ [ 1538.0, 56.0 ], [ 1541.0, 61.0 ] ] } },
{ "type": "Feature", "properties": { "layer": "red_roads" }, "geometry": { "type": "LineString", "coordinates": [ [ 1538.0, 94.0 ], [ 1539.0, 94.0 ] ] } },
{ "type": "Feature", "properties": { "layer": "red_roads" }, "geometry": { "type": "LineString", "coordinates": [ [ 1538.0, 94.0 ], [ 1539.0, 93.0 ] ] } },
{ "type": "Feature", "properties": { "layer": "red_roads" }, "geometry": { "type": "LineString", "coordinates": [ [ 1538.0, 113.0 ], [ 1539.0, 113.0 ] ] } },
{ "type": "Feature", "properties": { "layer": "red_roads" }, "geometry": { "type": "LineString", "coordinates": [ [ 1538.0, 113.0 ], [ 1539.0, 114.0 ] ] } },
{ "type": "Feature", "properties": { "layer": "red_roads" }, "geometry": { "type": "LineString", "coordinates": [ [ 1538.0, 117.0 ], [ 1539.0, 117.0 ] ] } },
{ "type": "Feature", "properties": { "layer": "red_roads" }, "geometry": { "type": "LineString", "coordinates": [ [ 1538.0, 117.0 ], [ 1539.0, 118.0 ] ] } },
{ "type": "Feature", "properties": { "layer": "red_roads" }, "geometry": { "type": "LineString", "coordinates": [ [ 1538.0, 117.0 ], [ 1539.0, 116.0 ] ] } },
{ "type": "Feature", "properties": { "layer": "red_roads" }, "geometry": { "type": "LineString", "coordinates": [ [ 1538.0, 133.0 ], [ 1539.0, 133.0 ] ] } },
{ "type": "Feature", "properties": { "layer": "red_roads" }, "geometry": { "type": "LineString", "coordinates": [ [ 1538.0, 133.0 ], [ 1539.0, 132.0 ] ] } },
{ "type": "Feature", "properties": { "layer": "red_roads" }, "geometry": { "type": "LineString", "coordinates": [ [ 1539.0, 93.0 ], [ 1540.0, 93.0 ] ] } },
{ "type": "Feature", "properties": { "layer": "red_roads" }, "geometry": { "type": "LineString", "coordinates": [ [ 1539.0, 93.0 ], [ 1539.5, 93.5 ] ] } },
{ "type": "Feature", "properties": { "layer": "red_roads" }, "geometry": { "type": "LineString", "coordinates": [ [ 1539.0, 93.0 ], [ 1539.0, 94.0 ] ] } },
{ "type": "Feature", "properties": { "layer": "red_roads" }, "geometry": { "type": "LineString", "coordinates": [ [ 1539.0, 94.0 ], [ 1540.0, 94.0 ] ] } },
{ "type": "Feature", "properties": { "layer": "red_roads" }, "geometry": { "type": "LineString", "coordinates": [ [ 1539.0, 94.0 ], [ 1539.5, 93.5 ] ] } },
{ "type": "Feature", "properties": { "layer": "red_roads" }, "geometry": { "type": "LineString", "coordinates": [ [ 1539.0, 113.0 ], [ 1539.0, 114.0 ] ] } },
{ "type": "Feature", "properties": { "layer": "red_roads" }, "geometry": { "type": "LineString", "coordinates": [ [ 1539.0, 113.0 ], [ 1545.0, 107.0 ] ] } },
{ "type": "Feature", "properties": { "layer": "red_roads" }, "geometry": { "type": "LineString", "coordinates": [ [ 1539.0, 114.0 ], [ 1539.0, 116.0 ] ] } },
{ "type": "Feature", "properties": { "layer": "red_roads" }, "geometry": { "type": "LineString", "coordinates": [ [ 1539.0, 116.0 ], [ 1540.0, 117.0 ] ] } },
{ "type": "Feature", "properties": { "layer": "red_roads" }, "geometry": { "type": "LineString", "coordinates": [ [ 1539.0, 116.0 ], [ 1539.0, 117.0 ] ] } },
{ "type": "Feature", "properties": { "layer": "red_roads" }, "geometry": { "type": "LineString", "coordinates": [ [ 1539.0, 117.0 ], [ 1540.0, 117.0 ] ] } },
{ "type": "Feature", "properties": { "layer": "red_roads" }, "geometry": { "type": "LineString", "coordinates": [ [ 1539.0, 117.0 ], [ 1539.0, 118.0 ] ] } },
{ "type": "Feature", "properties": { "layer": "red_roads" }, "geometry": { "type": "LineString", "coordinates": [ [ 1539.0, 118.0 ], [ 1539.0, 132.0 ] ] } },
{ "type": "Feature", "properties": { "layer": "red_roads" }, "geometry": { "type": "LineString", "coordinates": [ [ 1539.0, 118.0 ], [ 1540.0, 117.0 ] ] } },
{ "type": "Feature", "properties": { "layer": "red_roads" }, "geometry": { "type": "LineString", "coordinates": [ [ 1539.0, 132.0 ], [ 1539.0, 133.0 ] ] } },
{ "type": "Feature", "properties": { "layer": "red_roads" }, "geometry": { "type": "LineString", "coordinates": [ [ 1539.0, 133.0 ], [ 1546.0, 136.0 ], [ 1552.0, 136.0 ] ] } },
{ "type": "Feature", "properties": { "layer": "red_roads" }, "geometry": { "type": "LineString", "coordinates": [ [ 1539.5, 93.5 ], [ 1540.0, 94.0 ] ] } },
{ "type": "Feature", "properties": { "layer": "red_roads" }, "geometry": { "type": "LineString", "coordinates": [ [ 1539.5, 93.5 ], [ 1540.0, 93.0 ] ] } },
{ "type": "Feature", "properties": { "layer": "red_roads" }, "geometry": { "type": "LineString", "coordinates": [ [ 1540.0, 93.0 ], [ 1540.0, 94.0 ] ] } },
{ "type": "Feature", "properties": { "layer": "red_roads" }, "geometry": { "type": "LineString", "coordinates": [ [ 1540.0, 93.0 ], [ 1542.0, 91.0 ], [ 1551.0, 91.0 ], [ 1554.0, 87.0 ] ] } },
{ "type": "Feature", "properties": { "layer": "red_roads" }, "geometry": { "type": "LineString", "coordinates": [ [ 1540.0, 94.0 ], [ 1546.0, 105.0 ] ] } },
{ "type": "Feature", "properties": { "layer": "red_roads" }, "geometry": { "type": "LineString", "coordinates": [ [ 1540.0, 117.0 ], [ 1557.0, 117.0 ] ] } },
{ "type": "Feature", "properties": { "layer": "red_roads" }, "geometry": { "type": "LineString", "coordinates": [ [ 1541.0, 40.0 ], [ 1542.0, 42.0 ] ] } },
{ "type": "Feature", "properties": { "layer": "red_roads" }, "geometry": { "type": "LineString", "coordinates": [ [ 1541.0, 61.0 ], [ 1542.0, 61.0 ] ] } },
{ "type": "Feature", "properties": { "layer": "red_roads" }, "geometry": { "type": "LineString", "coordinates": [ [ 1542.0, 42.0 ], [ 1543.0, 42.0 ] ] } },
{ "type": "Feature", "properties": { "layer": "red_roads" }, "geometry": { "type": "LineString", "coordinates": [ [ 1542.0, 42.0 ], [ 1543.0, 43.0 ] ] } },
{ "type": "Feature", "properties": { "layer": "red_roads" }, "geometry": { "type": "LineString", "coordinates": [ [ 1542.0, 61.0 ], [ 1543.0, 61.0 ] ] } },
{ "type": "Feature", "properties": { "layer": "red_roads" }, "geometry": { "type": "LineString", "coordinates": [ [ 1542.0, 61.0 ], [ 1543.0, 62.0 ] ] } },
{ "type": "Feature", "properties": { "layer": "red_roads" }, "geometry": { "type": "LineString", "coordinates": [ [ 1543.0, 42.0 ], [ 1544.0, 42.0 ] ] } },
{ "type": "Feature", "properties": { "layer": "red_roads" }, "geometry": { "type": "LineString", "coordinates": [ [ 1543.0, 42.0 ], [ 1543.0, 43.0 ] ] } },
{ "type": "Feature", "properties": { "layer": "red_roads" }, "geometry": { "type": "LineString", "coordinates": [ [ 1543.0, 43.0 ], [ 1544.0, 42.0 ] ] } },
{ "type": "Feature", "properties": { "layer": "red_roads" }, "geometry": { "type": "LineString", "coordinates": [ [ 1543.0, 61.0 ], [ 1543.0, 62.0 ] ] } },
{ "type": "Feature", "properties": { "layer": "red_roads" }, "geometry": { "type": "LineString", "coordinates": [ [ 1543.0, 61.0 ], [ 1554.0, 59.0 ] ] } },
{ "type": "Feature", "properties": { "layer": "red_roads" }, "geometry": { "type": "LineString", "coordinates": [ [ 1543.0, 62.0 ], [ 1545.0, 64.0 ], [ 1546.0, 70.0 ], [ 1549.0, 72.0 ] ] } },
{ "type": "Feature", "properties": { "layer": "red_roads" }, "geometry": { "type": "LineString", "coordinates": [ [ 1544.0, 42.0 ], [ 1549.0, 41.0 ], [ 1556.0, 32.0 ], [ 1560.0, 31.0 ] ] } },
{ "type": "Feature", "properties": { "layer": "red_roads" }, "geometry": { "type": "LineString", "coordinates": [ [ 1544.0, 82.0 ], [ 1547.0, 79.0 ], [ 1549.0, 73.0 ] ] } },
{ "type": "Feature", "properties": { "layer": "red_roads" }, "geometry": { "type": "LineString", "coordinates": [ [ 1544.0, 177.0 ], [ 1545.0, 179.0 ], [ 1549.0, 179.0 ], [ 1551.0, 181.0 ] ] } },
{ "type": "Feature", "properties": { "layer": "red_roads" }, "geometry": { "type": "LineString", "coordinates": [ [ 1545.0, 106.0 ], [ 1546.0, 106.0 ] ] } },
{ "type": "Feature", "properties": { "layer": "red_roads" }, "geometry": { "type": "LineString", "coordinates": [ [ 1545.0, 106.0 ], [ 1545.0, 107.0 ] ] } },
{ "type": "Feature", "properties": { "layer": "red_roads" }, "geometry": { "type": "LineString", "coordinates": [ [ 1545.0, 106.0 ], [ 1546.0, 105.0 ] ] } },
{ "type": "Feature", "properties": { "layer": "red_roads" }, "geometry": { "type": "LineString", "coordinates": [ [ 1545.0, 107.0 ], [ 1546.0, 106.0 ] ] } },
{ "type": "Feature", "properties": { "layer": "red_roads" }, "geometry": { "type": "LineString", "coordinates": [ [ 1546.0, 105.0 ], [ 1547.0, 106.0 ] ] } },
{ "type": "Feature", "properties": { "layer": "red_roads" }, "geometry": { "type": "LineString", "coordinates": [ [ 1546.0, 105.0 ], [ 1546.0, 106.0 ] ] } },
{ "type": "Feature", "properties": { "layer": "red_roads" }, "geometry": { "type": "LineString", "coordinates": [ [ 1546.0, 106.0 ], [ 1547.0, 106.0 ] ] } },
{ "type": "Feature", "properties": { "layer": "red_roads" }, "geometry": { "type": "LineString", "coordinates": [ [ 1546.0, 162.0 ], [ 1549.0, 159.0 ], [ 1549.0, 156.0 ] ] } },
{ "type": "Feature", "properties": { "layer": "red_roads" }, "geometry": { "type": "LineString", "coordinates": [ [ 1546.0, 248.0 ], [ 1549.0, 254.0 ] ] } },
{ "type": "Feature", "properties": { "layer": "red_roads" }, "geometry": { "type": "LineString", "coordinates": [ [ 1547.0, 106.0 ], [ 1557.0, 108.0 ] ] } },
{ "type": "Feature", "properties": { "layer": "red_roads" }, "geometry": { "type": "LineString", "coordinates": [ [ 1548.0, 155.0 ], [ 1549.0, 155.0 ] ] } },
{ "type": "Feature", "properties": { "layer": "red_roads" }, "geometry": { "type": "LineString", "coordinates": [ [ 1548.0, 155.0 ], [ 1549.0, 156.0 ] ] } },
{ "type": "Feature", "properties": { "layer": "red_roads" }, "geometry": { "type": "LineString", "coordinates": [ [ 1549.0, 72.0 ], [ 1550.0, 72.0 ] ] } },
{ "type": "Feature", "properties": { "layer": "red_roads" }, "geometry": { "type": "LineString", "coordinates": [ [ 1549.0, 72.0 ], [ 1549.0, 73.0 ] ] } },
{ "type": "Feature", "properties": { "layer": "red_roads" }, "geometry": { "type": "LineString", "coordinates": [ [ 1549.0, 73.0 ], [ 1550.0, 72.0 ] ] } },
{ "type": "Feature", "properties": { "layer": "red_roads" }, "geometry": { "type": "LineString", "coordinates": [ [ 1549.0, 83.0 ], [ 1554.0, 87.0 ] ] } },
{ "type": "Feature", "properties": { "layer": "red_roads" }, "geometry": { "type": "LineString", "coordinates": [ [ 1549.0, 155.0 ], [ 1550.0, 155.0 ] ] } },
{ "type": "Feature", "properties": { "layer": "red_roads" }, "geometry": { "type": "LineString", "coordinates": [ [ 1549.0, 155.0 ], [ 1549.0, 156.0 ] ] } },
{ "type": "Feature", "properties": { "layer": "red_roads" }, "geometry": { "type": "LineString", "coordinates": [ [ 1549.0, 156.0 ], [ 1550.0, 155.0 ] ] } },
{ "type": "Feature", "properties": { "layer": "red_roads" }, "geometry": { "type": "LineString", "coordinates": [ [ 1549.0, 254.0 ], [ 1550.0, 255.0 ] ] } },
{ "type": "Feature", "properties": { "layer": "red_roads" }, "geometry": { "type": "LineString", "coordinates": [ [ 1549.0, 254.0 ], [ 1549.0, 255.0 ] ] } },
{ "type": "Feature", "properties": { "layer": "red_roads" }, "geometry": { "type": "LineString", "coordinates": [ [ 1549.0, 255.0 ], [ 1550.0, 255.0 ] ] } },
{ "type": "Feature", "properties": { "layer": "red_roads" }, "geometry": { "type": "LineString", "coordinates": [ [ 1549.0, 255.0 ], [ 1549.0, 256.0 ] ] } },
{ "type": "Feature", "properties": { "layer": "red_roads" }, "geometry": { "type": "LineString", "coordinates": [ [ 1549.0, 256.0 ], [ 1547.0, 266.0 ], [ 1548.0, 276.0 ], [ 1550.0, 280.0 ], [ 1553.0, 282.0 ], [ 1557.0, 280.0 ] ] } },
{ "type": "Feature", "properties": { "layer": "red_roads" }, "geometry": { "type": "LineString", "coordinates": [ [ 1549.0, 256.0 ], [ 1550.0, 255.0 ] ] } },
{ "type": "Feature", "properties": { "layer": "red_roads" }, "geometry": { "type": "LineString", "coordinates": [ [ 1549.0, 340.0 ], [ 1550.0, 341.0 ] ] } },
{ "type": "Feature", "properties": { "layer": "red_roads" }, "geometry": { "type": "LineString", "coordinates": [ [ 1550.0, 342.0 ], [ 1549.0, 346.0 ] ] } },
{ "type": "Feature", "properties": { "layer": "red_roads" }, "geometry": { "type": "LineString", "coordinates": [ [ 1550.0, 72.0 ], [ 1555.0, 71.0 ] ] } },
{ "type": "Feature", "properties": { "layer": "red_roads" }, "geometry": { "type": "LineString", "coordinates": [ [ 1550.0, 155.0 ], [ 1556.0, 147.0 ] ] } },
{ "type": "Feature", "properties": { "layer": "red_roads" }, "geometry": { "type": "LineString", "coordinates": [ [ 1550.0, 255.0 ], [ 1554.0, 256.0 ], [ 1558.0, 254.0 ] ] } },
{ "type": "Feature", "properties": { "layer": "red_roads" }, "geometry": { "type": "LineString", "coordinates": [ [ 1550.0, 341.0 ], [ 1551.0, 341.0 ] ] } },
{ "type": "Feature", "properties": { "layer": "red_roads" }, "geometry": { "type": "LineString", "coordinates": [ [ 1550.0, 341.0 ], [ 1550.0, 342.0 ] ] } },
{ "type": "Feature", "properties": { "layer": "red_roads" }, "geometry": { "type": "LineString", "coordinates": [ [ 1550.0, 342.0 ], [ 1551.0, 341.0 ] ] } },
{ "type": "Feature", "properties": { "layer": "red_roads" }, "geometry": { "type": "LineString", "coordinates": [ [ 1551.0, 341.0 ], [ 1556.0, 339.0 ] ] } },
{ "type": "Feature", "properties": { "layer": "red_roads" }, "geometry": { "type": "LineString", "coordinates": [ [ 1552.0, 136.0 ], [ 1555.0, 140.0 ], [ 1556.0, 146.0 ] ] } },
{ "type": "Feature", "properties": { "layer": "red_roads" }, "geometry": { "type": "LineString", "coordinates": [ [ 1552.0, 136.0 ], [ 1557.0, 133.0 ], [ 1560.0, 129.0 ] ] } },
{ "type": "Feature", "properties": { "layer": "red_roads" }, "geometry": { "type": "LineString", "coordinates": [ [ 1552.0, 311.0 ], [ 1554.0, 307.0 ], [ 1557.0, 305.0 ] ] } },
{ "type": "Feature", "properties": { "layer": "red_roads" }, "geometry": { "type": "LineString", "coordinates": [ [ 1554.0, 46.0 ], [ 1553.0, 52.0 ], [ 1555.0, 54.0 ] ] } },
{ "type": "Feature", "properties": { "layer": "red_roads" }, "geometry": { "type": "LineString", "coordinates": [ [ 1554.0, 59.0 ], [ 1555.0, 59.0 ] ] } },
{ "type": "Feature", "properties": { "layer": "red_roads" }, "geometry": { "type": "LineString", "coordinates": [ [ 1554.0, 59.0 ], [ 1555.0, 58.0 ] ] } },
{ "type": "Feature", "properties": { "layer": "red_roads" }, "geometry": { "type": "LineString", "coordinates": [ [ 1554.0, 87.0 ], [ 1561.0, 86.0 ] ] } },
{ "type": "Feature", "properties": { "layer": "red_roads" }, "geometry": { "type": "LineString", "coordinates": [ [ 1554.0, 124.0 ], [ 1555.0, 123.0 ] ] } },
{ "type": "Feature", "properties": { "layer": "red_roads" }, "geometry": { "type": "LineString", "coordinates": [ [ 1555.0, 54.0 ], [ 1556.0, 54.0 ] ] } },
{ "type": "Feature", "properties": { "layer": "red_roads" }, "geometry": { "type": "LineString", "coordinates": [ [ 1555.0, 54.0 ], [ 1555.0, 55.0 ] ] } },
{ "type": "Feature", "properties": { "layer": "red_roads" }, "geometry": { "type": "LineString", "coordinates": [ [ 1555.0, 55.0 ], [ 1555.0, 58.0 ] ] } },
{ "type": "Feature", "properties": { "layer": "red_roads" }, "geometry": { "type": "LineString", "coordinates": [ [ 1555.0, 55.0 ], [ 1556.0, 54.0 ] ] } },
{ "type": "Feature", "properties": { "layer": "red_roads" }, "geometry": { "type": "LineString", "coordinates": [ [ 1555.0, 58.0 ], [ 1555.0, 59.0 ] ] } },
{ "type": "Feature", "properties": { "layer": "red_roads" }, "geometry": { "type": "LineString", "coordinates": [ [ 1555.0, 59.0 ], [ 1556.0, 63.0 ] ] } },
{ "type": "Feature", "properties": { "layer": "red_roads" }, "geometry": { "type": "LineString", "coordinates": [ [ 1555.0, 71.0 ], [ 1556.0, 71.0 ] ] } },
{ "type": "Feature", "properties": { "layer": "red_roads" }, "geometry": { "type": "LineString", "coordinates": [ [ 1555.0, 71.0 ], [ 1556.0, 70.0 ] ] } },
{ "type": "Feature", "properties": { "layer": "red_roads" }, "geometry": { "type": "LineString", "coordinates": [ [ 1555.0, 123.0 ], [ 1560.0, 128.0 ] ] } },
{ "type": "Feature", "properties": { "layer": "red_roads" }, "geometry": { "type": "LineString", "coordinates": [ [ 1555.0, 123.0 ], [ 1558.0, 118.0 ] ] } },
{ "type": "Feature", "properties": { "layer": "red_roads" }, "geometry": { "type": "LineString", "coordinates": [ [ 1556.0, 54.0 ], [ 1560.0, 53.0 ], [ 1565.0, 57.0 ] ] } },
{ "type": "Feature", "properties": { "layer": "red_roads" }, "geometry": { "type": "LineString", "coordinates": [ [ 1556.0, 63.0 ], [ 1557.0, 64.0 ] ] } },
{ "type": "Feature", "properties": { "layer": "red_roads" }, "geometry": { "type": "LineString", "coordinates": [ [ 1556.0, 63.0 ], [ 1556.0, 64.0 ] ] } },
{ "type": "Feature", "properties": { "layer": "red_roads" }, "geometry": { "type": "LineString", "coordinates": [ [ 1556.0, 64.0 ], [ 1557.0, 64.0 ] ] } },
{ "type": "Feature", "properties": { "layer": "red_roads" }, "geometry": { "type": "LineString", "coordinates": [ [ 1556.0, 64.0 ], [ 1556.0, 65.0 ] ] } },
{ "type": "Feature", "properties": { "layer": "red_roads" }, "geometry": { "type": "LineString", "coordinates": [ [ 1556.0, 65.0 ], [ 1556.0, 70.0 ] ] } },
{ "type": "Feature", "properties": { "layer": "red_roads" }, "geometry": { "type": "LineString", "coordinates": [ [ 1556.0, 65.0 ], [ 1557.0, 64.0 ] ] } },
{ "type": "Feature", "properties": { "layer": "red_roads" }, "geometry": { "type": "LineString", "coordinates": [ [ 1556.0, 70.0 ], [ 1556.0, 71.0 ] ] } },
{ "type": "Feature", "properties": { "layer": "red_roads" }, "geometry": { "type": "LineString", "coordinates": [ [ 1556.0, 71.0 ], [ 1560.0, 73.0 ] ] } },
{ "type": "Feature", "properties": { "layer": "red_roads" }, "geometry": { "type": "LineString", "coordinates": [ [ 1556.0, 146.0 ], [ 1557.0, 147.0 ] ] } },
{ "type": "Feature", "properties": { "layer": "red_roads" }, "geometry": { "type": "LineString", "coordinates": [ [ 1556.0, 146.0 ], [ 1556.0, 147.0 ] ] } },
{ "type": "Feature", "properties": { "layer": "red_roads" }, "geometry": { "type": "LineString", "coordinates": [ [ 1556.0, 147.0 ], [ 1557.0, 147.0 ] ] } },
{ "type": "Feature", "properties": { "layer": "red_roads" }, "geometry": { "type": "LineString", "coordinates": [ [ 1556.0, 339.0 ], [ 1559.0, 341.0 ] ] } },
{ "type": "Feature", "properties": { "layer": "red_roads" }, "geometry": { "type": "LineString", "coordinates": [ [ 1556.0, 339.0 ], [ 1558.0, 335.0 ] ] } },
{ "type": "Feature", "properties": { "layer": "red_roads" }, "geometry": { "type": "LineString", "coordinates": [ [ 1557.0, 64.0 ], [ 1560.0, 64.0 ], [ 1565.0, 67.0 ] ] } },
{ "type": "Feature", "properties": { "layer": "red_roads" }, "geometry": { "type": "LineString", "coordinates": [ [ 1557.0, 108.0 ], [ 1558.0, 108.0 ] ] } },
{ "type": "Feature", "properties": { "layer": "red_roads" }, "geometry": { "type": "LineString", "coordinates": [ [ 1557.0, 108.0 ], [ 1558.0, 109.0 ] ] } },
{ "type": "Feature", "properties": { "layer": "red_roads" }, "geometry": { "type": "LineString", "coordinates": [ [ 1557.0, 117.0 ], [ 1558.0, 117.0 ] ] } },
{ "type": "Feature", "properties": { "layer": "red_roads" }, "geometry": { "type": "LineString", "coordinates": [ [ 1557.0, 117.0 ], [ 1558.0, 118.0 ] ] } },
{ "type": "Feature", "properties": { "layer": "red_roads" }, "geometry": { "type": "LineString", "coordinates": [ [ 1557.0, 147.0 ], [ 1560.0, 149.0 ] ] } },
{ "type": "Feature", "properties": { "layer": "red_roads" }, "geometry": { "type": "LineString", "coordinates": [ [ 1557.0, 229.0 ], [ 1557.0, 231.0 ], [ 1572.0, 246.0 ], [ 1572.0, 256.0 ] ] } },
{ "type": "Feature", "properties": { "layer": "red_roads" }, "geometry": { "type": "LineString", "coordinates": [ [ 1557.0, 305.0 ], [ 1558.0, 305.0 ] ] } },
{ "type": "Feature", "properties": { "layer": "red_roads" }, "geometry": { "type": "LineString", "coordinates": [ [ 1557.0, 305.0 ], [ 1558.0, 304.0 ] ] } },
{ "type": "Feature", "properties": { "layer": "red_roads" }, "geometry": { "type": "LineString", "coordinates": [ [ 1558.0, 108.0 ], [ 1558.0, 109.0 ] ] } },
{ "type": "Feature", "properties": { "layer": "red_roads" }, "geometry": { "type": "LineString", "coordinates": [ [ 1558.0, 108.0 ], [ 1562.0, 105.0 ] ] } },
{ "type": "Feature", "properties": { "layer": "red_roads" }, "geometry": { "type": "LineString", "coordinates": [ [ 1558.0, 109.0 ], [ 1559.0, 116.0 ] ] } },
{ "type": "Feature", "properties": { "layer": "red_roads" }, "geometry": { "type": "LineString", "coordinates": [ [ 1558.0, 117.0 ], [ 1559.0, 117.0 ] ] } },
{ "type": "Feature", "properties": { "layer": "red_roads" }, "geometry": { "type": "LineString", "coordinates": [ [ 1558.0, 117.0 ], [ 1558.0, 118.0 ] ] } },
{ "type": "Feature", "properties": { "layer": "red_roads" }, "geometry": { "type": "LineString", "coordinates": [ [ 1558.0, 117.0 ], [ 1559.0, 116.0 ] ] } },
{ "type": "Feature", "properties": { "layer": "red_roads" }, "geometry": { "type": "LineString", "coordinates": [ [ 1558.0, 118.0 ], [ 1559.0, 117.0 ] ] } },
{ "type": "Feature", "properties": { "layer": "red_roads" }, "geometry": { "type": "LineString", "coordinates": [ [ 1558.0, 304.0 ], [ 1559.0, 305.0 ] ] } },
{ "type": "Feature", "properties": { "layer": "red_roads" }, "geometry": { "type": "LineString", "coordinates": [ [ 1558.0, 304.0 ], [ 1558.0, 305.0 ] ] } },
{ "type": "Feature", "properties": { "layer": "red_roads" }, "geometry": { "type": "LineString", "coordinates": [ [ 1561.0, 295.0 ], [ 1558.0, 299.0 ], [ 1558.0, 304.0 ] ] } },
{ "type": "Feature", "properties": { "layer": "red_roads" }, "geometry": { "type": "LineString", "coordinates": [ [ 1558.0, 305.0 ], [ 1559.0, 305.0 ] ] } },
{ "type": "Feature", "properties": { "layer": "red_roads" }, "geometry": { "type": "LineString", "coordinates": [ [ 1559.0, 116.0 ], [ 1560.0, 117.0 ] ] } },
{ "type": "Feature", "properties": { "layer": "red_roads" }, "geometry": { "type": "LineString", "coordinates": [ [ 1559.0, 116.0 ], [ 1559.0, 117.0 ] ] } },
{ "type": "Feature", "properties": { "layer": "red_roads" }, "geometry": { "type": "LineString", "coordinates": [ [ 1559.0, 117.0 ], [ 1560.0, 117.0 ] ] } },
{ "type": "Feature", "properties": { "layer": "red_roads" }, "geometry": { "type": "LineString", "coordinates": [ [ 1559.0, 305.0 ], [ 1562.0, 306.0 ] ] } },
{ "type": "Feature", "properties": { "layer": "red_roads" }, "geometry": { "type": "LineString", "coordinates": [ [ 1559.0, 487.0 ], [ 1562.0, 485.0 ] ] } },
{ "type": "Feature", "properties": { "layer": "red_roads" }, "geometry": { "type": "LineString", "coordinates": [ [ 1560.0, 31.0 ], [ 1561.0, 31.0 ] ] } },
{ "type": "Feature", "properties": { "layer": "red_roads" }, "geometry": { "type": "LineString", "coordinates": [ [ 1560.0, 31.0 ], [ 1561.0, 32.0 ] ] } },
{ "type": "Feature", "properties": { "layer": "red_roads" }, "geometry": { "type": "LineString", "coordinates": [ [ 1560.0, 73.0 ], [ 1561.0, 85.0 ] ] } },
{ "type": "Feature", "properties": { "layer": "red_roads" }, "geometry": { "type": "LineString", "coordinates": [ [ 1560.0, 73.0 ], [ 1565.0, 68.0 ] ] } },
{ "type": "Feature", "properties": { "layer": "red_roads" }, "geometry": { "type": "LineString", "coordinates": [ [ 1560.0, 117.0 ], [ 1563.0, 117.0 ], [ 1567.0, 121.0 ] ] } },
{ "type": "Feature", "properties": { "layer": "red_roads" }, "geometry": { "type": "LineString", "coordinates": [ [ 1560.0, 128.0 ], [ 1561.0, 129.0 ] ] } },
{ "type": "Feature", "properties": { "layer": "red_roads" }, "geometry": { "type": "LineString", "coordinates": [ [ 1560.0, 128.0 ], [ 1560.0, 129.0 ] ] } },
{ "type": "Feature", "properties": { "layer": "red_roads" }, "geometry": { "type": "LineString", "coordinates": [ [ 1560.0, 129.0 ], [ 1561.0, 129.0 ] ] } },
{ "type": "Feature", "properties": { "layer": "red_roads" }, "geometry": { "type": "LineString", "coordinates": [ [ 1561.0, 31.0 ], [ 1561.0, 32.0 ] ] } },
{ "type": "Feature", "properties": { "layer": "red_roads" }, "geometry": { "type": "LineString", "coordinates": [ [ 1561.0, 31.0 ], [ 1563.0, 29.0 ], [ 1571.0, 29.0 ] ] } },
{ "type": "Feature", "properties": { "layer": "red_roads" }, "geometry": { "type": "LineString", "coordinates": [ [ 1561.0, 32.0 ], [ 1568.0, 38.0 ] ] } },
{ "type": "Feature", "properties": { "layer": "red_roads" }, "geometry": { "type": "LineString", "coordinates": [ [ 1561.0, 85.0 ], [ 1562.0, 86.0 ] ] } },
{ "type": "Feature", "properties": { "layer": "red_roads" }, "geometry": { "type": "LineString", "coordinates": [ [ 1561.0, 85.0 ], [ 1561.0, 86.0 ] ] } },
{ "type": "Feature", "properties": { "layer": "red_roads" }, "geometry": { "type": "LineString", "coordinates": [ [ 1561.0, 86.0 ], [ 1562.0, 86.0 ] ] } },
{ "type": "Feature", "properties": { "layer": "red_roads" }, "geometry": { "type": "LineString", "coordinates": [ [ 1561.0, 129.0 ], [ 1564.0, 129.0 ], [ 1567.0, 126.0 ] ] } },
{ "type": "Feature", "properties": { "layer": "red_roads" }, "geometry": { "type": "LineString", "coordinates": [ [ 1561.0, 482.0 ], [ 1562.0, 484.0 ] ] } },
{ "type": "Feature", "properties": { "layer": "red_roads" }, "geometry": { "type": "LineString", "coordinates": [ [ 1562.0, 86.0 ], [ 1570.0, 86.0 ] ] } },
{ "type": "Feature", "properties": { "layer": "red_roads" }, "geometry": { "type": "LineString", "coordinates": [ [ 1562.0, 262.0 ], [ 1564.0, 264.0 ], [ 1566.0, 263.0 ] ] } },
{ "type": "Feature", "properties": { "layer": "red_roads" }, "geometry": { "type": "LineString", "coordinates": [ [ 1562.0, 484.0 ], [ 1563.0, 484.0 ] ] } },
{ "type": "Feature", "properties": { "layer": "red_roads" }, "geometry": { "type": "LineString", "coordinates": [ [ 1562.0, 484.0 ], [ 1562.0, 485.0 ] ] } },
{ "type": "Feature", "properties": { "layer": "red_roads" }, "geometry": { "type": "LineString", "coordinates": [ [ 1562.0, 485.0 ], [ 1563.0, 484.0 ] ] } },
{ "type": "Feature", "properties": { "layer": "red_roads" }, "geometry": { "type": "LineString", "coordinates": [ [ 1563.0, 484.0 ], [ 1566.0, 481.0 ] ] } },
{ "type": "Feature", "properties": { "layer": "red_roads" }, "geometry": { "type": "LineString", "coordinates": [ [ 1565.0, 40.0 ], [ 1568.0, 38.0 ] ] } },
{ "type": "Feature", "properties": { "layer": "red_roads" }, "geometry": { "type": "LineString", "coordinates": [ [ 1565.0, 67.0 ], [ 1566.0, 68.0 ] ] } },
{ "type": "Feature", "properties": { "layer": "red_roads" }, "geometry": { "type": "LineString", "coordinates": [ [ 1565.0, 67.0 ], [ 1565.0, 68.0 ] ] } },
{ "type": "Feature", "properties": { "layer": "red_roads" }, "geometry": { "type": "LineString", "coordinates": [ [ 1565.0, 68.0 ], [ 1566.0, 68.0 ] ] } },
{ "type": "Feature", "properties": { "layer": "red_roads" }, "geometry": { "type": "LineString", "coordinates": [ [ 1565.0, 284.0 ], [ 1571.0, 275.0 ] ] } },
{ "type": "Feature", "properties": { "layer": "red_roads" }, "geometry": { "type": "LineString", "coordinates": [ [ 1566.0, 63.0 ], [ 1568.0, 66.0 ] ] } },
{ "type": "Feature", "properties": { "layer": "red_roads" }, "geometry": { "type": "LineString", "coordinates": [ [ 1566.0, 68.0 ], [ 1567.0, 68.0 ] ] } },
{ "type": "Feature", "properties": { "layer": "red_roads" }, "geometry": { "type": "LineString", "coordinates": [ [ 1566.0, 68.0 ], [ 1567.0, 67.0 ] ] } },
{ "type": "Feature", "properties": { "layer": "red_roads" }, "geometry": { "type": "LineString", "coordinates": [ [ 1566.0, 139.0 ], [ 1568.0, 138.0 ] ] } },
{ "type": "Feature", "properties": { "layer": "red_roads" }, "geometry": { "type": "LineString", "coordinates": [ [ 1567.0, 67.0 ], [ 1567.0, 68.0 ] ] } },
{ "type": "Feature", "properties": { "layer": "red_roads" }, "geometry": { "type": "LineString", "coordinates": [ [ 1567.0, 67.0 ], [ 1568.0, 66.0 ] ] } },
{ "type": "Feature", "properties": { "layer": "red_roads" }, "geometry": { "type": "LineString", "coordinates": [ [ 1567.0, 68.0 ], [ 1571.0, 74.0 ] ] } },
{ "type": "Feature", "properties": { "layer": "red_roads" }, "geometry": { "type": "LineString", "coordinates": [ [ 1567.0, 121.0 ], [ 1568.0, 121.0 ] ] } },
{ "type": "Feature", "properties": { "layer": "red_roads" }, "geometry": { "type": "LineString", "coordinates": [ [ 1567.0, 121.0 ], [ 1568.0, 122.0 ] ] } },
{ "type": "Feature", "properties": { "layer": "red_roads" }, "geometry": { "type": "LineString", "coordinates": [ [ 1567.0, 126.0 ], [ 1568.0, 126.0 ] ] } },
{ "type": "Feature", "properties": { "layer": "red_roads" }, "geometry": { "type": "LineString", "coordinates": [ [ 1567.0, 126.0 ], [ 1568.0, 125.0 ] ] } },
{ "type": "Feature", "properties": { "layer": "red_roads" }, "geometry": { "type": "LineString", "coordinates": [ [ 1568.0, 38.0 ], [ 1571.0, 38.0 ], [ 1572.0, 35.0 ] ] } },
{ "type": "Feature", "properties": { "layer": "red_roads" }, "geometry": { "type": "LineString", "coordinates": [ [ 1568.0, 66.0 ], [ 1569.0, 66.0 ] ] } },
{ "type": "Feature", "properties": { "layer": "red_roads" }, "geometry": { "type": "LineString", "coordinates": [ [ 1568.0, 109.0 ], [ 1569.0, 109.0 ] ] } },
{ "type": "Feature", "properties": { "layer": "red_roads" }, "geometry": { "type": "LineString", "coordinates": [ [ 1568.0, 109.0 ], [ 1568.0, 110.0 ] ] } },
{ "type": "Feature", "properties": { "layer": "red_roads" }, "geometry": { "type": "LineString", "coordinates": [ [ 1568.0, 109.0 ], [ 1567.0, 104.0 ], [ 1574.0, 97.0 ] ] } },
{ "type": "Feature", "properties": { "layer": "red_roads" }, "geometry": { "type": "LineString", "coordinates": [ [ 1568.0, 110.0 ], [ 1569.0, 118.0 ] ] } },
{ "type": "Feature", "properties": { "layer": "red_roads" }, "geometry": { "type": "LineString", "coordinates": [ [ 1568.0, 110.0 ], [ 1569.0, 109.0 ] ] } },
{ "type": "Feature", "properties": { "layer": "red_roads" }, "geometry": { "type": "LineString", "coordinates": [ [ 1568.0, 121.0 ], [ 1568.0, 122.0 ] ] } },
{ "type": "Feature", "properties": { "layer": "red_roads" }, "geometry": { "type": "LineString", "coordinates": [ [ 1568.0, 121.0 ], [ 1569.0, 120.0 ] ] } },
{ "type": "Feature", "properties": { "layer": "red_roads" }, "geometry": { "type": "LineString", "coordinates": [ [ 1568.0, 122.0 ], [ 1568.0, 125.0 ] ] } },
{ "type": "Feature", "properties": { "layer": "red_roads" }, "geometry": { "type": "LineString", "coordinates": [ [ 1568.0, 125.0 ], [ 1568.0, 126.0 ] ] } },
{ "type": "Feature", "properties": { "layer": "red_roads" }, "geometry": { "type": "LineString", "coordinates": [ [ 1568.0, 126.0 ], [ 1571.0, 130.0 ] ] } },
{ "type": "Feature", "properties": { "layer": "red_roads" }, "geometry": { "type": "LineString", "coordinates": [ [ 1568.0, 138.0 ], [ 1569.0, 138.0 ] ] } },
{ "type": "Feature", "properties": { "layer": "red_roads" }, "geometry": { "type": "LineString", "coordinates": [ [ 1568.0, 138.0 ], [ 1569.0, 139.0 ] ] } },
{ "type": "Feature", "properties": { "layer": "red_roads" }, "geometry": { "type": "LineString", "coordinates": [ [ 1568.0, 138.0 ], [ 1569.0, 137.0 ] ] } },
{ "type": "Feature", "properties": { "layer": "red_roads" }, "geometry": { "type": "LineString", "coordinates": [ [ 1569.0, 66.0 ], [ 1570.0, 66.0 ] ] } },
{ "type": "Feature", "properties": { "layer": "red_roads" }, "geometry": { "type": "LineString", "coordinates": [ [ 1569.0, 66.0 ], [ 1570.0, 65.0 ] ] } },
{ "type": "Feature", "properties": { "layer": "red_roads" }, "geometry": { "type": "LineString", "coordinates": [ [ 1569.0, 109.0 ], [ 1575.0, 103.0 ] ] } },
{ "type": "Feature", "properties": { "layer": "red_roads" }, "geometry": { "type": "LineString", "coordinates": [ [ 1569.0, 118.0 ], [ 1570.0, 118.0 ] ] } },
{ "type": "Feature", "properties": { "layer": "red_roads" }, "geometry": { "type": "LineString", "coordinates": [ [ 1569.0, 118.0 ], [ 1569.0, 119.0 ] ] } },
{ "type": "Feature", "properties": { "layer": "red_roads" }, "geometry": { "type": "LineString", "coordinates": [ [ 1569.0, 119.0 ], [ 1570.0, 120.0 ] ] } },
{ "type": "Feature", "properties": { "layer": "red_roads" }, "geometry": { "type": "LineString", "coordinates": [ [ 1569.0, 119.0 ], [ 1569.0, 120.0 ] ] } },
{ "type": "Feature", "properties": { "layer": "red_roads" }, "geometry": { "type": "LineString", "coordinates": [ [ 1569.0, 119.0 ], [ 1570.0, 118.0 ] ] } },
{ "type": "Feature", "properties": { "layer": "red_roads" }, "geometry": { "type": "LineString", "coordinates": [ [ 1569.0, 120.0 ], [ 1570.0, 120.0 ] ] } },
{ "type": "Feature", "properties": { "layer": "red_roads" }, "geometry": { "type": "LineString", "coordinates": [ [ 1569.0, 137.0 ], [ 1569.0, 138.0 ] ] } },
{ "type": "Feature", "properties": { "layer": "red_roads" }, "geometry": { "type": "LineString", "coordinates": [ [ 1569.0, 137.0 ], [ 1571.0, 133.0 ] ] } },
{ "type": "Feature", "properties": { "layer": "red_roads" }, "geometry": { "type": "LineString", "coordinates": [ [ 1569.0, 138.0 ], [ 1569.0, 139.0 ] ] } },
{ "type": "Feature", "properties": { "layer": "red_roads" }, "geometry": { "type": "LineString", "coordinates": [ [ 1569.0, 139.0 ], [ 1569.0, 142.0 ] ] } },
{ "type": "Feature", "properties": { "layer": "red_roads" }, "geometry": { "type": "LineString", "coordinates": [ [ 1569.0, 273.0 ], [ 1571.0, 275.0 ] ] } },
{ "type": "Feature", "properties": { "layer": "red_roads" }, "geometry": { "type": "LineString", "coordinates": [ [ 1570.0, 20.0 ], [ 1573.0, 24.0 ] ] } },
{ "type": "Feature", "properties": { "layer": "red_roads" }, "geometry": { "type": "LineString", "coordinates": [ [ 1570.0, 65.0 ], [ 1571.0, 66.0 ] ] } },
{ "type": "Feature", "properties": { "layer": "red_roads" }, "geometry": { "type": "LineString", "coordinates": [ [ 1570.0, 65.0 ], [ 1570.0, 66.0 ] ] } },
{ "type": "Feature", "properties": { "layer": "red_roads" }, "geometry": { "type": "LineString", "coordinates": [ [ 1570.0, 65.0 ], [ 1570.0, 63.0 ], [ 1573.0, 62.0 ], [ 1574.0, 64.0 ], [ 1571.0, 66.0 ] ] } },
{ "type": "Feature", "properties": { "layer": "red_roads" }, "geometry": { "type": "LineString", "coordinates": [ [ 1570.0, 66.0 ], [ 1571.0, 66.0 ] ] } },
{ "type": "Feature", "properties": { "layer": "red_roads" }, "geometry": { "type": "LineString", "coordinates": [ [ 1570.0, 86.0 ], [ 1571.0, 86.0 ] ] } },
{ "type": "Feature", "properties": { "layer": "red_roads" }, "geometry": { "type": "LineString", "coordinates": [ [ 1570.0, 86.0 ], [ 1571.0, 87.0 ] ] } },
{ "type": "Feature", "properties": { "layer": "red_roads" }, "geometry": { "type": "LineString", "coordinates": [ [ 1570.0, 118.0 ], [ 1573.0, 115.0 ], [ 1577.0, 114.0 ] ] } },
{ "type": "Feature", "properties": { "layer": "red_roads" }, "geometry": { "type": "LineString", "coordinates": [ [ 1570.0, 120.0 ], [ 1576.0, 120.0 ] ] } },
{ "type": "Feature", "properties": { "layer": "red_roads" }, "geometry": { "type": "LineString", "coordinates": [ [ 1571.0, 29.0 ], [ 1572.0, 29.0 ] ] } },
{ "type": "Feature", "properties": { "layer": "red_roads" }, "geometry": { "type": "LineString", "coordinates": [ [ 1571.0, 29.0 ], [ 1572.0, 28.0 ] ] } },
{ "type": "Feature", "properties": { "layer": "red_roads" }, "geometry": { "type": "LineString", "coordinates": [ [ 1571.0, 86.0 ], [ 1571.0, 87.0 ] ] } },
{ "type": "Feature", "properties": { "layer": "red_roads" }, "geometry": { "type": "LineString", "coordinates": [ [ 1571.0, 86.0 ], [ 1576.0, 80.0 ], [ 1581.0, 79.0 ] ] } },
{ "type": "Feature", "properties": { "layer": "red_roads" }, "geometry": { "type": "LineString", "coordinates": [ [ 1571.0, 87.0 ], [ 1572.0, 91.0 ], [ 1575.0, 94.0 ] ] } },
{ "type": "Feature", "properties": { "layer": "red_roads" }, "geometry": { "type": "LineString", "coordinates": [ [ 1571.0, 130.0 ], [ 1572.0, 130.0 ] ] } },
{ "type": "Feature", "properties": { "layer": "red_roads" }, "geometry": { "type": "LineString", "coordinates": [ [ 1571.0, 130.0 ], [ 1572.0, 131.0 ] ] } },
{ "type": "Feature", "properties": { "layer": "red_roads" }, "geometry": { "type": "LineString", "coordinates": [ [ 1571.0, 132.0 ], [ 1572.0, 132.0 ] ] } },
{ "type": "Feature", "properties": { "layer": "red_roads" }, "geometry": { "type": "LineString", "coordinates": [ [ 1571.0, 132.0 ], [ 1571.0, 133.0 ] ] } },
{ "type": "Feature", "properties": { "layer": "red_roads" }, "geometry": { "type": "LineString", "coordinates": [ [ 1571.0, 132.0 ], [ 1572.0, 131.0 ] ] } },
{ "type": "Feature", "properties": { "layer": "red_roads" }, "geometry": { "type": "LineString", "coordinates": [ [ 1571.0, 133.0 ], [ 1572.0, 132.0 ] ] } },
{ "type": "Feature", "properties": { "layer": "red_roads" }, "geometry": { "type": "LineString", "coordinates": [ [ 1571.0, 275.0 ], [ 1574.0, 273.0 ], [ 1574.0, 270.0 ] ] } },
{ "type": "Feature", "properties": { "layer": "red_roads" }, "geometry": { "type": "LineString", "coordinates": [ [ 1572.0, 28.0 ], [ 1572.0, 29.0 ] ] } },
{ "type": "Feature", "properties": { "layer": "red_roads" }, "geometry": { "type": "LineString", "coordinates": [ [ 1573.0, 25.0 ], [ 1572.0, 28.0 ] ] } },
{ "type": "Feature", "properties": { "layer": "red_roads" }, "geometry": { "type": "LineString", "coordinates": [ [ 1572.0, 29.0 ], [ 1573.0, 33.0 ] ] } },
{ "type": "Feature", "properties": { "layer": "red_roads" }, "geometry": { "type": "LineString", "coordinates": [ [ 1572.0, 34.0 ], [ 1573.0, 34.0 ] ] } },
{ "type": "Feature", "properties": { "layer": "red_roads" }, "geometry": { "type": "LineString", "coordinates": [ [ 1572.0, 34.0 ], [ 1572.0, 35.0 ] ] } },
{ "type": "Feature", "properties": { "layer": "red_roads" }, "geometry": { "type": "LineString", "coordinates": [ [ 1572.0, 34.0 ], [ 1573.0, 33.0 ] ] } },
{ "type": "Feature", "properties": { "layer": "red_roads" }, "geometry": { "type": "LineString", "coordinates": [ [ 1572.0, 35.0 ], [ 1573.0, 34.0 ] ] } },
{ "type": "Feature", "properties": { "layer": "red_roads" }, "geometry": { "type": "LineString", "coordinates": [ [ 1572.0, 130.0 ], [ 1573.0, 130.0 ] ] } },
{ "type": "Feature", "properties": { "layer": "red_roads" }, "geometry": { "type": "LineString", "coordinates": [ [ 1572.0, 130.0 ], [ 1572.0, 131.0 ] ] } },
{ "type": "Feature", "properties": { "layer": "red_roads" }, "geometry": { "type": "LineString", "coordinates": [ [ 1572.0, 131.0 ], [ 1572.0, 132.0 ] ] } },
{ "type": "Feature", "properties": { "layer": "red_roads" }, "geometry": { "type": "LineString", "coordinates": [ [ 1572.0, 131.0 ], [ 1573.0, 130.0 ] ] } },
{ "type": "Feature", "properties": { "layer": "red_roads" }, "geometry": { "type": "LineString", "coordinates": [ [ 1572.0, 132.0 ], [ 1580.0, 136.0 ], [ 1587.0, 134.0 ] ] } },
{ "type": "Feature", "properties": { "layer": "red_roads" }, "geometry": { "type": "LineString", "coordinates": [ [ 1574.0, 310.0 ], [ 1575.0, 313.0 ], [ 1572.0, 317.0 ] ] } },
{ "type": "Feature", "properties": { "layer": "red_roads" }, "geometry": { "type": "LineString", "coordinates": [ [ 1573.0, 24.0 ], [ 1574.0, 24.0 ] ] } },
{ "type": "Feature", "properties": { "layer": "red_roads" }, "geometry": { "type": "LineString", "coordinates": [ [ 1573.0, 24.0 ], [ 1573.0, 25.0 ] ] } },
{ "type": "Feature", "properties": { "layer": "red_roads" }, "geometry": { "type": "LineString", "coordinates": [ [ 1573.0, 25.0 ], [ 1574.0, 24.0 ] ] } },
{ "type": "Feature", "properties": { "layer": "red_roads" }, "geometry": { "type": "LineString", "coordinates": [ [ 1573.0, 33.0 ], [ 1574.0, 34.0 ] ] } },
{ "type": "Feature", "properties": { "layer": "red_roads" }, "geometry": { "type": "LineString", "coordinates": [ [ 1573.0, 33.0 ], [ 1573.0, 34.0 ] ] } },
{ "type": "Feature", "properties": { "layer": "red_roads" }, "geometry": { "type": "LineString", "coordinates": [ [ 1573.0, 34.0 ], [ 1574.0, 34.0 ] ] } },
{ "type": "Feature", "properties": { "layer": "red_roads" }, "geometry": { "type": "LineString", "coordinates": [ [ 1573.0, 130.0 ], [ 1581.0, 124.0 ] ] } },
{ "type": "Feature", "properties": { "layer": "red_roads" }, "geometry": { "type": "LineString", "coordinates": [ [ 1573.0, 477.0 ], [ 1581.0, 478.0 ] ] } },
{ "type": "Feature", "properties": { "layer": "red_roads" }, "geometry": { "type": "LineString", "coordinates": [ [ 1574.0, 24.0 ], [ 1581.0, 24.0 ], [ 1583.0, 26.0 ] ] } },
{ "type": "Feature", "properties": { "layer": "red_roads" }, "geometry": { "type": "LineString", "coordinates": [ [ 1574.0, 34.0 ], [ 1581.0, 33.0 ] ] } },
{ "type": "Feature", "properties": { "layer": "red_roads" }, "geometry": { "type": "LineString", "coordinates": [ [ 1574.0, 97.0 ], [ 1575.0, 97.0 ] ] } },
{ "type": "Feature", "properties": { "layer": "red_roads" }, "geometry": { "type": "LineString", "coordinates": [ [ 1574.0, 97.0 ], [ 1575.0, 96.0 ] ] } },
{ "type": "Feature", "properties": { "layer": "red_roads" }, "geometry": { "type": "LineString", "coordinates": [ [ 1574.0, 454.0 ], [ 1576.0, 457.0 ] ] } },
{ "type": "Feature", "properties": { "layer": "red_roads" }, "geometry": { "type": "LineString", "coordinates": [ [ 1575.0, 94.0 ], [ 1576.0, 94.0 ] ] } },
{ "type": "Feature", "properties": { "layer": "red_roads" }, "geometry": { "type": "LineString", "coordinates": [ [ 1575.0, 94.0 ], [ 1575.0, 95.0 ] ] } },
{ "type": "Feature", "properties": { "layer": "red_roads" }, "geometry": { "type": "LineString", "coordinates": [ [ 1575.0, 95.0 ], [ 1575.0, 96.0 ] ] } },
{ "type": "Feature", "properties": { "layer": "red_roads" }, "geometry": { "type": "LineString", "coordinates": [ [ 1575.0, 95.0 ], [ 1576.0, 94.0 ] ] } },
{ "type": "Feature", "properties": { "layer": "red_roads" }, "geometry": { "type": "LineString", "coordinates": [ [ 1575.0, 96.0 ], [ 1575.0, 97.0 ] ] } },
{ "type": "Feature", "properties": { "layer": "red_roads" }, "geometry": { "type": "LineString", "coordinates": [ [ 1575.0, 97.0 ], [ 1576.0, 102.0 ] ] } },
{ "type": "Feature", "properties": { "layer": "red_roads" }, "geometry": { "type": "LineString", "coordinates": [ [ 1575.0, 103.0 ], [ 1576.0, 103.0 ] ] } },
{ "type": "Feature", "properties": { "layer": "red_roads" }, "geometry": { "type": "LineString", "coordinates": [ [ 1575.0, 103.0 ], [ 1576.0, 102.0 ] ] } },
{ "type": "Feature", "properties": { "layer": "red_roads" }, "geometry": { "type": "LineString", "coordinates": [ [ 1576.0, 94.0 ], [ 1585.0, 91.0 ] ] } },
{ "type": "Feature", "properties": { "layer": "red_roads" }, "geometry": { "type": "LineString", "coordinates": [ [ 1576.0, 102.0 ], [ 1576.0, 103.0 ] ] } },
{ "type": "Feature", "properties": { "layer": "red_roads" }, "geometry": { "type": "LineString", "coordinates": [ [ 1576.0, 102.0 ], [ 1576.0, 103.0 ] ] } },
{ "type": "Feature", "properties": { "layer": "red_roads" }, "geometry": { "type": "LineString", "coordinates": [ [ 1576.0, 120.0 ], [ 1577.0, 120.0 ] ] } },
{ "type": "Feature", "properties": { "layer": "red_roads" }, "geometry": { "type": "LineString", "coordinates": [ [ 1576.0, 120.0 ], [ 1577.0, 119.0 ] ] } },
{ "type": "Feature", "properties": { "layer": "red_roads" }, "geometry": { "type": "LineString", "coordinates": [ [ 1576.0, 457.0 ], [ 1576.0, 459.0 ], [ 1580.0, 463.0 ] ] } },
{ "type": "Feature", "properties": { "layer": "red_roads" }, "geometry": { "type": "LineString", "coordinates": [ [ 1576.0, 457.0 ], [ 1578.0, 454.0 ] ] } },
{ "type": "Feature", "properties": { "layer": "red_roads" }, "geometry": { "type": "LineString", "coordinates": [ [ 1577.0, 119.0 ], [ 1577.0, 120.0 ] ] } },
{ "type": "Feature", "properties": { "layer": "red_roads" }, "geometry": { "type": "LineString", "coordinates": [ [ 1577.0, 119.0 ], [ 1579.0, 118.0 ] ] } },
{ "type": "Feature", "properties": { "layer": "red_roads" }, "geometry": { "type": "LineString", "coordinates": [ [ 1577.0, 120.0 ], [ 1581.0, 124.0 ] ] } },
{ "type": "Feature", "properties": { "layer": "red_roads" }, "geometry": { "type": "LineString", "coordinates": [ [ 1579.0, 61.0 ], [ 1586.0, 60.0 ] ] } },
{ "type": "Feature", "properties": { "layer": "red_roads" }, "geometry": { "type": "LineString", "coordinates": [ [ 1579.0, 325.0 ], [ 1580.0, 327.0 ], [ 1583.0, 326.0 ] ] } },
{ "type": "Feature", "properties": { "layer": "red_roads" }, "geometry": { "type": "LineString", "coordinates": [ [ 1580.0, 0.0 ], [ 1586.0, 2.0 ] ] } },
{ "type": "Feature", "properties": { "layer": "red_roads" }, "geometry": { "type": "LineString", "coordinates": [ [ 1580.0, 192.0 ], [ 1583.0, 190.0 ], [ 1587.0, 190.0 ], [ 1593.0, 186.0 ] ] } },
{ "type": "Feature", "properties": { "layer": "red_roads" }, "geometry": { "type": "LineString", "coordinates": [ [ 1580.0, 301.0 ], [ 1587.0, 297.0 ], [ 1592.0, 299.0 ] ] } },
{ "type": "Feature", "properties": { "layer": "red_roads" }, "geometry": { "type": "LineString", "coordinates": [ [ 1580.0, 463.0 ], [ 1581.0, 464.0 ] ] } },
{ "type": "Feature", "properties": { "layer": "red_roads" }, "geometry": { "type": "LineString", "coordinates": [ [ 1580.0, 463.0 ], [ 1580.0, 464.0 ] ] } },
{ "type": "Feature", "properties": { "layer": "red_roads" }, "geometry": { "type": "LineString", "coordinates": [ [ 1580.0, 464.0 ], [ 1581.0, 464.0 ] ] } },
{ "type": "Feature", "properties": { "layer": "red_roads" }, "geometry": { "type": "LineString", "coordinates": [ [ 1580.0, 464.0 ], [ 1580.0, 465.0 ] ] } },
{ "type": "Feature", "properties": { "layer": "red_roads" }, "geometry": { "type": "LineString", "coordinates": [ [ 1580.0, 465.0 ], [ 1582.0, 477.0 ] ] } },
{ "type": "Feature", "properties": { "layer": "red_roads" }, "geometry": { "type": "LineString", "coordinates": [ [ 1580.0, 465.0 ], [ 1581.0, 464.0 ] ] } },
{ "type": "Feature", "properties": { "layer": "red_roads" }, "geometry": { "type": "LineString", "coordinates": [ [ 1581.0, 33.0 ], [ 1582.0, 33.0 ] ] } },
{ "type": "Feature", "properties": { "layer": "red_roads" }, "geometry": { "type": "LineString", "coordinates": [ [ 1581.0, 33.0 ], [ 1582.0, 32.0 ] ] } },
{ "type": "Feature", "properties": { "layer": "red_roads" }, "geometry": { "type": "LineString", "coordinates": [ [ 1581.0, 79.0 ], [ 1582.0, 79.0 ] ] } },
{ "type": "Feature", "properties": { "layer": "red_roads" }, "geometry": { "type": "LineString", "coordinates": [ [ 1581.0, 79.0 ], [ 1582.0, 80.0 ] ] } },
{ "type": "Feature", "properties": { "layer": "red_roads" }, "geometry": { "type": "LineString", "coordinates": [ [ 1581.0, 79.0 ], [ 1582.0, 78.0 ] ] } },
{ "type": "Feature", "properties": { "layer": "red_roads" }, "geometry": { "type": "LineString", "coordinates": [ [ 1581.0, 124.0 ], [ 1585.0, 124.0 ] ] } },
{ "type": "Feature", "properties": { "layer": "red_roads" }, "geometry": { "type": "LineString", "coordinates": [ [ 1581.0, 464.0 ], [ 1585.0, 464.0 ] ] } },
{ "type": "Feature", "properties": { "layer": "red_roads" }, "geometry": { "type": "LineString", "coordinates": [ [ 1581.0, 478.0 ], [ 1582.0, 478.0 ] ] } },
{ "type": "Feature", "properties": { "layer": "red_roads" }, "geometry": { "type": "LineString", "coordinates": [ [ 1581.0, 478.0 ], [ 1582.0, 477.0 ] ] } },
{ "type": "Feature", "properties": { "layer": "red_roads" }, "geometry": { "type": "LineString", "coordinates": [ [ 1582.0, 32.0 ], [ 1582.0, 33.0 ] ] } },
{ "type": "Feature", "properties": { "layer": "red_roads" }, "geometry": { "type": "LineString", "coordinates": [ [ 1582.0, 32.0 ], [ 1582.0, 33.0 ] ] } },
{ "type": "Feature", "properties": { "layer": "red_roads" }, "geometry": { "type": "LineString", "coordinates": [ [ 1583.0, 28.0 ], [ 1582.0, 32.0 ] ] } },
{ "type": "Feature", "properties": { "layer": "red_roads" }, "geometry": { "type": "LineString", "coordinates": [ [ 1582.0, 78.0 ], [ 1582.0, 79.0 ] ] } },
{ "type": "Feature", "properties": { "layer": "red_roads" }, "geometry": { "type": "LineString", "coordinates": [ [ 1582.0, 78.0 ], [ 1584.0, 77.0 ] ] } },
{ "type": "Feature", "properties": { "layer": "red_roads" }, "geometry": { "type": "LineString", "coordinates": [ [ 1582.0, 79.0 ], [ 1582.0, 80.0 ] ] } },
{ "type": "Feature", "properties": { "layer": "red_roads" }, "geometry": { "type": "LineString", "coordinates": [ [ 1582.0, 80.0 ], [ 1587.0, 85.0 ] ] } },
{ "type": "Feature", "properties": { "layer": "red_roads" }, "geometry": { "type": "LineString", "coordinates": [ [ 1582.0, 146.0 ], [ 1584.0, 142.0 ], [ 1588.0, 142.0 ], [ 1590.0, 140.0 ] ] } },
{ "type": "Feature", "properties": { "layer": "red_roads" }, "geometry": { "type": "LineString", "coordinates": [ [ 1582.0, 477.0 ], [ 1583.0, 478.0 ] ] } },
{ "type": "Feature", "properties": { "layer": "red_roads" }, "geometry": { "type": "LineString", "coordinates": [ [ 1582.0, 477.0 ], [ 1582.0, 478.0 ] ] } },
{ "type": "Feature", "properties": { "layer": "red_roads" }, "geometry": { "type": "LineString", "coordinates": [ [ 1582.0, 478.0 ], [ 1583.0, 478.0 ] ] } },
{ "type": "Feature", "properties": { "layer": "red_roads" }, "geometry": { "type": "LineString", "coordinates": [ [ 1583.0, 26.0 ], [ 1584.0, 27.0 ] ] } },
{ "type": "Feature", "properties": { "layer": "red_roads" }, "geometry": { "type": "LineString", "coordinates": [ [ 1583.0, 26.0 ], [ 1583.0, 27.0 ] ] } },
{ "type": "Feature", "properties": { "layer": "red_roads" }, "geometry": { "type": "LineString", "coordinates": [ [ 1583.0, 27.0 ], [ 1584.0, 27.0 ] ] } },
{ "type": "Feature", "properties": { "layer": "red_roads" }, "geometry": { "type": "LineString", "coordinates": [ [ 1583.0, 27.0 ], [ 1583.0, 28.0 ] ] } },
{ "type": "Feature", "properties": { "layer": "red_roads" }, "geometry": { "type": "LineString", "coordinates": [ [ 1583.0, 28.0 ], [ 1584.0, 27.0 ] ] } },
{ "type": "Feature", "properties": { "layer": "red_roads" }, "geometry": { "type": "LineString", "coordinates": [ [ 1583.0, 478.0 ], [ 1591.0, 484.0 ] ] } },
{ "type": "Feature", "properties": { "layer": "red_roads" }, "geometry": { "type": "LineString", "coordinates": [ [ 1584.0, 27.0 ], [ 1591.0, 27.0 ] ] } },
{ "type": "Feature", "properties": { "layer": "red_roads" }, "geometry": { "type": "LineString", "coordinates": [ [ 1584.0, 282.0 ], [ 1585.0, 284.0 ] ] } },
{ "type": "Feature", "properties": { "layer": "red_roads" }, "geometry": { "type": "LineString", "coordinates": [ [ 1584.0, 286.0 ], [ 1585.0, 285.0 ] ] } },
{ "type": "Feature", "properties": { "layer": "red_roads" }, "geometry": { "type": "LineString", "coordinates": [ [ 1585.0, 91.0 ], [ 1586.0, 91.0 ] ] } },
{ "type": "Feature", "properties": { "layer": "red_roads" }, "geometry": { "type": "LineString", "coordinates": [ [ 1585.0, 91.0 ], [ 1586.0, 90.0 ] ] } },
{ "type": "Feature", "properties": { "layer": "red_roads" }, "geometry": { "type": "LineString", "coordinates": [ [ 1585.0, 124.0 ], [ 1586.0, 124.0 ] ] } },
{ "type": "Feature", "properties": { "layer": "red_roads" }, "geometry": { "type": "LineString", "coordinates": [ [ 1585.0, 124.0 ], [ 1586.0, 123.0 ] ] } },
{ "type": "Feature", "properties": { "layer": "red_roads" }, "geometry": { "type": "LineString", "coordinates": [ [ 1585.0, 284.0 ], [ 1586.0, 285.0 ] ] } },
{ "type": "Feature", "properties": { "layer": "red_roads" }, "geometry": { "type": "LineString", "coordinates": [ [ 1585.0, 284.0 ], [ 1585.0, 285.0 ] ] } },
{ "type": "Feature", "properties": { "layer": "red_roads" }, "geometry": { "type": "LineString", "coordinates": [ [ 1585.0, 285.0 ], [ 1586.0, 285.0 ] ] } },
{ "type": "Feature", "properties": { "layer": "red_roads" }, "geometry": { "type": "LineString", "coordinates": [ [ 1585.0, 464.0 ], [ 1586.0, 464.0 ] ] } },
{ "type": "Feature", "properties": { "layer": "red_roads" }, "geometry": { "type": "LineString", "coordinates": [ [ 1585.0, 464.0 ], [ 1586.0, 463.0 ] ] } },
{ "type": "Feature", "properties": { "layer": "red_roads" }, "geometry": { "type": "LineString", "coordinates": [ [ 1586.0, 2.0 ], [ 1587.0, 3.0 ] ] } },
{ "type": "Feature", "properties": { "layer": "red_roads" }, "geometry": { "type": "LineString", "coordinates": [ [ 1586.0, 2.0 ], [ 1590.0, 0.0 ] ] } },
{ "type": "Feature", "properties": { "layer": "red_roads" }, "geometry": { "type": "LineString", "coordinates": [ [ 1586.0, 58.0 ], [ 1587.0, 58.0 ] ] } },
{ "type": "Feature", "properties": { "layer": "red_roads" }, "geometry": { "type": "LineString", "coordinates": [ [ 1586.0, 58.0 ], [ 1587.0, 59.0 ] ] } },
{ "type": "Feature", "properties": { "layer": "red_roads" }, "geometry": { "type": "LineString", "coordinates": [ [ 1587.0, 48.0 ], [ 1582.0, 51.0 ], [ 1582.0, 54.0 ], [ 1586.0, 58.0 ] ] } },
{ "type": "Feature", "properties": { "layer": "red_roads" }, "geometry": { "type": "LineString", "coordinates": [ [ 1586.0, 60.0 ], [ 1587.0, 60.0 ] ] } },
{ "type": "Feature", "properties": { "layer": "red_roads" }, "geometry": { "type": "LineString", "coordinates": [ [ 1586.0, 60.0 ], [ 1587.0, 61.0 ] ] } },
{ "type": "Feature", "properties": { "layer": "red_roads" }, "geometry": { "type": "LineString", "coordinates": [ [ 1586.0, 60.0 ], [ 1587.0, 59.0 ] ] } },
{ "type": "Feature", "properties": { "layer": "red_roads" }, "geometry": { "type": "LineString", "coordinates": [ [ 1586.0, 90.0 ], [ 1587.0, 91.0 ] ] } },
{ "type": "Feature", "properties": { "layer": "red_roads" }, "geometry": { "type": "LineString", "coordinates": [ [ 1586.0, 90.0 ], [ 1586.0, 91.0 ] ] } },
{ "type": "Feature", "properties": { "layer": "red_roads" }, "geometry": { "type": "LineString", "coordinates": [ [ 1587.0, 86.0 ], [ 1586.0, 90.0 ] ] } },
{ "type": "Feature", "properties": { "layer": "red_roads" }, "geometry": { "type": "LineString", "coordinates": [ [ 1586.0, 91.0 ], [ 1587.0, 91.0 ] ] } },
{ "type": "Feature", "properties": { "layer": "red_roads" }, "geometry": { "type": "LineString", "coordinates": [ [ 1586.0, 123.0 ], [ 1586.0, 124.0 ] ] } },
{ "type": "Feature", "properties": { "layer": "red_roads" }, "geometry": { "type": "LineString", "coordinates": [ [ 1586.0, 123.0 ], [ 1589.0, 121.0 ] ] } },
{ "type": "Feature", "properties": { "layer": "red_roads" }, "geometry": { "type": "LineString", "coordinates": [ [ 1586.0, 124.0 ], [ 1588.0, 130.0 ] ] } },
{ "type": "Feature", "properties": { "layer": "red_roads" }, "geometry": { "type": "LineString", "coordinates": [ [ 1586.0, 285.0 ], [ 1590.0, 285.0 ], [ 1593.0, 282.0 ], [ 1592.0, 276.0 ] ] } },
{ "type": "Feature", "properties": { "layer": "red_roads" }, "geometry": { "type": "LineString", "coordinates": [ [ 1586.0, 463.0 ], [ 1587.0, 464.0 ] ] } },
{ "type": "Feature", "properties": { "layer": "red_roads" }, "geometry": { "type": "LineString", "coordinates": [ [ 1586.0, 463.0 ], [ 1586.0, 464.0 ] ] } },
{ "type": "Feature", "properties": { "layer": "red_roads" }, "geometry": { "type": "LineString", "coordinates": [ [ 1586.0, 463.0 ], [ 1590.0, 457.0 ] ] } },
{ "type": "Feature", "properties": { "layer": "red_roads" }, "geometry": { "type": "LineString", "coordinates": [ [ 1586.0, 464.0 ], [ 1587.0, 464.0 ] ] } },
{ "type": "Feature", "properties": { "layer": "red_roads" }, "geometry": { "type": "LineString", "coordinates": [ [ 1586.0, 503.0 ], [ 1586.0, 507.0 ], [ 1592.0, 513.0 ] ] } },
{ "type": "Feature", "properties": { "layer": "red_roads" }, "geometry": { "type": "LineString", "coordinates": [ [ 1588.0, 488.0 ], [ 1584.0, 488.0 ], [ 1579.0, 491.0 ], [ 1579.0, 497.0 ], [ 1586.0, 503.0 ] ] } },
{ "type": "Feature", "properties": { "layer": "red_roads" }, "geometry": { "type": "LineString", "coordinates": [ [ 1589.0, 489.0 ], [ 1589.0, 500.0 ], [ 1586.0, 503.0 ] ] } },
{ "type": "Feature", "properties": { "layer": "red_roads" }, "geometry": { "type": "LineString", "coordinates": [ [ 1587.0, 48.0 ], [ 1589.0, 52.0 ] ] } },
{ "type": "Feature", "properties": { "layer": "red_roads" }, "geometry": { "type": "LineString", "coordinates": [ [ 1587.0, 48.0 ], [ 1589.0, 44.0 ] ] } },
{ "type": "Feature", "properties": { "layer": "red_roads" }, "geometry": { "type": "LineString", "coordinates": [ [ 1587.0, 58.0 ], [ 1587.0, 59.0 ] ] } },
{ "type": "Feature", "properties": { "layer": "red_roads" }, "geometry": { "type": "LineString", "coordinates": [ [ 1589.0, 53.0 ], [ 1589.0, 56.0 ], [ 1587.0, 58.0 ] ] } },
{ "type": "Feature", "properties": { "layer": "red_roads" }, "geometry": { "type": "LineString", "coordinates": [ [ 1587.0, 59.0 ], [ 1587.0, 60.0 ] ] } },
{ "type": "Feature", "properties": { "layer": "red_roads" }, "geometry": { "type": "LineString", "coordinates": [ [ 1587.0, 60.0 ], [ 1587.0, 61.0 ] ] } },
{ "type": "Feature", "properties": { "layer": "red_roads" }, "geometry": { "type": "LineString", "coordinates": [ [ 1587.0, 61.0 ], [ 1588.0, 62.0 ] ] } },
{ "type": "Feature", "properties": { "layer": "red_roads" }, "geometry": { "type": "LineString", "coordinates": [ [ 1588.0, 63.0 ], [ 1587.0, 69.0 ] ] } },
{ "type": "Feature", "properties": { "layer": "red_roads" }, "geometry": { "type": "LineString", "coordinates": [ [ 1587.0, 85.0 ], [ 1588.0, 85.0 ] ] } },
{ "type": "Feature", "properties": { "layer": "red_roads" }, "geometry": { "type": "LineString", "coordinates": [ [ 1587.0, 85.0 ], [ 1587.0, 86.0 ] ] } },
{ "type": "Feature", "properties": { "layer": "red_roads" }, "geometry": { "type": "LineString", "coordinates": [ [ 1587.0, 86.0 ], [ 1588.0, 85.0 ] ] } },
{ "type": "Feature", "properties": { "layer": "red_roads" }, "geometry": { "type": "LineString", "coordinates": [ [ 1587.0, 91.0 ], [ 1592.0, 91.0 ], [ 1599.0, 88.0 ] ] } },
{ "type": "Feature", "properties": { "layer": "red_roads" }, "geometry": { "type": "LineString", "coordinates": [ [ 1587.0, 134.0 ], [ 1588.0, 134.0 ] ] } },
{ "type": "Feature", "properties": { "layer": "red_roads" }, "geometry": { "type": "LineString", "coordinates": [ [ 1587.0, 134.0 ], [ 1588.0, 133.0 ] ] } },
{ "type": "Feature", "properties": { "layer": "red_roads" }, "geometry": { "type": "LineString", "coordinates": [ [ 1587.0, 306.0 ], [ 1591.0, 309.0 ] ] } },
{ "type": "Feature", "properties": { "layer": "red_roads" }, "geometry": { "type": "LineString", "coordinates": [ [ 1587.0, 464.0 ], [ 1593.0, 464.0 ] ] } },
{ "type": "Feature", "properties": { "layer": "red_roads" }, "geometry": { "type": "LineString", "coordinates": [ [ 1588.0, 62.0 ], [ 1589.0, 62.0 ] ] } },
{ "type": "Feature", "properties": { "layer": "red_roads" }, "geometry": { "type": "LineString", "coordinates": [ [ 1588.0, 62.0 ], [ 1588.0, 63.0 ] ] } },
{ "type": "Feature", "properties": { "layer": "red_roads" }, "geometry": { "type": "LineString", "coordinates": [ [ 1588.0, 63.0 ], [ 1589.0, 62.0 ] ] } },
{ "type": "Feature", "properties": { "layer": "red_roads" }, "geometry": { "type": "LineString", "coordinates": [ [ 1588.0, 85.0 ], [ 1591.0, 81.0 ] ] } },
{ "type": "Feature", "properties": { "layer": "red_roads" }, "geometry": { "type": "LineString", "coordinates": [ [ 1588.0, 130.0 ], [ 1589.0, 131.0 ] ] } },
{ "type": "Feature", "properties": { "layer": "red_roads" }, "geometry": { "type": "LineString", "coordinates": [ [ 1588.0, 130.0 ], [ 1588.0, 131.0 ] ] } },
{ "type": "Feature", "properties": { "layer": "red_roads" }, "geometry": { "type": "LineString", "coordinates": [ [ 1588.0, 131.0 ], [ 1589.0, 131.0 ] ] } },
{ "type": "Feature", "properties": { "layer": "red_roads" }, "geometry": { "type": "LineString", "coordinates": [ [ 1588.0, 131.0 ], [ 1588.0, 132.0 ] ] } },
{ "type": "Feature", "properties": { "layer": "red_roads" }, "geometry": { "type": "LineString", "coordinates": [ [ 1588.0, 132.0 ], [ 1588.0, 133.0 ] ] } },
{ "type": "Feature", "properties": { "layer": "red_roads" }, "geometry": { "type": "LineString", "coordinates": [ [ 1588.0, 132.0 ], [ 1589.0, 131.0 ] ] } },
{ "type": "Feature", "properties": { "layer": "red_roads" }, "geometry": { "type": "LineString", "coordinates": [ [ 1588.0, 133.0 ], [ 1588.0, 134.0 ] ] } },
{ "type": "Feature", "properties": { "layer": "red_roads" }, "geometry": { "type": "LineString", "coordinates": [ [ 1588.0, 134.0 ], [ 1590.0, 139.0 ] ] } },
{ "type": "Feature", "properties": { "layer": "red_roads" }, "geometry": { "type": "LineString", "coordinates": [ [ 1588.0, 488.0 ], [ 1589.0, 488.0 ] ] } },
{ "type": "Feature", "properties": { "layer": "red_roads" }, "geometry": { "type": "LineString", "coordinates": [ [ 1588.0, 488.0 ], [ 1589.0, 489.0 ] ] } },
{ "type": "Feature", "properties": { "layer": "red_roads" }, "geometry": { "type": "LineString", "coordinates": [ [ 1588.0, 488.0 ], [ 1589.0, 487.0 ] ] } },
{ "type": "Feature", "properties": { "layer": "red_roads" }, "geometry": { "type": "LineString", "coordinates": [ [ 1589.0, 52.0 ], [ 1590.0, 52.0 ] ] } },
{ "type": "Feature", "properties": { "layer": "red_roads" }, "geometry": { "type": "LineString", "coordinates": [ [ 1589.0, 52.0 ], [ 1589.0, 53.0 ] ] } },
{ "type": "Feature", "properties": { "layer": "red_roads" }, "geometry": { "type": "LineString", "coordinates": [ [ 1589.0, 53.0 ], [ 1590.0, 52.0 ] ] } },
{ "type": "Feature", "properties": { "layer": "red_roads" }, "geometry": { "type": "LineString", "coordinates": [ [ 1589.0, 62.0 ], [ 1595.0, 66.0 ] ] } },
{ "type": "Feature", "properties": { "layer": "red_roads" }, "geometry": { "type": "LineString", "coordinates": [ [ 1589.0, 131.0 ], [ 1591.0, 131.0 ], [ 1593.0, 128.0 ] ] } },
{ "type": "Feature", "properties": { "layer": "red_roads" }, "geometry": { "type": "LineString", "coordinates": [ [ 1589.0, 487.0 ], [ 1589.0, 488.0 ] ] } },
{ "type": "Feature", "properties": { "layer": "red_roads" }, "geometry": { "type": "LineString", "coordinates": [ [ 1589.0, 487.0 ], [ 1591.0, 484.0 ] ] } },
{ "type": "Feature", "properties": { "layer": "red_roads" }, "geometry": { "type": "LineString", "coordinates": [ [ 1589.0, 488.0 ], [ 1589.0, 489.0 ] ] } },
{ "type": "Feature", "properties": { "layer": "red_roads" }, "geometry": { "type": "LineString", "coordinates": [ [ 1590.0, 52.0 ], [ 1593.0, 51.0 ] ] } },
{ "type": "Feature", "properties": { "layer": "red_roads" }, "geometry": { "type": "LineString", "coordinates": [ [ 1590.0, 103.0 ], [ 1593.0, 105.0 ] ] } },
{ "type": "Feature", "properties": { "layer": "red_roads" }, "geometry": { "type": "LineString", "coordinates": [ [ 1590.0, 139.0 ], [ 1591.0, 140.0 ] ] } },
{ "type": "Feature", "properties": { "layer": "red_roads" }, "geometry": { "type": "LineString", "coordinates": [ [ 1590.0, 139.0 ], [ 1590.0, 140.0 ] ] } },
{ "type": "Feature", "properties": { "layer": "red_roads" }, "geometry": { "type": "LineString", "coordinates": [ [ 1590.0, 140.0 ], [ 1591.0, 140.0 ] ] } },
{ "type": "Feature", "properties": { "layer": "red_roads" }, "geometry": { "type": "LineString", "coordinates": [ [ 1591.0, 140.0 ], [ 1592.0, 147.0 ], [ 1590.0, 148.0 ] ] } },
{ "type": "Feature", "properties": { "layer": "red_roads" }, "geometry": { "type": "LineString", "coordinates": [ [ 1591.0, 484.0 ], [ 1593.0, 484.0 ] ] } },
{ "type": "Feature", "properties": { "layer": "red_roads" }, "geometry": { "type": "LineString", "coordinates": [ [ 1592.0, 118.0 ], [ 1600.0, 119.0 ] ] } },
{ "type": "Feature", "properties": { "layer": "red_roads" }, "geometry": { "type": "LineString", "coordinates": [ [ 1592.0, 242.0 ], [ 1596.0, 238.0 ] ] } },
{ "type": "Feature", "properties": { "layer": "red_roads" }, "geometry": { "type": "LineString", "coordinates": [ [ 1592.0, 513.0 ], [ 1593.0, 513.0 ] ] } },
{ "type": "Feature", "properties": { "layer": "red_roads" }, "geometry": { "type": "LineString", "coordinates": [ [ 1592.0, 513.0 ], [ 1593.0, 514.0 ] ] } },
{ "type": "Feature", "properties": { "layer": "red_roads" }, "geometry": { "type": "LineString", "coordinates": [ [ 1593.0, 78.0 ], [ 1594.0, 78.0 ] ] } },
{ "type": "Feature", "properties": { "layer": "red_roads" }, "geometry": { "type": "LineString", "coordinates": [ [ 1593.0, 105.0 ], [ 1594.0, 105.0 ] ] } },
{ "type": "Feature", "properties": { "layer": "red_roads" }, "geometry": { "type": "LineString", "coordinates": [ [ 1593.0, 105.0 ], [ 1594.0, 106.0 ] ] } },
{ "type": "Feature", "properties": { "layer": "red_roads" }, "geometry": { "type": "LineString", "coordinates": [ [ 1594.0, 106.0 ], [ 1593.0, 109.0 ] ] } },
{ "type": "Feature", "properties": { "layer": "red_roads" }, "geometry": { "type": "LineString", "coordinates": [ [ 1593.0, 464.0 ], [ 1594.0, 464.0 ] ] } },
{ "type": "Feature", "properties": { "layer": "red_roads" }, "geometry": { "type": "LineString", "coordinates": [ [ 1593.0, 464.0 ], [ 1594.0, 465.0 ] ] } },
{ "type": "Feature", "properties": { "layer": "red_roads" }, "geometry": { "type": "LineString", "coordinates": [ [ 1593.0, 464.0 ], [ 1594.0, 463.0 ] ] } },
{ "type": "Feature", "properties": { "layer": "red_roads" }, "geometry": { "type": "LineString", "coordinates": [ [ 1593.0, 484.0 ], [ 1594.0, 484.0 ] ] } },
{ "type": "Feature", "properties": { "layer": "red_roads" }, "geometry": { "type": "LineString", "coordinates": [ [ 1593.0, 484.0 ], [ 1594.0, 485.0 ] ] } },
{ "type": "Feature", "properties": { "layer": "red_roads" }, "geometry": { "type": "LineString", "coordinates": [ [ 1593.0, 484.0 ], [ 1594.0, 483.0 ] ] } },
{ "type": "Feature", "properties": { "layer": "red_roads" }, "geometry": { "type": "LineString", "coordinates": [ [ 1593.0, 513.0 ], [ 1593.0, 514.0 ] ] } },
{ "type": "Feature", "properties": { "layer": "red_roads" }, "geometry": { "type": "LineString", "coordinates": [ [ 1593.0, 513.0 ], [ 1605.0, 501.0 ], [ 1608.0, 501.0 ] ] } },
{ "type": "Feature", "properties": { "layer": "red_roads" }, "geometry": { "type": "LineString", "coordinates": [ [ 1593.0, 514.0 ], [ 1593.0, 519.0 ], [ 1598.0, 523.0 ] ] } },
{ "type": "Feature", "properties": { "layer": "red_roads" }, "geometry": { "type": "LineString", "coordinates": [ [ 1594.0, 70.0 ], [ 1595.0, 68.0 ] ] } },
{ "type": "Feature", "properties": { "layer": "red_roads" }, "geometry": { "type": "LineString", "coordinates": [ [ 1594.0, 78.0 ], [ 1595.0, 78.0 ] ] } },
{ "type": "Feature", "properties": { "layer": "red_roads" }, "geometry": { "type": "LineString", "coordinates": [ [ 1594.0, 78.0 ], [ 1595.0, 79.0 ] ] } },
{ "type": "Feature", "properties": { "layer": "red_roads" }, "geometry": { "type": "LineString", "coordinates": [ [ 1594.0, 105.0 ], [ 1595.0, 105.0 ] ] } },
{ "type": "Feature", "properties": { "layer": "red_roads" }, "geometry": { "type": "LineString", "coordinates": [ [ 1594.0, 105.0 ], [ 1594.0, 106.0 ] ] } },
{ "type": "Feature", "properties": { "layer": "red_roads" }, "geometry": { "type": "LineString", "coordinates": [ [ 1594.0, 106.0 ], [ 1595.0, 105.0 ] ] } },
{ "type": "Feature", "properties": { "layer": "red_roads" }, "geometry": { "type": "LineString", "coordinates": [ [ 1594.0, 230.0 ], [ 1598.0, 230.0 ], [ 1599.0, 232.0 ] ] } },
{ "type": "Feature", "properties": { "layer": "red_roads" }, "geometry": { "type": "LineString", "coordinates": [ [ 1594.0, 463.0 ], [ 1594.0, 464.0 ] ] } },
{ "type": "Feature", "properties": { "layer": "red_roads" }, "geometry": { "type": "LineString", "coordinates": [ [ 1594.0, 463.0 ], [ 1596.0, 459.0 ] ] } },
{ "type": "Feature", "properties": { "layer": "red_roads" }, "geometry": { "type": "LineString", "coordinates": [ [ 1594.0, 464.0 ], [ 1594.0, 465.0 ] ] } },
{ "type": "Feature", "properties": { "layer": "red_roads" }, "geometry": { "type": "LineString", "coordinates": [ [ 1594.0, 465.0 ], [ 1597.0, 467.0 ] ] } },
{ "type": "Feature", "properties": { "layer": "red_roads" }, "geometry": { "type": "LineString", "coordinates": [ [ 1594.0, 483.0 ], [ 1594.0, 484.0 ] ] } },
{ "type": "Feature", "properties": { "layer": "red_roads" }, "geometry": { "type": "LineString", "coordinates": [ [ 1594.0, 483.0 ], [ 1597.0, 480.0 ] ] } },
{ "type": "Feature", "properties": { "layer": "red_roads" }, "geometry": { "type": "LineString", "coordinates": [ [ 1594.0, 484.0 ], [ 1594.0, 485.0 ] ] } },
{ "type": "Feature", "properties": { "layer": "red_roads" }, "geometry": { "type": "LineString", "coordinates": [ [ 1594.0, 485.0 ], [ 1599.0, 489.0 ] ] } },
{ "type": "Feature", "properties": { "layer": "red_roads" }, "geometry": { "type": "LineString", "coordinates": [ [ 1594.0, 556.0 ], [ 1595.0, 556.0 ] ] } },
{ "type": "Feature", "properties": { "layer": "red_roads" }, "geometry": { "type": "LineString", "coordinates": [ [ 1594.0, 556.0 ], [ 1594.0, 574.0 ], [ 1599.0, 577.0 ] ] } },
{ "type": "Feature", "properties": { "layer": "red_roads" }, "geometry": { "type": "LineString", "coordinates": [ [ 1594.0, 556.0 ], [ 1595.0, 555.0 ] ] } },
{ "type": "Feature", "properties": { "layer": "red_roads" }, "geometry": { "type": "LineString", "coordinates": [ [ 1595.0, 66.0 ], [ 1596.0, 67.0 ] ] } },
{ "type": "Feature", "properties": { "layer": "red_roads" }, "geometry": { "type": "LineString", "coordinates": [ [ 1595.0, 66.0 ], [ 1595.0, 67.0 ] ] } },
{ "type": "Feature", "properties": { "layer": "red_roads" }, "geometry": { "type": "LineString", "coordinates": [ [ 1595.0, 67.0 ], [ 1596.0, 67.0 ] ] } },
{ "type": "Feature", "properties": { "layer": "red_roads" }, "geometry": { "type": "LineString", "coordinates": [ [ 1595.0, 67.0 ], [ 1595.0, 68.0 ] ] } },
{ "type": "Feature", "properties": { "layer": "red_roads" }, "geometry": { "type": "LineString", "coordinates": [ [ 1595.0, 68.0 ], [ 1596.0, 67.0 ] ] } },
{ "type": "Feature", "properties": { "layer": "red_roads" }, "geometry": { "type": "LineString", "coordinates": [ [ 1595.0, 78.0 ], [ 1596.0, 78.0 ] ] } },
{ "type": "Feature", "properties": { "layer": "red_roads" }, "geometry": { "type": "LineString", "coordinates": [ [ 1595.0, 78.0 ], [ 1595.0, 79.0 ] ] } },
{ "type": "Feature", "properties": { "layer": "red_roads" }, "geometry": { "type": "LineString", "coordinates": [ [ 1595.0, 79.0 ], [ 1599.0, 87.0 ] ] } },
{ "type": "Feature", "properties": { "layer": "red_roads" }, "geometry": { "type": "LineString", "coordinates": [ [ 1595.0, 79.0 ], [ 1596.0, 78.0 ] ] } },
{ "type": "Feature", "properties": { "layer": "red_roads" }, "geometry": { "type": "LineString", "coordinates": [ [ 1595.0, 105.0 ], [ 1603.0, 97.0 ] ] } },
{ "type": "Feature", "properties": { "layer": "red_roads" }, "geometry": { "type": "LineString", "coordinates": [ [ 1595.0, 456.0 ], [ 1596.0, 458.0 ] ] } },
{ "type": "Feature", "properties": { "layer": "red_roads" }, "geometry": { "type": "LineString", "coordinates": [ [ 1595.0, 555.0 ], [ 1595.0, 556.0 ] ] } },
{ "type": "Feature", "properties": { "layer": "red_roads" }, "geometry": { "type": "LineString", "coordinates": [ [ 1601.0, 542.0 ], [ 1595.0, 555.0 ] ] } },
{ "type": "Feature", "properties": { "layer": "red_roads" }, "geometry": { "type": "LineString", "coordinates": [ [ 1595.0, 556.0 ], [ 1603.0, 564.0 ], [ 1607.0, 572.0 ] ] } },
{ "type": "Feature", "properties": { "layer": "red_roads" }, "geometry": { "type": "LineString", "coordinates": [ [ 1596.0, 67.0 ], [ 1598.0, 68.0 ] ] } },
{ "type": "Feature", "properties": { "layer": "red_roads" }, "geometry": { "type": "LineString", "coordinates": [ [ 1596.0, 78.0 ], [ 1597.0, 78.0 ] ] } },
{ "type": "Feature", "properties": { "layer": "red_roads" }, "geometry": { "type": "LineString", "coordinates": [ [ 1596.0, 458.0 ], [ 1597.0, 458.0 ] ] } },
{ "type": "Feature", "properties": { "layer": "red_roads" }, "geometry": { "type": "LineString", "coordinates": [ [ 1596.0, 458.0 ], [ 1596.0, 459.0 ] ] } },
{ "type": "Feature", "properties": { "layer": "red_roads" }, "geometry": { "type": "LineString", "coordinates": [ [ 1596.0, 459.0 ], [ 1597.0, 458.0 ] ] } },
{ "type": "Feature", "properties": { "layer": "red_roads" }, "geometry": { "type": "LineString", "coordinates": [ [ 1597.0, 458.0 ], [ 1598.0, 458.0 ] ] } },
{ "type": "Feature", "properties": { "layer": "red_roads" }, "geometry": { "type": "LineString", "coordinates": [ [ 1597.0, 467.0 ], [ 1598.0, 467.0 ] ] } },
{ "type": "Feature", "properties": { "layer": "red_roads" }, "geometry": { "type": "LineString", "coordinates": [ [ 1597.0, 467.0 ], [ 1597.0, 468.0 ] ] } },
{ "type": "Feature", "properties": { "layer": "red_roads" }, "geometry": { "type": "LineString", "coordinates": [ [ 1597.0, 468.0 ], [ 1597.0, 478.0 ] ] } },
{ "type": "Feature", "properties": { "layer": "red_roads" }, "geometry": { "type": "LineString", "coordinates": [ [ 1597.0, 468.0 ], [ 1598.0, 467.0 ] ] } },
{ "type": "Feature", "properties": { "layer": "red_roads" }, "geometry": { "type": "LineString", "coordinates": [ [ 1597.0, 478.0 ], [ 1598.0, 479.0 ] ] } },
{ "type": "Feature", "properties": { "layer": "red_roads" }, "geometry": { "type": "LineString", "coordinates": [ [ 1597.0, 478.0 ], [ 1597.0, 479.0 ] ] } },
{ "type": "Feature", "properties": { "layer": "red_roads" }, "geometry": { "type": "LineString", "coordinates": [ [ 1597.0, 479.0 ], [ 1598.0, 479.0 ] ] } },
{ "type": "Feature", "properties": { "layer": "red_roads" }, "geometry": { "type": "LineString", "coordinates": [ [ 1597.0, 479.0 ], [ 1597.0, 480.0 ] ] } },
{ "type": "Feature", "properties": { "layer": "red_roads" }, "geometry": { "type": "LineString", "coordinates": [ [ 1597.0, 480.0 ], [ 1598.0, 479.0 ] ] } },
{ "type": "Feature", "properties": { "layer": "red_roads" }, "geometry": { "type": "LineString", "coordinates": [ [ 1598.0, 431.0 ], [ 1601.0, 433.0 ] ] } },
{ "type": "Feature", "properties": { "layer": "red_roads" }, "geometry": { "type": "LineString", "coordinates": [ [ 1598.0, 467.0 ], [ 1604.0, 467.0 ] ] } },
{ "type": "Feature", "properties": { "layer": "red_roads" }, "geometry": { "type": "LineString", "coordinates": [ [ 1598.0, 479.0 ], [ 1602.0, 477.0 ] ] } },
{ "type": "Feature", "properties": { "layer": "red_roads" }, "geometry": { "type": "LineString", "coordinates": [ [ 1598.0, 523.0 ], [ 1602.0, 538.0 ] ] } },
{ "type": "Feature", "properties": { "layer": "red_roads" }, "geometry": { "type": "LineString", "coordinates": [ [ 1598.0, 523.0 ], [ 1611.0, 510.0 ], [ 1611.0, 504.0 ], [ 1609.0, 501.0 ] ] } },
{ "type": "Feature", "properties": { "layer": "red_roads" }, "geometry": { "type": "LineString", "coordinates": [ [ 1599.0, 87.0 ], [ 1600.0, 88.0 ] ] } },
{ "type": "Feature", "properties": { "layer": "red_roads" }, "geometry": { "type": "LineString", "coordinates": [ [ 1599.0, 87.0 ], [ 1599.0, 88.0 ] ] } },
{ "type": "Feature", "properties": { "layer": "red_roads" }, "geometry": { "type": "LineString", "coordinates": [ [ 1599.0, 88.0 ], [ 1600.0, 88.0 ] ] } },
{ "type": "Feature", "properties": { "layer": "red_roads" }, "geometry": { "type": "LineString", "coordinates": [ [ 1599.0, 220.0 ], [ 1605.0, 216.0 ], [ 1610.0, 215.0 ] ] } },
{ "type": "Feature", "properties": { "layer": "red_roads" }, "geometry": { "type": "LineString", "coordinates": [ [ 1599.0, 489.0 ], [ 1600.0, 489.0 ] ] } },
{ "type": "Feature", "properties": { "layer": "red_roads" }, "geometry": { "type": "LineString", "coordinates": [ [ 1599.0, 489.0 ], [ 1600.0, 488.0 ] ] } },
{ "type": "Feature", "properties": { "layer": "red_roads" }, "geometry": { "type": "LineString", "coordinates": [ [ 1599.0, 577.0 ], [ 1600.0, 577.0 ] ] } },
{ "type": "Feature", "properties": { "layer": "red_roads" }, "geometry": { "type": "LineString", "coordinates": [ [ 1599.0, 577.0 ], [ 1599.0, 578.0 ] ] } },
{ "type": "Feature", "properties": { "layer": "red_roads" }, "geometry": { "type": "LineString", "coordinates": [ [ 1599.0, 578.0 ], [ 1601.0, 591.0 ], [ 1603.0, 594.0 ] ] } },
{ "type": "Feature", "properties": { "layer": "red_roads" }, "geometry": { "type": "LineString", "coordinates": [ [ 1599.0, 578.0 ], [ 1600.0, 577.0 ] ] } },
{ "type": "Feature", "properties": { "layer": "red_roads" }, "geometry": { "type": "LineString", "coordinates": [ [ 1600.0, 88.0 ], [ 1601.0, 89.0 ] ] } },
{ "type": "Feature", "properties": { "layer": "red_roads" }, "geometry": { "type": "LineString", "coordinates": [ [ 1600.0, 119.0 ], [ 1601.0, 119.0 ] ] } },
{ "type": "Feature", "properties": { "layer": "red_roads" }, "geometry": { "type": "LineString", "coordinates": [ [ 1600.0, 119.0 ], [ 1601.0, 120.0 ] ] } },
{ "type": "Feature", "properties": { "layer": "red_roads" }, "geometry": { "type": "LineString", "coordinates": [ [ 1600.0, 119.0 ], [ 1601.0, 118.0 ] ] } },
{ "type": "Feature", "properties": { "layer": "red_roads" }, "geometry": { "type": "LineString", "coordinates": [ [ 1600.0, 128.0 ], [ 1601.0, 126.0 ] ] } },
{ "type": "Feature", "properties": { "layer": "red_roads" }, "geometry": { "type": "LineString", "coordinates": [ [ 1600.0, 488.0 ], [ 1600.0, 489.0 ] ] } },
{ "type": "Feature", "properties": { "layer": "red_roads" }, "geometry": { "type": "LineString", "coordinates": [ [ 1600.0, 488.0 ], [ 1606.0, 483.0 ] ] } },
{ "type": "Feature", "properties": { "layer": "red_roads" }, "geometry": { "type": "LineString", "coordinates": [ [ 1600.0, 489.0 ], [ 1606.0, 490.0 ], [ 1609.0, 494.0 ], [ 1609.0, 497.0 ] ] } },
{ "type": "Feature", "properties": { "layer": "red_roads" }, "geometry": { "type": "LineString", "coordinates": [ [ 1600.0, 577.0 ], [ 1606.0, 573.0 ] ] } },
{ "type": "Feature", "properties": { "layer": "red_roads" }, "geometry": { "type": "LineString", "coordinates": [ [ 1600.0, 648.0 ], [ 1607.0, 657.0 ] ] } },
{ "type": "Feature", "properties": { "layer": "red_roads" }, "geometry": { "type": "LineString", "coordinates": [ [ 1601.0, 89.0 ], [ 1602.0, 89.0 ] ] } },
{ "type": "Feature", "properties": { "layer": "red_roads" }, "geometry": { "type": "LineString", "coordinates": [ [ 1601.0, 89.0 ], [ 1602.0, 90.0 ] ] } },
{ "type": "Feature", "properties": { "layer": "red_roads" }, "geometry": { "type": "LineString", "coordinates": [ [ 1601.0, 118.0 ], [ 1601.0, 119.0 ] ] } },
{ "type": "Feature", "properties": { "layer": "red_roads" }, "geometry": { "type": "LineString", "coordinates": [ [ 1601.0, 118.0 ], [ 1605.0, 113.0 ] ] } },
{ "type": "Feature", "properties": { "layer": "red_roads" }, "geometry": { "type": "LineString", "coordinates": [ [ 1601.0, 119.0 ], [ 1601.0, 120.0 ] ] } },
{ "type": "Feature", "properties": { "layer": "red_roads" }, "geometry": { "type": "LineString", "coordinates": [ [ 1601.0, 120.0 ], [ 1601.0, 125.0 ] ] } },
{ "type": "Feature", "properties": { "layer": "red_roads" }, "geometry": { "type": "LineString", "coordinates": [ [ 1601.0, 125.0 ], [ 1602.0, 126.0 ] ] } },
{ "type": "Feature", "properties": { "layer": "red_roads" }, "geometry": { "type": "LineString", "coordinates": [ [ 1601.0, 125.0 ], [ 1601.0, 126.0 ] ] } },
{ "type": "Feature", "properties": { "layer": "red_roads" }, "geometry": { "type": "LineString", "coordinates": [ [ 1601.0, 126.0 ], [ 1602.0, 126.0 ] ] } },
{ "type": "Feature", "properties": { "layer": "red_roads" }, "geometry": { "type": "LineString", "coordinates": [ [ 1601.0, 433.0 ], [ 1602.0, 433.0 ] ] } },
{ "type": "Feature", "properties": { "layer": "red_roads" }, "geometry": { "type": "LineString", "coordinates": [ [ 1601.0, 433.0 ], [ 1602.0, 434.0 ] ] } },
{ "type": "Feature", "properties": { "layer": "red_roads" }, "geometry": { "type": "LineString", "coordinates": [ [ 1601.0, 542.0 ], [ 1602.0, 542.0 ] ] } },
{ "type": "Feature", "properties": { "layer": "red_roads" }, "geometry": { "type": "LineString", "coordinates": [ [ 1601.0, 542.0 ], [ 1602.0, 541.0 ] ] } },
{ "type": "Feature", "properties": { "layer": "red_roads" }, "geometry": { "type": "LineString", "coordinates": [ [ 1602.0, 89.0 ], [ 1603.0, 89.0 ] ] } },
{ "type": "Feature", "properties": { "layer": "red_roads" }, "geometry": { "type": "LineString", "coordinates": [ [ 1602.0, 89.0 ], [ 1602.0, 90.0 ] ] } },
{ "type": "Feature", "properties": { "layer": "red_roads" }, "geometry": { "type": "LineString", "coordinates": [ [ 1602.0, 90.0 ], [ 1603.0, 92.0 ] ] } },
{ "type": "Feature", "properties": { "layer": "red_roads" }, "geometry": { "type": "LineString", "coordinates": [ [ 1602.0, 90.0 ], [ 1603.0, 89.0 ] ] } },
{ "type": "Feature", "properties": { "layer": "red_roads" }, "geometry": { "type": "LineString", "coordinates": [ [ 1602.0, 126.0 ], [ 1604.0, 127.0 ] ] } },
{ "type": "Feature", "properties": { "layer": "red_roads" }, "geometry": { "type": "LineString", "coordinates": [ [ 1602.0, 433.0 ], [ 1603.0, 433.0 ] ] } },
{ "type": "Feature", "properties": { "layer": "red_roads" }, "geometry": { "type": "LineString", "coordinates": [ [ 1602.0, 433.0 ], [ 1602.0, 434.0 ] ] } },
{ "type": "Feature", "properties": { "layer": "red_roads" }, "geometry": { "type": "LineString", "coordinates": [ [ 1602.0, 434.0 ], [ 1602.0, 438.0 ], [ 1604.0, 441.0 ], [ 1611.0, 442.0 ] ] } },
{ "type": "Feature", "properties": { "layer": "red_roads" }, "geometry": { "type": "LineString", "coordinates": [ [ 1602.0, 434.0 ], [ 1603.0, 433.0 ] ] } },
{ "type": "Feature", "properties": { "layer": "red_roads" }, "geometry": { "type": "LineString", "coordinates": [ [ 1602.0, 477.0 ], [ 1603.0, 477.0 ] ] } },
{ "type": "Feature", "properties": { "layer": "red_roads" }, "geometry": { "type": "LineString", "coordinates": [ [ 1602.0, 477.0 ], [ 1603.0, 476.0 ] ] } },
{ "type": "Feature", "properties": { "layer": "red_roads" }, "geometry": { "type": "LineString", "coordinates": [ [ 1602.0, 538.0 ], [ 1603.0, 539.0 ] ] } },
{ "type": "Feature", "properties": { "layer": "red_roads" }, "geometry": { "type": "LineString", "coordinates": [ [ 1602.0, 538.0 ], [ 1602.0, 539.0 ] ] } },
{ "type": "Feature", "properties": { "layer": "red_roads" }, "geometry": { "type": "LineString", "coordinates": [ [ 1602.0, 539.0 ], [ 1603.0, 539.0 ] ] } },
{ "type": "Feature", "properties": { "layer": "red_roads" }, "geometry": { "type": "LineString", "coordinates": [ [ 1602.0, 539.0 ], [ 1602.0, 540.0 ] ] } },
{ "type": "Feature", "properties": { "layer": "red_roads" }, "geometry": { "type": "LineString", "coordinates": [ [ 1602.0, 540.0 ], [ 1602.0, 541.0 ] ] } },
{ "type": "Feature", "properties": { "layer": "red_roads" }, "geometry": { "type": "LineString", "coordinates": [ [ 1602.0, 540.0 ], [ 1603.0, 539.0 ] ] } },
{ "type": "Feature", "properties": { "layer": "red_roads" }, "geometry": { "type": "LineString", "coordinates": [ [ 1602.0, 541.0 ], [ 1603.0, 542.0 ] ] } },
{ "type": "Feature", "properties": { "layer": "red_roads" }, "geometry": { "type": "LineString", "coordinates": [ [ 1602.0, 541.0 ], [ 1602.0, 542.0 ] ] } },
{ "type": "Feature", "properties": { "layer": "red_roads" }, "geometry": { "type": "LineString", "coordinates": [ [ 1602.0, 542.0 ], [ 1603.0, 542.0 ] ] } },
{ "type": "Feature", "properties": { "layer": "red_roads" }, "geometry": { "type": "LineString", "coordinates": [ [ 1603.0, 89.0 ], [ 1607.0, 89.0 ] ] } },
{ "type": "Feature", "properties": { "layer": "red_roads" }, "geometry": { "type": "LineString", "coordinates": [ [ 1603.0, 316.0 ], [ 1605.0, 320.0 ], [ 1604.0, 329.0 ], [ 1607.0, 330.0 ] ] } },
{ "type": "Feature", "properties": { "layer": "red_roads" }, "geometry": { "type": "LineString", "coordinates": [ [ 1606.0, 335.0 ], [ 1604.0, 338.0 ], [ 1603.0, 346.0 ] ] } },
{ "type": "Feature", "properties": { "layer": "red_roads" }, "geometry": { "type": "LineString", "coordinates": [ [ 1603.0, 433.0 ], [ 1606.0, 430.0 ], [ 1610.0, 430.0 ] ] } },
{ "type": "Feature", "properties": { "layer": "red_roads" }, "geometry": { "type": "LineString", "coordinates": [ [ 1603.0, 476.0 ], [ 1604.0, 477.0 ] ] } },
{ "type": "Feature", "properties": { "layer": "red_roads" }, "geometry": { "type": "LineString", "coordinates": [ [ 1603.0, 476.0 ], [ 1603.0, 477.0 ] ] } },
{ "type": "Feature", "properties": { "layer": "red_roads" }, "geometry": { "type": "LineString", "coordinates": [ [ 1605.0, 468.0 ], [ 1603.0, 476.0 ] ] } },
{ "type": "Feature", "properties": { "layer": "red_roads" }, "geometry": { "type": "LineString", "coordinates": [ [ 1603.0, 477.0 ], [ 1604.0, 477.0 ] ] } },
{ "type": "Feature", "properties": { "layer": "red_roads" }, "geometry": { "type": "LineString", "coordinates": [ [ 1603.0, 539.0 ], [ 1613.0, 547.0 ], [ 1616.0, 547.0 ], [ 1623.0, 551.0 ], [ 1626.0, 554.0 ], [ 1626.0, 558.0 ], [ 1629.0, 563.0 ] ] } },
{ "type": "Feature", "properties": { "layer": "red_roads" }, "geometry": { "type": "LineString", "coordinates": [ [ 1603.0, 542.0 ], [ 1619.0, 558.0 ], [ 1620.0, 563.0 ] ] } },
{ "type": "Feature", "properties": { "layer": "red_roads" }, "geometry": { "type": "LineString", "coordinates": [ [ 1603.0, 594.0 ], [ 1604.0, 594.0 ] ] } },
{ "type": "Feature", "properties": { "layer": "red_roads" }, "geometry": { "type": "LineString", "coordinates": [ [ 1603.0, 594.0 ], [ 1604.0, 595.0 ] ] } },
{ "type": "Feature", "properties": { "layer": "red_roads" }, "geometry": { "type": "LineString", "coordinates": [ [ 1605.0, 256.0 ], [ 1603.0, 259.0 ], [ 1604.0, 269.0 ] ] } },
{ "type": "Feature", "properties": { "layer": "red_roads" }, "geometry": { "type": "LineString", "coordinates": [ [ 1604.0, 467.0 ], [ 1605.0, 467.0 ] ] } },
{ "type": "Feature", "properties": { "layer": "red_roads" }, "geometry": { "type": "LineString", "coordinates": [ [ 1604.0, 467.0 ], [ 1605.0, 468.0 ] ] } },
{ "type": "Feature", "properties": { "layer": "red_roads" }, "geometry": { "type": "LineString", "coordinates": [ [ 1604.0, 477.0 ], [ 1606.0, 478.0 ] ] } },
{ "type": "Feature", "properties": { "layer": "red_roads" }, "geometry": { "type": "LineString", "coordinates": [ [ 1604.0, 594.0 ], [ 1605.0, 594.0 ] ] } },
{ "type": "Feature", "properties": { "layer": "red_roads" }, "geometry": { "type": "LineString", "coordinates": [ [ 1604.0, 594.0 ], [ 1604.0, 595.0 ] ] } },
{ "type": "Feature", "properties": { "layer": "red_roads" }, "geometry": { "type": "LineString", "coordinates": [ [ 1604.0, 595.0 ], [ 1604.0, 598.0 ], [ 1610.0, 603.0 ] ] } },
{ "type": "Feature", "properties": { "layer": "red_roads" }, "geometry": { "type": "LineString", "coordinates": [ [ 1604.0, 595.0 ], [ 1605.0, 594.0 ] ] } },
{ "type": "Feature", "properties": { "layer": "red_roads" }, "geometry": { "type": "LineString", "coordinates": [ [ 1605.0, 467.0 ], [ 1606.0, 467.0 ] ] } },
{ "type": "Feature", "properties": { "layer": "red_roads" }, "geometry": { "type": "LineString", "coordinates": [ [ 1605.0, 467.0 ], [ 1605.0, 468.0 ] ] } },
{ "type": "Feature", "properties": { "layer": "red_roads" }, "geometry": { "type": "LineString", "coordinates": [ [ 1605.0, 468.0 ], [ 1606.0, 467.0 ] ] } },
{ "type": "Feature", "properties": { "layer": "red_roads" }, "geometry": { "type": "LineString", "coordinates": [ [ 1605.0, 594.0 ], [ 1613.0, 587.0 ] ] } },
{ "type": "Feature", "properties": { "layer": "red_roads" }, "geometry": { "type": "LineString", "coordinates": [ [ 1606.0, 467.0 ], [ 1610.0, 462.0 ] ] } },
{ "type": "Feature", "properties": { "layer": "red_roads" }, "geometry": { "type": "LineString", "coordinates": [ [ 1606.0, 573.0 ], [ 1607.0, 573.0 ] ] } },
{ "type": "Feature", "properties": { "layer": "red_roads" }, "geometry": { "type": "LineString", "coordinates": [ [ 1606.0, 573.0 ], [ 1607.0, 572.0 ] ] } },
{ "type": "Feature", "properties": { "layer": "red_roads" }, "geometry": { "type": "LineString", "coordinates": [ [ 1607.0, 572.0 ], [ 1608.0, 573.0 ] ] } },
{ "type": "Feature", "properties": { "layer": "red_roads" }, "geometry": { "type": "LineString", "coordinates": [ [ 1607.0, 572.0 ], [ 1607.0, 573.0 ] ] } },
{ "type": "Feature", "properties": { "layer": "red_roads" }, "geometry": { "type": "LineString", "coordinates": [ [ 1607.0, 573.0 ], [ 1608.0, 573.0 ] ] } },
{ "type": "Feature", "properties": { "layer": "red_roads" }, "geometry": { "type": "LineString", "coordinates": [ [ 1607.0, 657.0 ], [ 1608.0, 657.0 ] ] } },
{ "type": "Feature", "properties": { "layer": "red_roads" }, "geometry": { "type": "LineString", "coordinates": [ [ 1607.0, 657.0 ], [ 1607.5, 657.5 ] ] } },
{ "type": "Feature", "properties": { "layer": "red_roads" }, "geometry": { "type": "LineString", "coordinates": [ [ 1607.0, 657.0 ], [ 1607.0, 658.0 ] ] } },
{ "type": "Feature", "properties": { "layer": "red_roads" }, "geometry": { "type": "LineString", "coordinates": [ [ 1607.0, 657.0 ], [ 1608.0, 656.0 ] ] } },
{ "type": "Feature", "properties": { "layer": "red_roads" }, "geometry": { "type": "LineString", "coordinates": [ [ 1607.0, 658.0 ], [ 1608.0, 658.0 ] ] } },
{ "type": "Feature", "properties": { "layer": "red_roads" }, "geometry": { "type": "LineString", "coordinates": [ [ 1607.0, 658.0 ], [ 1607.0, 659.0 ] ] } },
{ "type": "Feature", "properties": { "layer": "red_roads" }, "geometry": { "type": "LineString", "coordinates": [ [ 1607.0, 658.0 ], [ 1607.5, 657.5 ] ] } },
{ "type": "Feature", "properties": { "layer": "red_roads" }, "geometry": { "type": "LineString", "coordinates": [ [ 1607.0, 659.0 ], [ 1607.0, 668.0 ], [ 1610.0, 672.0 ] ] } },
{ "type": "Feature", "properties": { "layer": "red_roads" }, "geometry": { "type": "LineString", "coordinates": [ [ 1607.0, 659.0 ], [ 1608.0, 658.0 ] ] } },
{ "type": "Feature", "properties": { "layer": "red_roads" }, "geometry": { "type": "LineString", "coordinates": [ [ 1609.0, 712.0 ], [ 1607.0, 718.0 ] ] } },
{ "type": "Feature", "properties": { "layer": "red_roads" }, "geometry": { "type": "LineString", "coordinates": [ [ 1607.5, 657.5 ], [ 1608.0, 658.0 ] ] } },
{ "type": "Feature", "properties": { "layer": "red_roads" }, "geometry": { "type": "LineString", "coordinates": [ [ 1607.5, 657.5 ], [ 1608.0, 657.0 ] ] } },
{ "type": "Feature", "properties": { "layer": "red_roads" }, "geometry": { "type": "LineString", "coordinates": [ [ 1608.0, 241.0 ], [ 1612.0, 246.0 ], [ 1615.0, 245.0 ] ] } },
{ "type": "Feature", "properties": { "layer": "red_roads" }, "geometry": { "type": "LineString", "coordinates": [ [ 1608.0, 501.0 ], [ 1609.0, 501.0 ] ] } },
{ "type": "Feature", "properties": { "layer": "red_roads" }, "geometry": { "type": "LineString", "coordinates": [ [ 1608.0, 501.0 ], [ 1609.0, 500.0 ] ] } },
{ "type": "Feature", "properties": { "layer": "red_roads" }, "geometry": { "type": "LineString", "coordinates": [ [ 1608.0, 573.0 ], [ 1609.0, 573.0 ] ] } },
{ "type": "Feature", "properties": { "layer": "red_roads" }, "geometry": { "type": "LineString", "coordinates": [ [ 1608.0, 573.0 ], [ 1609.0, 572.0 ] ] } },
{ "type": "Feature", "properties": { "layer": "red_roads" }, "geometry": { "type": "LineString", "coordinates": [ [ 1608.0, 656.0 ], [ 1608.0, 657.0 ] ] } },
{ "type": "Feature", "properties": { "layer": "red_roads" }, "geometry": { "type": "LineString", "coordinates": [ [ 1612.0, 643.0 ], [ 1609.0, 648.0 ], [ 1608.0, 656.0 ] ] } },
{ "type": "Feature", "properties": { "layer": "red_roads" }, "geometry": { "type": "LineString", "coordinates": [ [ 1608.0, 657.0 ], [ 1609.0, 658.0 ] ] } },
{ "type": "Feature", "properties": { "layer": "red_roads" }, "geometry": { "type": "LineString", "coordinates": [ [ 1608.0, 657.0 ], [ 1608.0, 658.0 ] ] } },
{ "type": "Feature", "properties": { "layer": "red_roads" }, "geometry": { "type": "LineString", "coordinates": [ [ 1608.0, 658.0 ], [ 1609.0, 658.0 ] ] } },
{ "type": "Feature", "properties": { "layer": "red_roads" }, "geometry": { "type": "LineString", "coordinates": [ [ 1609.0, 460.0 ], [ 1610.0, 461.0 ] ] } },
{ "type": "Feature", "properties": { "layer": "red_roads" }, "geometry": { "type": "LineString", "coordinates": [ [ 1609.0, 497.0 ], [ 1610.0, 498.0 ] ] } },
{ "type": "Feature", "properties": { "layer": "red_roads" }, "geometry": { "type": "LineString", "coordinates": [ [ 1609.0, 497.0 ], [ 1609.0, 498.0 ] ] } },
{ "type": "Feature", "properties": { "layer": "red_roads" }, "geometry": { "type": "LineString", "coordinates": [ [ 1609.0, 498.0 ], [ 1610.0, 498.0 ] ] } },
{ "type": "Feature", "properties": { "layer": "red_roads" }, "geometry": { "type": "LineString", "coordinates": [ [ 1609.0, 498.0 ], [ 1609.0, 499.0 ] ] } },
{ "type": "Feature", "properties": { "layer": "red_roads" }, "geometry": { "type": "LineString", "coordinates": [ [ 1609.0, 499.0 ], [ 1609.0, 500.0 ] ] } },
{ "type": "Feature", "properties": { "layer": "red_roads" }, "geometry": { "type": "LineString", "coordinates": [ [ 1609.0, 499.0 ], [ 1610.0, 498.0 ] ] } },
{ "type": "Feature", "properties": { "layer": "red_roads" }, "geometry": { "type": "LineString", "coordinates": [ [ 1609.0, 500.0 ], [ 1609.0, 501.0 ] ] } },
{ "type": "Feature", "properties": { "layer": "red_roads" }, "geometry": { "type": "LineString", "coordinates": [ [ 1609.0, 572.0 ], [ 1609.0, 573.0 ] ] } },
{ "type": "Feature", "properties": { "layer": "red_roads" }, "geometry": { "type": "LineString", "coordinates": [ [ 1609.0, 572.0 ], [ 1616.0, 565.0 ], [ 1620.0, 564.0 ] ] } },
{ "type": "Feature", "properties": { "layer": "red_roads" }, "geometry": { "type": "LineString", "coordinates": [ [ 1609.0, 573.0 ], [ 1618.0, 576.0 ] ] } },
{ "type": "Feature", "properties": { "layer": "red_roads" }, "geometry": { "type": "LineString", "coordinates": [ [ 1609.0, 658.0 ], [ 1610.0, 658.0 ] ] } },
{ "type": "Feature", "properties": { "layer": "red_roads" }, "geometry": { "type": "LineString", "coordinates": [ [ 1609.0, 712.0 ], [ 1610.0, 712.0 ] ] } },
{ "type": "Feature", "properties": { "layer": "red_roads" }, "geometry": { "type": "LineString", "coordinates": [ [ 1609.0, 712.0 ], [ 1610.0, 711.0 ] ] } },
{ "type": "Feature", "properties": { "layer": "red_roads" }, "geometry": { "type": "LineString", "coordinates": [ [ 1610.0, 290.0 ], [ 1614.0, 295.0 ], [ 1619.0, 296.0 ] ] } },
{ "type": "Feature", "properties": { "layer": "red_roads" }, "geometry": { "type": "LineString", "coordinates": [ [ 1610.0, 445.0 ], [ 1611.0, 443.0 ] ] } },
{ "type": "Feature", "properties": { "layer": "red_roads" }, "geometry": { "type": "LineString", "coordinates": [ [ 1610.0, 461.0 ], [ 1611.0, 461.0 ] ] } },
{ "type": "Feature", "properties": { "layer": "red_roads" }, "geometry": { "type": "LineString", "coordinates": [ [ 1610.0, 461.0 ], [ 1610.0, 462.0 ] ] } },
{ "type": "Feature", "properties": { "layer": "red_roads" }, "geometry": { "type": "LineString", "coordinates": [ [ 1610.0, 462.0 ], [ 1611.0, 461.0 ] ] } },
{ "type": "Feature", "properties": { "layer": "red_roads" }, "geometry": { "type": "LineString", "coordinates": [ [ 1610.0, 498.0 ], [ 1614.0, 498.0 ] ] } },
{ "type": "Feature", "properties": { "layer": "red_roads" }, "geometry": { "type": "LineString", "coordinates": [ [ 1610.0, 603.0 ], [ 1611.0, 603.0 ] ] } },
{ "type": "Feature", "properties": { "layer": "red_roads" }, "geometry": { "type": "LineString", "coordinates": [ [ 1610.0, 603.0 ], [ 1611.0, 604.0 ] ] } },
{ "type": "Feature", "properties": { "layer": "red_roads" }, "geometry": { "type": "LineString", "coordinates": [ [ 1610.0, 610.0 ], [ 1611.0, 610.0 ] ] } },
{ "type": "Feature", "properties": { "layer": "red_roads" }, "geometry": { "type": "LineString", "coordinates": [ [ 1610.0, 610.0 ], [ 1607.0, 613.0 ], [ 1607.0, 617.0 ], [ 1611.0, 629.0 ] ] } },
{ "type": "Feature", "properties": { "layer": "red_roads" }, "geometry": { "type": "LineString", "coordinates": [ [ 1610.0, 610.0 ], [ 1611.0, 609.0 ] ] } },
{ "type": "Feature", "properties": { "layer": "red_roads" }, "geometry": { "type": "LineString", "coordinates": [ [ 1610.0, 658.0 ], [ 1611.0, 658.0 ] ] } },
{ "type": "Feature", "properties": { "layer": "red_roads" }, "geometry": { "type": "LineString", "coordinates": [ [ 1610.0, 658.0 ], [ 1611.0, 659.0 ] ] } },
{ "type": "Feature", "properties": { "layer": "red_roads" }, "geometry": { "type": "LineString", "coordinates": [ [ 1610.0, 672.0 ], [ 1611.0, 672.0 ] ] } },
{ "type": "Feature", "properties": { "layer": "red_roads" }, "geometry": { "type": "LineString", "coordinates": [ [ 1610.0, 672.0 ], [ 1611.0, 673.0 ] ] } },
{ "type": "Feature", "properties": { "layer": "red_roads" }, "geometry": { "type": "LineString", "coordinates": [ [ 1610.0, 711.0 ], [ 1611.0, 712.0 ] ] } },
{ "type": "Feature", "properties": { "layer": "red_roads" }, "geometry": { "type": "LineString", "coordinates": [ [ 1610.0, 711.0 ], [ 1610.0, 712.0 ] ] } },
{ "type": "Feature", "properties": { "layer": "red_roads" }, "geometry": { "type": "LineString", "coordinates": [ [ 1610.0, 711.0 ], [ 1610.0, 708.0 ], [ 1612.0, 706.0 ], [ 1615.0, 706.0 ] ] } },
{ "type": "Feature", "properties": { "layer": "red_roads" }, "geometry": { "type": "LineString", "coordinates": [ [ 1610.0, 712.0 ], [ 1611.0, 712.0 ] ] } },
{ "type": "Feature", "properties": { "layer": "red_roads" }, "geometry": { "type": "LineString", "coordinates": [ [ 1611.0, 442.0 ], [ 1612.0, 442.0 ] ] } },
{ "type": "Feature", "properties": { "layer": "red_roads" }, "geometry": { "type": "LineString", "coordinates": [ [ 1611.0, 442.0 ], [ 1611.0, 443.0 ] ] } },
{ "type": "Feature", "properties": { "layer": "red_roads" }, "geometry": { "type": "LineString", "coordinates": [ [ 1611.0, 443.0 ], [ 1612.0, 442.0 ] ] } },
{ "type": "Feature", "properties": { "layer": "red_roads" }, "geometry": { "type": "LineString", "coordinates": [ [ 1611.0, 461.0 ], [ 1613.0, 461.0 ] ] } },
{ "type": "Feature", "properties": { "layer": "red_roads" }, "geometry": { "type": "LineString", "coordinates": [ [ 1611.0, 603.0 ], [ 1612.0, 603.0 ] ] } },
{ "type": "Feature", "properties": { "layer": "red_roads" }, "geometry": { "type": "LineString", "coordinates": [ [ 1611.0, 603.0 ], [ 1611.0, 604.0 ] ] } },
{ "type": "Feature", "properties": { "layer": "red_roads" }, "geometry": { "type": "LineString", "coordinates": [ [ 1611.0, 604.0 ], [ 1611.0, 609.0 ] ] } },
{ "type": "Feature", "properties": { "layer": "red_roads" }, "geometry": { "type": "LineString", "coordinates": [ [ 1611.0, 604.0 ], [ 1612.0, 603.0 ] ] } },
{ "type": "Feature", "properties": { "layer": "red_roads" }, "geometry": { "type": "LineString", "coordinates": [ [ 1611.0, 609.0 ], [ 1612.0, 610.0 ] ] } },
{ "type": "Feature", "properties": { "layer": "red_roads" }, "geometry": { "type": "LineString", "coordinates": [ [ 1611.0, 609.0 ], [ 1611.0, 610.0 ] ] } },
{ "type": "Feature", "properties": { "layer": "red_roads" }, "geometry": { "type": "LineString", "coordinates": [ [ 1611.0, 610.0 ], [ 1612.0, 610.0 ] ] } },
{ "type": "Feature", "properties": { "layer": "red_roads" }, "geometry": { "type": "LineString", "coordinates": [ [ 1611.0, 629.0 ], [ 1612.0, 629.0 ] ] } },
{ "type": "Feature", "properties": { "layer": "red_roads" }, "geometry": { "type": "LineString", "coordinates": [ [ 1611.0, 629.0 ], [ 1611.0, 630.0 ] ] } },
{ "type": "Feature", "properties": { "layer": "red_roads" }, "geometry": { "type": "LineString", "coordinates": [ [ 1611.0, 630.0 ], [ 1612.0, 638.0 ] ] } },
{ "type": "Feature", "properties": { "layer": "red_roads" }, "geometry": { "type": "LineString", "coordinates": [ [ 1611.0, 630.0 ], [ 1612.0, 629.0 ] ] } },
{ "type": "Feature", "properties": { "layer": "red_roads" }, "geometry": { "type": "LineString", "coordinates": [ [ 1611.0, 658.0 ], [ 1611.0, 659.0 ] ] } },
{ "type": "Feature", "properties": { "layer": "red_roads" }, "geometry": { "type": "LineString", "coordinates": [ [ 1611.0, 658.0 ], [ 1617.0, 653.0 ] ] } },
{ "type": "Feature", "properties": { "layer": "red_roads" }, "geometry": { "type": "LineString", "coordinates": [ [ 1611.0, 659.0 ], [ 1615.0, 662.0 ] ] } },
{ "type": "Feature", "properties": { "layer": "red_roads" }, "geometry": { "type": "LineString", "coordinates": [ [ 1611.0, 672.0 ], [ 1612.0, 672.0 ] ] } },
{ "type": "Feature", "properties": { "layer": "red_roads" }, "geometry": { "type": "LineString", "coordinates": [ [ 1611.0, 672.0 ], [ 1611.0, 673.0 ] ] } },
{ "type": "Feature", "properties": { "layer": "red_roads" }, "geometry": { "type": "LineString", "coordinates": [ [ 1611.0, 673.0 ], [ 1612.0, 678.0 ], [ 1616.0, 684.0 ], [ 1629.0, 684.0 ] ] } },
{ "type": "Feature", "properties": { "layer": "red_roads" }, "geometry": { "type": "LineString", "coordinates": [ [ 1611.0, 673.0 ], [ 1612.0, 672.0 ] ] } },
{ "type": "Feature", "properties": { "layer": "red_roads" }, "geometry": { "type": "LineString", "coordinates": [ [ 1611.0, 712.0 ], [ 1615.0, 714.0 ], [ 1621.0, 710.0 ] ] } },
{ "type": "Feature", "properties": { "layer": "red_roads" }, "geometry": { "type": "LineString", "coordinates": [ [ 1612.0, 442.0 ], [ 1624.0, 441.0 ] ] } },
{ "type": "Feature", "properties": { "layer": "red_roads" }, "geometry": { "type": "LineString", "coordinates": [ [ 1612.0, 603.0 ], [ 1618.0, 597.0 ] ] } },
{ "type": "Feature", "properties": { "layer": "red_roads" }, "geometry": { "type": "LineString", "coordinates": [ [ 1612.0, 610.0 ], [ 1617.0, 615.0 ], [ 1623.0, 615.0 ] ] } },
{ "type": "Feature", "properties": { "layer": "red_roads" }, "geometry": { "type": "LineString", "coordinates": [ [ 1612.0, 629.0 ], [ 1617.0, 629.0 ], [ 1619.0, 631.0 ] ] } },
{ "type": "Feature", "properties": { "layer": "red_roads" }, "geometry": { "type": "LineString", "coordinates": [ [ 1612.0, 638.0 ], [ 1613.0, 638.0 ] ] } },
{ "type": "Feature", "properties": { "layer": "red_roads" }, "geometry": { "type": "LineString", "coordinates": [ [ 1612.0, 638.0 ], [ 1612.0, 639.0 ] ] } },
{ "type": "Feature", "properties": { "layer": "red_roads" }, "geometry": { "type": "LineString", "coordinates": [ [ 1612.0, 639.0 ], [ 1612.0, 642.0 ] ] } },
{ "type": "Feature", "properties": { "layer": "red_roads" }, "geometry": { "type": "LineString", "coordinates": [ [ 1612.0, 639.0 ], [ 1613.0, 638.0 ] ] } },
{ "type": "Feature", "properties": { "layer": "red_roads" }, "geometry": { "type": "LineString", "coordinates": [ [ 1612.0, 642.0 ], [ 1613.0, 643.0 ] ] } },
{ "type": "Feature", "properties": { "layer": "red_roads" }, "geometry": { "type": "LineString", "coordinates": [ [ 1612.0, 642.0 ], [ 1612.0, 643.0 ] ] } },
{ "type": "Feature", "properties": { "layer": "red_roads" }, "geometry": { "type": "LineString", "coordinates": [ [ 1612.0, 643.0 ], [ 1613.0, 643.0 ] ] } },
{ "type": "Feature", "properties": { "layer": "red_roads" }, "geometry": { "type": "LineString", "coordinates": [ [ 1612.0, 672.0 ], [ 1614.0, 670.0 ] ] } },
{ "type": "Feature", "properties": { "layer": "red_roads" }, "geometry": { "type": "LineString", "coordinates": [ [ 1613.0, 638.0 ], [ 1619.0, 633.0 ] ] } },
{ "type": "Feature", "properties": { "layer": "red_roads" }, "geometry": { "type": "LineString", "coordinates": [ [ 1613.0, 643.0 ], [ 1621.0, 644.0 ] ] } },
{ "type": "Feature", "properties": { "layer": "red_roads" }, "geometry": { "type": "LineString", "coordinates": [ [ 1614.0, 669.0 ], [ 1615.0, 670.0 ] ] } },
{ "type": "Feature", "properties": { "layer": "red_roads" }, "geometry": { "type": "LineString", "coordinates": [ [ 1614.0, 669.0 ], [ 1614.0, 670.0 ] ] } },
{ "type": "Feature", "properties": { "layer": "red_roads" }, "geometry": { "type": "LineString", "coordinates": [ [ 1615.0, 663.0 ], [ 1614.0, 669.0 ] ] } },
{ "type": "Feature", "properties": { "layer": "red_roads" }, "geometry": { "type": "LineString", "coordinates": [ [ 1614.0, 670.0 ], [ 1615.0, 670.0 ] ] } },
{ "type": "Feature", "properties": { "layer": "red_roads" }, "geometry": { "type": "LineString", "coordinates": [ [ 1615.0, 278.0 ], [ 1612.0, 281.0 ], [ 1615.0, 284.0 ] ] } },
{ "type": "Feature", "properties": { "layer": "red_roads" }, "geometry": { "type": "LineString", "coordinates": [ [ 1615.0, 662.0 ], [ 1616.0, 662.0 ] ] } },
{ "type": "Feature", "properties": { "layer": "red_roads" }, "geometry": { "type": "LineString", "coordinates": [ [ 1615.0, 662.0 ], [ 1615.0, 663.0 ] ] } },
{ "type": "Feature", "properties": { "layer": "red_roads" }, "geometry": { "type": "LineString", "coordinates": [ [ 1615.0, 663.0 ], [ 1616.0, 662.0 ] ] } },
{ "type": "Feature", "properties": { "layer": "red_roads" }, "geometry": { "type": "LineString", "coordinates": [ [ 1615.0, 670.0 ], [ 1620.0, 669.0 ] ] } },
{ "type": "Feature", "properties": { "layer": "red_roads" }, "geometry": { "type": "LineString", "coordinates": [ [ 1615.0, 706.0 ], [ 1621.0, 710.0 ] ] } },
{ "type": "Feature", "properties": { "layer": "red_roads" }, "geometry": { "type": "LineString", "coordinates": [ [ 1615.0, 706.0 ], [ 1619.0, 701.0 ] ] } },
{ "type": "Feature", "properties": { "layer": "red_roads" }, "geometry": { "type": "LineString", "coordinates": [ [ 1616.0, 662.0 ], [ 1618.0, 662.0 ] ] } },
{ "type": "Feature", "properties": { "layer": "red_roads" }, "geometry": { "type": "LineString", "coordinates": [ [ 1616.0, 830.0 ], [ 1621.0, 830.0 ], [ 1624.0, 824.0 ] ] } },
{ "type": "Feature", "properties": { "layer": "red_roads" }, "geometry": { "type": "LineString", "coordinates": [ [ 1617.0, 218.0 ], [ 1623.0, 219.0 ] ] } },
{ "type": "Feature", "properties": { "layer": "red_roads" }, "geometry": { "type": "LineString", "coordinates": [ [ 1617.0, 459.0 ], [ 1618.0, 453.0 ], [ 1625.0, 446.0 ] ] } },
{ "type": "Feature", "properties": { "layer": "red_roads" }, "geometry": { "type": "LineString", "coordinates": [ [ 1617.0, 585.0 ], [ 1618.0, 585.0 ] ] } },
{ "type": "Feature", "properties": { "layer": "red_roads" }, "geometry": { "type": "LineString", "coordinates": [ [ 1618.0, 263.0 ], [ 1618.0, 266.0 ], [ 1621.0, 268.0 ] ] } },
{ "type": "Feature", "properties": { "layer": "red_roads" }, "geometry": { "type": "LineString", "coordinates": [ [ 1618.0, 585.0 ], [ 1619.0, 585.0 ] ] } },
{ "type": "Feature", "properties": { "layer": "red_roads" }, "geometry": { "type": "LineString", "coordinates": [ [ 1618.0, 585.0 ], [ 1619.0, 586.0 ] ] } },
{ "type": "Feature", "properties": { "layer": "red_roads" }, "geometry": { "type": "LineString", "coordinates": [ [ 1618.0, 585.0 ], [ 1619.0, 584.0 ] ] } },
{ "type": "Feature", "properties": { "layer": "red_roads" }, "geometry": { "type": "LineString", "coordinates": [ [ 1618.0, 596.0 ], [ 1619.0, 597.0 ] ] } },
{ "type": "Feature", "properties": { "layer": "red_roads" }, "geometry": { "type": "LineString", "coordinates": [ [ 1618.0, 596.0 ], [ 1618.0, 597.0 ] ] } },
{ "type": "Feature", "properties": { "layer": "red_roads" }, "geometry": { "type": "LineString", "coordinates": [ [ 1619.0, 586.0 ], [ 1620.0, 588.0 ], [ 1618.0, 596.0 ] ] } },
{ "type": "Feature", "properties": { "layer": "red_roads" }, "geometry": { "type": "LineString", "coordinates": [ [ 1618.0, 597.0 ], [ 1619.0, 597.0 ] ] } },
{ "type": "Feature", "properties": { "layer": "red_roads" }, "geometry": { "type": "LineString", "coordinates": [ [ 1619.0, 257.0 ], [ 1623.0, 258.0 ] ] } },
{ "type": "Feature", "properties": { "layer": "red_roads" }, "geometry": { "type": "LineString", "coordinates": [ [ 1619.0, 296.0 ], [ 1620.0, 296.0 ] ] } },
{ "type": "Feature", "properties": { "layer": "red_roads" }, "geometry": { "type": "LineString", "coordinates": [ [ 1619.0, 296.0 ], [ 1620.0, 297.0 ] ] } },
{ "type": "Feature", "properties": { "layer": "red_roads" }, "geometry": { "type": "LineString", "coordinates": [ [ 1619.0, 584.0 ], [ 1619.0, 585.0 ] ] } },
{ "type": "Feature", "properties": { "layer": "red_roads" }, "geometry": { "type": "LineString", "coordinates": [ [ 1619.0, 584.0 ], [ 1620.0, 583.0 ] ] } },
{ "type": "Feature", "properties": { "layer": "red_roads" }, "geometry": { "type": "LineString", "coordinates": [ [ 1619.0, 585.0 ], [ 1619.0, 586.0 ] ] } },
{ "type": "Feature", "properties": { "layer": "red_roads" }, "geometry": { "type": "LineString", "coordinates": [ [ 1619.0, 597.0 ], [ 1624.0, 595.0 ], [ 1632.0, 596.0 ] ] } },
{ "type": "Feature", "properties": { "layer": "red_roads" }, "geometry": { "type": "LineString", "coordinates": [ [ 1619.0, 631.0 ], [ 1620.0, 632.0 ] ] } },
{ "type": "Feature", "properties": { "layer": "red_roads" }, "geometry": { "type": "LineString", "coordinates": [ [ 1619.0, 631.0 ], [ 1619.0, 632.0 ] ] } },
{ "type": "Feature", "properties": { "layer": "red_roads" }, "geometry": { "type": "LineString", "coordinates": [ [ 1619.0, 632.0 ], [ 1620.0, 632.0 ] ] } },
{ "type": "Feature", "properties": { "layer": "red_roads" }, "geometry": { "type": "LineString", "coordinates": [ [ 1619.0, 632.0 ], [ 1619.0, 633.0 ] ] } },
{ "type": "Feature", "properties": { "layer": "red_roads" }, "geometry": { "type": "LineString", "coordinates": [ [ 1619.0, 633.0 ], [ 1620.0, 632.0 ] ] } },
{ "type": "Feature", "properties": { "layer": "red_roads" }, "geometry": { "type": "LineString", "coordinates": [ [ 1619.0, 843.0 ], [ 1621.0, 841.0 ] ] } },
{ "type": "Feature", "properties": { "layer": "red_roads" }, "geometry": { "type": "LineString", "coordinates": [ [ 1620.0, 296.0 ], [ 1620.0, 297.0 ] ] } },
{ "type": "Feature", "properties": { "layer": "red_roads" }, "geometry": { "type": "LineString", "coordinates": [ [ 1623.0, 285.0 ], [ 1620.0, 296.0 ] ] } },
{ "type": "Feature", "properties": { "layer": "red_roads" }, "geometry": { "type": "LineString", "coordinates": [ [ 1620.0, 297.0 ], [ 1623.0, 298.0 ] ] } },
{ "type": "Feature", "properties": { "layer": "red_roads" }, "geometry": { "type": "LineString", "coordinates": [ [ 1620.0, 563.0 ], [ 1621.0, 564.0 ] ] } },
{ "type": "Feature", "properties": { "layer": "red_roads" }, "geometry": { "type": "LineString", "coordinates": [ [ 1620.0, 563.0 ], [ 1620.0, 564.0 ] ] } },
{ "type": "Feature", "properties": { "layer": "red_roads" }, "geometry": { "type": "LineString", "coordinates": [ [ 1620.0, 564.0 ], [ 1621.0, 564.0 ] ] } },
{ "type": "Feature", "properties": { "layer": "red_roads" }, "geometry": { "type": "LineString", "coordinates": [ [ 1620.0, 632.0 ], [ 1625.0, 631.0 ] ] } },
{ "type": "Feature", "properties": { "layer": "red_roads" }, "geometry": { "type": "LineString", "coordinates": [ [ 1620.0, 839.0 ], [ 1621.0, 841.0 ] ] } },
{ "type": "Feature", "properties": { "layer": "red_roads" }, "geometry": { "type": "LineString", "coordinates": [ [ 1621.0, 268.0 ], [ 1622.0, 268.0 ] ] } },
{ "type": "Feature", "properties": { "layer": "red_roads" }, "geometry": { "type": "LineString", "coordinates": [ [ 1621.0, 268.0 ], [ 1622.0, 269.0 ] ] } },
{ "type": "Feature", "properties": { "layer": "red_roads" }, "geometry": { "type": "LineString", "coordinates": [ [ 1621.0, 271.0 ], [ 1622.0, 269.0 ] ] } },
{ "type": "Feature", "properties": { "layer": "red_roads" }, "geometry": { "type": "LineString", "coordinates": [ [ 1621.0, 338.0 ], [ 1621.0, 343.0 ], [ 1627.0, 342.0 ] ] } },
{ "type": "Feature", "properties": { "layer": "red_roads" }, "geometry": { "type": "LineString", "coordinates": [ [ 1621.0, 564.0 ], [ 1628.0, 567.0 ] ] } },
{ "type": "Feature", "properties": { "layer": "red_roads" }, "geometry": { "type": "LineString", "coordinates": [ [ 1621.0, 644.0 ], [ 1622.0, 644.0 ] ] } },
{ "type": "Feature", "properties": { "layer": "red_roads" }, "geometry": { "type": "LineString", "coordinates": [ [ 1621.0, 644.0 ], [ 1622.0, 645.0 ] ] } },
{ "type": "Feature", "properties": { "layer": "red_roads" }, "geometry": { "type": "LineString", "coordinates": [ [ 1621.0, 710.0 ], [ 1627.0, 707.0 ], [ 1634.0, 709.0 ] ] } },
{ "type": "Feature", "properties": { "layer": "red_roads" }, "geometry": { "type": "LineString", "coordinates": [ [ 1621.0, 841.0 ], [ 1626.0, 840.0 ] ] } },
{ "type": "Feature", "properties": { "layer": "red_roads" }, "geometry": { "type": "LineString", "coordinates": [ [ 1621.0, 869.0 ], [ 1638.0, 867.0 ] ] } },
{ "type": "Feature", "properties": { "layer": "red_roads" }, "geometry": { "type": "LineString", "coordinates": [ [ 1622.0, 268.0 ], [ 1623.0, 268.0 ] ] } },
{ "type": "Feature", "properties": { "layer": "red_roads" }, "geometry": { "type": "LineString", "coordinates": [ [ 1622.0, 268.0 ], [ 1622.0, 269.0 ] ] } },
{ "type": "Feature", "properties": { "layer": "red_roads" }, "geometry": { "type": "LineString", "coordinates": [ [ 1622.0, 269.0 ], [ 1623.0, 268.0 ] ] } },
{ "type": "Feature", "properties": { "layer": "red_roads" }, "geometry": { "type": "LineString", "coordinates": [ [ 1622.0, 427.0 ], [ 1629.0, 434.0 ] ] } },
{ "type": "Feature", "properties": { "layer": "red_roads" }, "geometry": { "type": "LineString", "coordinates": [ [ 1622.0, 644.0 ], [ 1623.0, 644.0 ] ] } },
{ "type": "Feature", "properties": { "layer": "red_roads" }, "geometry": { "type": "LineString", "coordinates": [ [ 1622.0, 644.0 ], [ 1622.0, 645.0 ] ] } },
{ "type": "Feature", "properties": { "layer": "red_roads" }, "geometry": { "type": "LineString", "coordinates": [ [ 1622.0, 645.0 ], [ 1625.0, 651.0 ] ] } },
{ "type": "Feature", "properties": { "layer": "red_roads" }, "geometry": { "type": "LineString", "coordinates": [ [ 1622.0, 645.0 ], [ 1623.0, 644.0 ] ] } },
{ "type": "Feature", "properties": { "layer": "red_roads" }, "geometry": { "type": "LineString", "coordinates": [ [ 1622.0, 655.0 ], [ 1624.0, 654.0 ] ] } },
{ "type": "Feature", "properties": { "layer": "red_roads" }, "geometry": { "type": "LineString", "coordinates": [ [ 1623.0, 258.0 ], [ 1624.0, 258.0 ] ] } },
{ "type": "Feature", "properties": { "layer": "red_roads" }, "geometry": { "type": "LineString", "coordinates": [ [ 1623.0, 258.0 ], [ 1624.0, 259.0 ] ] } },
{ "type": "Feature", "properties": { "layer": "red_roads" }, "geometry": { "type": "LineString", "coordinates": [ [ 1623.0, 268.0 ], [ 1624.0, 267.0 ] ] } },
{ "type": "Feature", "properties": { "layer": "red_roads" }, "geometry": { "type": "LineString", "coordinates": [ [ 1623.0, 298.0 ], [ 1624.0, 298.0 ] ] } },
{ "type": "Feature", "properties": { "layer": "red_roads" }, "geometry": { "type": "LineString", "coordinates": [ [ 1623.0, 298.0 ], [ 1624.0, 299.0 ] ] } },
{ "type": "Feature", "properties": { "layer": "red_roads" }, "geometry": { "type": "LineString", "coordinates": [ [ 1623.0, 298.0 ], [ 1624.0, 297.0 ] ] } },
{ "type": "Feature", "properties": { "layer": "red_roads" }, "geometry": { "type": "LineString", "coordinates": [ [ 1623.0, 615.0 ], [ 1624.0, 615.0 ] ] } },
{ "type": "Feature", "properties": { "layer": "red_roads" }, "geometry": { "type": "LineString", "coordinates": [ [ 1623.0, 615.0 ], [ 1624.0, 616.0 ] ] } },
{ "type": "Feature", "properties": { "layer": "red_roads" }, "geometry": { "type": "LineString", "coordinates": [ [ 1623.0, 615.0 ], [ 1624.0, 614.0 ] ] } },
{ "type": "Feature", "properties": { "layer": "red_roads" }, "geometry": { "type": "LineString", "coordinates": [ [ 1623.0, 644.0 ], [ 1626.0, 644.0 ] ] } },
{ "type": "Feature", "properties": { "layer": "red_roads" }, "geometry": { "type": "LineString", "coordinates": [ [ 1624.0, 258.0 ], [ 1624.0, 259.0 ] ] } },
{ "type": "Feature", "properties": { "layer": "red_roads" }, "geometry": { "type": "LineString", "coordinates": [ [ 1624.0, 258.0 ], [ 1629.0, 257.0 ] ] } },
{ "type": "Feature", "properties": { "layer": "red_roads" }, "geometry": { "type": "LineString", "coordinates": [ [ 1624.0, 259.0 ], [ 1624.0, 266.0 ] ] } },
{ "type": "Feature", "properties": { "layer": "red_roads" }, "geometry": { "type": "LineString", "coordinates": [ [ 1624.0, 266.0 ], [ 1625.0, 267.0 ] ] } },
{ "type": "Feature", "properties": { "layer": "red_roads" }, "geometry": { "type": "LineString", "coordinates": [ [ 1624.0, 266.0 ], [ 1624.0, 267.0 ] ] } },
{ "type": "Feature", "properties": { "layer": "red_roads" }, "geometry": { "type": "LineString", "coordinates": [ [ 1624.0, 267.0 ], [ 1625.0, 267.0 ] ] } },
{ "type": "Feature", "properties": { "layer": "red_roads" }, "geometry": { "type": "LineString", "coordinates": [ [ 1624.0, 297.0 ], [ 1624.0, 298.0 ] ] } },
{ "type": "Feature", "properties": { "layer": "red_roads" }, "geometry": { "type": "LineString", "coordinates": [ [ 1624.0, 297.0 ], [ 1629.0, 291.0 ] ] } },
{ "type": "Feature", "properties": { "layer": "red_roads" }, "geometry": { "type": "LineString", "coordinates": [ [ 1624.0, 298.0 ], [ 1624.0, 299.0 ] ] } },
{ "type": "Feature", "properties": { "layer": "red_roads" }, "geometry": { "type": "LineString", "coordinates": [ [ 1624.0, 299.0 ], [ 1627.0, 301.0 ] ] } },
{ "type": "Feature", "properties": { "layer": "red_roads" }, "geometry": { "type": "LineString", "coordinates": [ [ 1624.0, 441.0 ], [ 1625.0, 441.0 ] ] } },
{ "type": "Feature", "properties": { "layer": "red_roads" }, "geometry": { "type": "LineString", "coordinates": [ [ 1624.0, 441.0 ], [ 1625.0, 440.0 ] ] } },
{ "type": "Feature", "properties": { "layer": "red_roads" }, "geometry": { "type": "LineString", "coordinates": [ [ 1624.0, 614.0 ], [ 1624.0, 615.0 ] ] } },
{ "type": "Feature", "properties": { "layer": "red_roads" }, "geometry": { "type": "LineString", "coordinates": [ [ 1624.0, 614.0 ], [ 1629.0, 609.0 ] ] } },
{ "type": "Feature", "properties": { "layer": "red_roads" }, "geometry": { "type": "LineString", "coordinates": [ [ 1624.0, 615.0 ], [ 1624.0, 616.0 ] ] } },
{ "type": "Feature", "properties": { "layer": "red_roads" }, "geometry": { "type": "LineString", "coordinates": [ [ 1624.0, 616.0 ], [ 1625.0, 617.0 ] ] } },
{ "type": "Feature", "properties": { "layer": "red_roads" }, "geometry": { "type": "LineString", "coordinates": [ [ 1624.0, 616.0 ], [ 1624.0, 617.0 ] ] } },
{ "type": "Feature", "properties": { "layer": "red_roads" }, "geometry": { "type": "LineString", "coordinates": [ [ 1624.0, 617.0 ], [ 1625.0, 617.0 ] ] } },
{ "type": "Feature", "properties": { "layer": "red_roads" }, "geometry": { "type": "LineString", "coordinates": [ [ 1624.0, 617.0 ], [ 1624.0, 618.0 ] ] } },
{ "type": "Feature", "properties": { "layer": "red_roads" }, "geometry": { "type": "LineString", "coordinates": [ [ 1624.0, 618.0 ], [ 1626.0, 630.0 ] ] } },
{ "type": "Feature", "properties": { "layer": "red_roads" }, "geometry": { "type": "LineString", "coordinates": [ [ 1624.0, 618.0 ], [ 1625.0, 617.0 ] ] } },
{ "type": "Feature", "properties": { "layer": "red_roads" }, "geometry": { "type": "LineString", "coordinates": [ [ 1624.0, 637.0 ], [ 1626.0, 634.0 ] ] } },
{ "type": "Feature", "properties": { "layer": "red_roads" }, "geometry": { "type": "LineString", "coordinates": [ [ 1624.0, 654.0 ], [ 1625.0, 654.0 ] ] } },
{ "type": "Feature", "properties": { "layer": "red_roads" }, "geometry": { "type": "LineString", "coordinates": [ [ 1624.0, 654.0 ], [ 1625.0, 653.0 ] ] } },
{ "type": "Feature", "properties": { "layer": "red_roads" }, "geometry": { "type": "LineString", "coordinates": [ [ 1625.0, 267.0 ], [ 1636.0, 268.0 ] ] } },
{ "type": "Feature", "properties": { "layer": "red_roads" }, "geometry": { "type": "LineString", "coordinates": [ [ 1625.0, 440.0 ], [ 1625.0, 441.0 ] ] } },
{ "type": "Feature", "properties": { "layer": "red_roads" }, "geometry": { "type": "LineString", "coordinates": [ [ 1625.0, 440.0 ], [ 1629.0, 434.0 ] ] } },
{ "type": "Feature", "properties": { "layer": "red_roads" }, "geometry": { "type": "LineString", "coordinates": [ [ 1625.0, 441.0 ], [ 1626.0, 445.0 ] ] } },
{ "type": "Feature", "properties": { "layer": "red_roads" }, "geometry": { "type": "LineString", "coordinates": [ [ 1625.0, 446.0 ], [ 1626.0, 446.0 ] ] } },
{ "type": "Feature", "properties": { "layer": "red_roads" }, "geometry": { "type": "LineString", "coordinates": [ [ 1625.0, 446.0 ], [ 1626.0, 445.0 ] ] } },
{ "type": "Feature", "properties": { "layer": "red_roads" }, "geometry": { "type": "LineString", "coordinates": [ [ 1625.0, 582.0 ], [ 1625.0, 578.0 ], [ 1629.0, 574.0 ] ] } },
{ "type": "Feature", "properties": { "layer": "red_roads" }, "geometry": { "type": "LineString", "coordinates": [ [ 1625.0, 617.0 ], [ 1630.0, 618.0 ] ] } },
{ "type": "Feature", "properties": { "layer": "red_roads" }, "geometry": { "type": "LineString", "coordinates": [ [ 1625.0, 631.0 ], [ 1626.0, 631.0 ] ] } },
{ "type": "Feature", "properties": { "layer": "red_roads" }, "geometry": { "type": "LineString", "coordinates": [ [ 1625.0, 631.0 ], [ 1626.0, 630.0 ] ] } },
{ "type": "Feature", "properties": { "layer": "red_roads" }, "geometry": { "type": "LineString", "coordinates": [ [ 1625.0, 651.0 ], [ 1626.0, 652.0 ] ] } },
{ "type": "Feature", "properties": { "layer": "red_roads" }, "geometry": { "type": "LineString", "coordinates": [ [ 1625.0, 651.0 ], [ 1625.0, 652.0 ] ] } },
{ "type": "Feature", "properties": { "layer": "red_roads" }, "geometry": { "type": "LineString", "coordinates": [ [ 1625.0, 652.0 ], [ 1626.0, 652.0 ] ] } },
{ "type": "Feature", "properties": { "layer": "red_roads" }, "geometry": { "type": "LineString", "coordinates": [ [ 1625.0, 652.0 ], [ 1625.0, 653.0 ] ] } },
{ "type": "Feature", "properties": { "layer": "red_roads" }, "geometry": { "type": "LineString", "coordinates": [ [ 1625.0, 653.0 ], [ 1625.0, 654.0 ] ] } },
{ "type": "Feature", "properties": { "layer": "red_roads" }, "geometry": { "type": "LineString", "coordinates": [ [ 1625.0, 653.0 ], [ 1626.0, 652.0 ] ] } },
{ "type": "Feature", "properties": { "layer": "red_roads" }, "geometry": { "type": "LineString", "coordinates": [ [ 1625.0, 654.0 ], [ 1627.0, 660.0 ] ] } },
{ "type": "Feature", "properties": { "layer": "red_roads" }, "geometry": { "type": "LineString", "coordinates": [ [ 1626.0, 445.0 ], [ 1626.0, 446.0 ] ] } },
{ "type": "Feature", "properties": { "layer": "red_roads" }, "geometry": { "type": "LineString", "coordinates": [ [ 1626.0, 446.0 ], [ 1629.0, 450.0 ] ] } },
{ "type": "Feature", "properties": { "layer": "red_roads" }, "geometry": { "type": "LineString", "coordinates": [ [ 1626.0, 630.0 ], [ 1627.0, 630.0 ] ] } },
{ "type": "Feature", "properties": { "layer": "red_roads" }, "geometry": { "type": "LineString", "coordinates": [ [ 1626.0, 630.0 ], [ 1626.5, 630.5 ] ] } },
{ "type": "Feature", "properties": { "layer": "red_roads" }, "geometry": { "type": "LineString", "coordinates": [ [ 1626.0, 630.0 ], [ 1626.0, 631.0 ] ] } },
{ "type": "Feature", "properties": { "layer": "red_roads" }, "geometry": { "type": "LineString", "coordinates": [ [ 1626.0, 631.0 ], [ 1627.0, 631.0 ] ] } },
{ "type": "Feature", "properties": { "layer": "red_roads" }, "geometry": { "type": "LineString", "coordinates": [ [ 1626.0, 631.0 ], [ 1627.0, 632.0 ] ] } },
{ "type": "Feature", "properties": { "layer": "red_roads" }, "geometry": { "type": "LineString", "coordinates": [ [ 1626.0, 631.0 ], [ 1626.5, 630.5 ] ] } },
{ "type": "Feature", "properties": { "layer": "red_roads" }, "geometry": { "type": "LineString", "coordinates": [ [ 1626.0, 634.0 ], [ 1627.0, 634.0 ] ] } },
{ "type": "Feature", "properties": { "layer": "red_roads" }, "geometry": { "type": "LineString", "coordinates": [ [ 1626.0, 634.0 ], [ 1627.0, 633.0 ] ] } },
{ "type": "Feature", "properties": { "layer": "red_roads" }, "geometry": { "type": "LineString", "coordinates": [ [ 1626.0, 652.0 ], [ 1630.0, 651.0 ], [ 1632.0, 648.0 ] ] } },
{ "type": "Feature", "properties": { "layer": "red_roads" }, "geometry": { "type": "LineString", "coordinates": [ [ 1626.5, 630.5 ], [ 1627.0, 631.0 ] ] } },
{ "type": "Feature", "properties": { "layer": "red_roads" }, "geometry": { "type": "LineString", "coordinates": [ [ 1626.5, 630.5 ], [ 1627.0, 630.0 ] ] } },
{ "type": "Feature", "properties": { "layer": "red_roads" }, "geometry": { "type": "LineString", "coordinates": [ [ 1627.0, 246.0 ], [ 1628.0, 242.0 ], [ 1632.0, 238.0 ] ] } },
{ "type": "Feature", "properties": { "layer": "red_roads" }, "geometry": { "type": "LineString", "coordinates": [ [ 1627.0, 279.0 ], [ 1631.0, 282.0 ] ] } },
{ "type": "Feature", "properties": { "layer": "red_roads" }, "geometry": { "type": "LineString", "coordinates": [ [ 1627.0, 287.0 ], [ 1629.0, 289.0 ] ] } },
{ "type": "Feature", "properties": { "layer": "red_roads" }, "geometry": { "type": "LineString", "coordinates": [ [ 1627.0, 630.0 ], [ 1628.0, 630.0 ] ] } },
{ "type": "Feature", "properties": { "layer": "red_roads" }, "geometry": { "type": "LineString", "coordinates": [ [ 1627.0, 630.0 ], [ 1627.0, 631.0 ] ] } },
{ "type": "Feature", "properties": { "layer": "red_roads" }, "geometry": { "type": "LineString", "coordinates": [ [ 1627.0, 631.0 ], [ 1627.0, 632.0 ] ] } },
{ "type": "Feature", "properties": { "layer": "red_roads" }, "geometry": { "type": "LineString", "coordinates": [ [ 1627.0, 631.0 ], [ 1628.0, 630.0 ] ] } },
{ "type": "Feature", "properties": { "layer": "red_roads" }, "geometry": { "type": "LineString", "coordinates": [ [ 1627.0, 632.0 ], [ 1627.0, 633.0 ] ] } },
{ "type": "Feature", "properties": { "layer": "red_roads" }, "geometry": { "type": "LineString", "coordinates": [ [ 1627.0, 633.0 ], [ 1627.0, 634.0 ] ] } },
{ "type": "Feature", "properties": { "layer": "red_roads" }, "geometry": { "type": "LineString", "coordinates": [ [ 1627.0, 634.0 ], [ 1630.0, 640.0 ] ] } },
{ "type": "Feature", "properties": { "layer": "red_roads" }, "geometry": { "type": "LineString", "coordinates": [ [ 1627.0, 660.0 ], [ 1628.0, 660.0 ] ] } },
{ "type": "Feature", "properties": { "layer": "red_roads" }, "geometry": { "type": "LineString", "coordinates": [ [ 1627.0, 660.0 ], [ 1627.0, 661.0 ] ] } },
{ "type": "Feature", "properties": { "layer": "red_roads" }, "geometry": { "type": "LineString", "coordinates": [ [ 1627.0, 661.0 ], [ 1627.0, 665.0 ], [ 1631.0, 667.0 ] ] } },
{ "type": "Feature", "properties": { "layer": "red_roads" }, "geometry": { "type": "LineString", "coordinates": [ [ 1627.0, 661.0 ], [ 1628.0, 660.0 ] ] } },
{ "type": "Feature", "properties": { "layer": "red_roads" }, "geometry": { "type": "LineString", "coordinates": [ [ 1627.0, 853.0 ], [ 1630.0, 859.0 ], [ 1629.0, 862.0 ] ] } },
{ "type": "Feature", "properties": { "layer": "red_roads" }, "geometry": { "type": "LineString", "coordinates": [ [ 1628.0, 567.0 ], [ 1629.0, 567.0 ] ] } },
{ "type": "Feature", "properties": { "layer": "red_roads" }, "geometry": { "type": "LineString", "coordinates": [ [ 1628.0, 567.0 ], [ 1629.0, 568.0 ] ] } },
{ "type": "Feature", "properties": { "layer": "red_roads" }, "geometry": { "type": "LineString", "coordinates": [ [ 1628.0, 567.0 ], [ 1629.0, 566.0 ] ] } },
{ "type": "Feature", "properties": { "layer": "red_roads" }, "geometry": { "type": "LineString", "coordinates": [ [ 1628.0, 630.0 ], [ 1631.0, 628.0 ], [ 1635.0, 628.0 ] ] } },
{ "type": "Feature", "properties": { "layer": "red_roads" }, "geometry": { "type": "LineString", "coordinates": [ [ 1628.0, 660.0 ], [ 1633.0, 659.0 ] ] } },
{ "type": "Feature", "properties": { "layer": "red_roads" }, "geometry": { "type": "LineString", "coordinates": [ [ 1629.0, 257.0 ], [ 1630.0, 257.0 ] ] } },
{ "type": "Feature", "properties": { "layer": "red_roads" }, "geometry": { "type": "LineString", "coordinates": [ [ 1629.0, 257.0 ], [ 1630.0, 258.0 ] ] } },
{ "type": "Feature", "properties": { "layer": "red_roads" }, "geometry": { "type": "LineString", "coordinates": [ [ 1629.0, 289.0 ], [ 1630.0, 289.0 ] ] } },
{ "type": "Feature", "properties": { "layer": "red_roads" }, "geometry": { "type": "LineString", "coordinates": [ [ 1629.0, 289.0 ], [ 1630.0, 290.0 ] ] } },
{ "type": "Feature", "properties": { "layer": "red_roads" }, "geometry": { "type": "LineString", "coordinates": [ [ 1629.0, 289.0 ], [ 1630.0, 288.0 ] ] } },
{ "type": "Feature", "properties": { "layer": "red_roads" }, "geometry": { "type": "LineString", "coordinates": [ [ 1629.0, 291.0 ], [ 1630.0, 291.0 ] ] } },
{ "type": "Feature", "properties": { "layer": "red_roads" }, "geometry": { "type": "LineString", "coordinates": [ [ 1629.0, 291.0 ], [ 1630.0, 290.0 ] ] } },
{ "type": "Feature", "properties": { "layer": "red_roads" }, "geometry": { "type": "LineString", "coordinates": [ [ 1629.0, 434.0 ], [ 1635.0, 432.0 ], [ 1638.0, 435.0 ], [ 1643.0, 435.0 ] ] } },
{ "type": "Feature", "properties": { "layer": "red_roads" }, "geometry": { "type": "LineString", "coordinates": [ [ 1629.0, 450.0 ], [ 1630.0, 450.0 ] ] } },
{ "type": "Feature", "properties": { "layer": "red_roads" }, "geometry": { "type": "LineString", "coordinates": [ [ 1629.0, 450.0 ], [ 1629.0, 451.0 ] ] } },
{ "type": "Feature", "properties": { "layer": "red_roads" }, "geometry": { "type": "LineString", "coordinates": [ [ 1629.0, 451.0 ], [ 1629.0, 455.0 ] ] } },
{ "type": "Feature", "properties": { "layer": "red_roads" }, "geometry": { "type": "LineString", "coordinates": [ [ 1629.0, 451.0 ], [ 1630.0, 450.0 ] ] } },
{ "type": "Feature", "properties": { "layer": "red_roads" }, "geometry": { "type": "LineString", "coordinates": [ [ 1629.0, 563.0 ], [ 1629.0, 566.0 ] ] } },
{ "type": "Feature", "properties": { "layer": "red_roads" }, "geometry": { "type": "LineString", "coordinates": [ [ 1629.0, 563.0 ], [ 1634.0, 557.0 ] ] } },
{ "type": "Feature", "properties": { "layer": "red_roads" }, "geometry": { "type": "LineString", "coordinates": [ [ 1629.0, 566.0 ], [ 1629.0, 567.0 ] ] } },
{ "type": "Feature", "properties": { "layer": "red_roads" }, "geometry": { "type": "LineString", "coordinates": [ [ 1629.0, 567.0 ], [ 1629.0, 568.0 ] ] } },
{ "type": "Feature", "properties": { "layer": "red_roads" }, "geometry": { "type": "LineString", "coordinates": [ [ 1629.0, 568.0 ], [ 1629.0, 572.0 ] ] } },
{ "type": "Feature", "properties": { "layer": "red_roads" }, "geometry": { "type": "LineString", "coordinates": [ [ 1629.0, 572.0 ], [ 1630.0, 573.0 ] ] } },
{ "type": "Feature", "properties": { "layer": "red_roads" }, "geometry": { "type": "LineString", "coordinates": [ [ 1629.0, 572.0 ], [ 1629.0, 573.0 ] ] } },
{ "type": "Feature", "properties": { "layer": "red_roads" }, "geometry": { "type": "LineString", "coordinates": [ [ 1629.0, 573.0 ], [ 1630.0, 573.0 ] ] } },
{ "type": "Feature", "properties": { "layer": "red_roads" }, "geometry": { "type": "LineString", "coordinates": [ [ 1629.0, 573.0 ], [ 1629.0, 574.0 ] ] } },
{ "type": "Feature", "properties": { "layer": "red_roads" }, "geometry": { "type": "LineString", "coordinates": [ [ 1629.0, 574.0 ], [ 1630.0, 573.0 ] ] } },
{ "type": "Feature", "properties": { "layer": "red_roads" }, "geometry": { "type": "LineString", "coordinates": [ [ 1629.0, 679.0 ], [ 1630.0, 683.0 ] ] } },
{ "type": "Feature", "properties": { "layer": "red_roads" }, "geometry": { "type": "LineString", "coordinates": [ [ 1629.0, 684.0 ], [ 1630.0, 684.0 ] ] } },
{ "type": "Feature", "properties": { "layer": "red_roads" }, "geometry": { "type": "LineString", "coordinates": [ [ 1629.0, 684.0 ], [ 1630.0, 683.0 ] ] } },
{ "type": "Feature", "properties": { "layer": "red_roads" }, "geometry": { "type": "LineString", "coordinates": [ [ 1630.0, 257.0 ], [ 1631.0, 257.0 ] ] } },
{ "type": "Feature", "properties": { "layer": "red_roads" }, "geometry": { "type": "LineString", "coordinates": [ [ 1630.0, 257.0 ], [ 1630.0, 258.0 ] ] } },
{ "type": "Feature", "properties": { "layer": "red_roads" }, "geometry": { "type": "LineString", "coordinates": [ [ 1630.0, 258.0 ], [ 1631.0, 261.0 ] ] } },
{ "type": "Feature", "properties": { "layer": "red_roads" }, "geometry": { "type": "LineString", "coordinates": [ [ 1630.0, 258.0 ], [ 1631.0, 257.0 ] ] } },
{ "type": "Feature", "properties": { "layer": "red_roads" }, "geometry": { "type": "LineString", "coordinates": [ [ 1630.0, 288.0 ], [ 1630.0, 289.0 ] ] } },
{ "type": "Feature", "properties": { "layer": "red_roads" }, "geometry": { "type": "LineString", "coordinates": [ [ 1631.0, 283.0 ], [ 1630.0, 288.0 ] ] } },
{ "type": "Feature", "properties": { "layer": "red_roads" }, "geometry": { "type": "LineString", "coordinates": [ [ 1630.0, 289.0 ], [ 1630.0, 290.0 ] ] } },
{ "type": "Feature", "properties": { "layer": "red_roads" }, "geometry": { "type": "LineString", "coordinates": [ [ 1630.0, 290.0 ], [ 1631.0, 291.0 ] ] } },
{ "type": "Feature", "properties": { "layer": "red_roads" }, "geometry": { "type": "LineString", "coordinates": [ [ 1630.0, 290.0 ], [ 1630.0, 291.0 ] ] } },
{ "type": "Feature", "properties": { "layer": "red_roads" }, "geometry": { "type": "LineString", "coordinates": [ [ 1630.0, 291.0 ], [ 1631.0, 291.0 ] ] } },
{ "type": "Feature", "properties": { "layer": "red_roads" }, "geometry": { "type": "LineString", "coordinates": [ [ 1630.0, 450.0 ], [ 1635.0, 448.0 ], [ 1637.0, 445.0 ] ] } },
{ "type": "Feature", "properties": { "layer": "red_roads" }, "geometry": { "type": "LineString", "coordinates": [ [ 1630.0, 501.0 ], [ 1631.0, 502.0 ] ] } },
{ "type": "Feature", "properties": { "layer": "red_roads" }, "geometry": { "type": "LineString", "coordinates": [ [ 1630.0, 573.0 ], [ 1637.0, 575.0 ] ] } },
{ "type": "Feature", "properties": { "layer": "red_roads" }, "geometry": { "type": "LineString", "coordinates": [ [ 1630.0, 618.0 ], [ 1632.0, 620.0 ] ] } },
{ "type": "Feature", "properties": { "layer": "red_roads" }, "geometry": { "type": "LineString", "coordinates": [ [ 1630.0, 618.0 ], [ 1636.0, 613.0 ] ] } },
{ "type": "Feature", "properties": { "layer": "red_roads" }, "geometry": { "type": "LineString", "coordinates": [ [ 1630.0, 670.0 ], [ 1631.0, 670.0 ] ] } },
{ "type": "Feature", "properties": { "layer": "red_roads" }, "geometry": { "type": "LineString", "coordinates": [ [ 1630.0, 683.0 ], [ 1630.0, 684.0 ] ] } },
{ "type": "Feature", "properties": { "layer": "red_roads" }, "geometry": { "type": "LineString", "coordinates": [ [ 1630.0, 684.0 ], [ 1632.0, 688.0 ] ] } },
{ "type": "Feature", "properties": { "layer": "red_roads" }, "geometry": { "type": "LineString", "coordinates": [ [ 1632.0, 690.0 ], [ 1630.0, 696.0 ] ] } },
{ "type": "Feature", "properties": { "layer": "red_roads" }, "geometry": { "type": "LineString", "coordinates": [ [ 1631.0, 235.0 ], [ 1632.0, 237.0 ] ] } },
{ "type": "Feature", "properties": { "layer": "red_roads" }, "geometry": { "type": "LineString", "coordinates": [ [ 1631.0, 257.0 ], [ 1635.0, 257.0 ], [ 1638.0, 255.0 ] ] } },
{ "type": "Feature", "properties": { "layer": "red_roads" }, "geometry": { "type": "LineString", "coordinates": [ [ 1631.0, 282.0 ], [ 1632.0, 282.0 ] ] } },
{ "type": "Feature", "properties": { "layer": "red_roads" }, "geometry": { "type": "LineString", "coordinates": [ [ 1631.0, 282.0 ], [ 1631.0, 283.0 ] ] } },
{ "type": "Feature", "properties": { "layer": "red_roads" }, "geometry": { "type": "LineString", "coordinates": [ [ 1631.0, 283.0 ], [ 1632.0, 282.0 ] ] } },
{ "type": "Feature", "properties": { "layer": "red_roads" }, "geometry": { "type": "LineString", "coordinates": [ [ 1631.0, 291.0 ], [ 1641.0, 293.0 ] ] } },
{ "type": "Feature", "properties": { "layer": "red_roads" }, "geometry": { "type": "LineString", "coordinates": [ [ 1631.0, 307.0 ], [ 1633.0, 310.0 ], [ 1639.0, 312.0 ] ] } },
{ "type": "Feature", "properties": { "layer": "red_roads" }, "geometry": { "type": "LineString", "coordinates": [ [ 1631.0, 502.0 ], [ 1632.0, 502.0 ] ] } },
{ "type": "Feature", "properties": { "layer": "red_roads" }, "geometry": { "type": "LineString", "coordinates": [ [ 1631.0, 502.0 ], [ 1632.0, 503.0 ] ] } },
{ "type": "Feature", "properties": { "layer": "red_roads" }, "geometry": { "type": "LineString", "coordinates": [ [ 1631.0, 509.0 ], [ 1632.0, 509.0 ] ] } },
{ "type": "Feature", "properties": { "layer": "red_roads" }, "geometry": { "type": "LineString", "coordinates": [ [ 1631.0, 509.0 ], [ 1631.0, 510.0 ] ] } },
{ "type": "Feature", "properties": { "layer": "red_roads" }, "geometry": { "type": "LineString", "coordinates": [ [ 1631.0, 509.0 ], [ 1632.0, 508.0 ] ] } },
{ "type": "Feature", "properties": { "layer": "red_roads" }, "geometry": { "type": "LineString", "coordinates": [ [ 1631.0, 510.0 ], [ 1632.0, 519.0 ] ] } },
{ "type": "Feature", "properties": { "layer": "red_roads" }, "geometry": { "type": "LineString", "coordinates": [ [ 1631.0, 510.0 ], [ 1632.0, 509.0 ] ] } },
{ "type": "Feature", "properties": { "layer": "red_roads" }, "geometry": { "type": "LineString", "coordinates": [ [ 1631.0, 667.0 ], [ 1632.0, 667.0 ] ] } },
{ "type": "Feature", "properties": { "layer": "red_roads" }, "geometry": { "type": "LineString", "coordinates": [ [ 1631.0, 667.0 ], [ 1632.0, 668.0 ] ] } },
{ "type": "Feature", "properties": { "layer": "red_roads" }, "geometry": { "type": "LineString", "coordinates": [ [ 1631.0, 667.0 ], [ 1632.0, 666.0 ] ] } },
{ "type": "Feature", "properties": { "layer": "red_roads" }, "geometry": { "type": "LineString", "coordinates": [ [ 1631.0, 670.0 ], [ 1632.0, 670.0 ] ] } },
{ "type": "Feature", "properties": { "layer": "red_roads" }, "geometry": { "type": "LineString", "coordinates": [ [ 1631.0, 670.0 ], [ 1632.0, 669.0 ] ] } },
{ "type": "Feature", "properties": { "layer": "red_roads" }, "geometry": { "type": "LineString", "coordinates": [ [ 1632.0, 224.0 ], [ 1631.0, 225.0 ], [ 1636.0, 229.0 ] ] } },
{ "type": "Feature", "properties": { "layer": "red_roads" }, "geometry": { "type": "LineString", "coordinates": [ [ 1632.0, 237.0 ], [ 1633.0, 238.0 ] ] } },
{ "type": "Feature", "properties": { "layer": "red_roads" }, "geometry": { "type": "LineString", "coordinates": [ [ 1632.0, 237.0 ], [ 1632.0, 238.0 ] ] } },
{ "type": "Feature", "properties": { "layer": "red_roads" }, "geometry": { "type": "LineString", "coordinates": [ [ 1632.0, 238.0 ], [ 1633.0, 238.0 ] ] } },
{ "type": "Feature", "properties": { "layer": "red_roads" }, "geometry": { "type": "LineString", "coordinates": [ [ 1632.0, 282.0 ], [ 1643.0, 286.0 ], [ 1646.0, 286.0 ], [ 1648.0, 284.0 ] ] } },
{ "type": "Feature", "properties": { "layer": "red_roads" }, "geometry": { "type": "LineString", "coordinates": [ [ 1632.0, 502.0 ], [ 1633.0, 502.0 ] ] } },
{ "type": "Feature", "properties": { "layer": "red_roads" }, "geometry": { "type": "LineString", "coordinates": [ [ 1632.0, 502.0 ], [ 1632.0, 503.0 ] ] } },
{ "type": "Feature", "properties": { "layer": "red_roads" }, "geometry": { "type": "LineString", "coordinates": [ [ 1632.0, 503.0 ], [ 1632.0, 508.0 ] ] } },
{ "type": "Feature", "properties": { "layer": "red_roads" }, "geometry": { "type": "LineString", "coordinates": [ [ 1632.0, 503.0 ], [ 1633.0, 502.0 ] ] } },
{ "type": "Feature", "properties": { "layer": "red_roads" }, "geometry": { "type": "LineString", "coordinates": [ [ 1632.0, 508.0 ], [ 1632.0, 509.0 ] ] } },
{ "type": "Feature", "properties": { "layer": "red_roads" }, "geometry": { "type": "LineString", "coordinates": [ [ 1632.0, 509.0 ], [ 1639.0, 514.0 ], [ 1639.0, 520.0 ] ] } },
{ "type": "Feature", "properties": { "layer": "red_roads" }, "geometry": { "type": "LineString", "coordinates": [ [ 1632.0, 519.0 ], [ 1633.0, 520.0 ] ] } },
{ "type": "Feature", "properties": { "layer": "red_roads" }, "geometry": { "type": "LineString", "coordinates": [ [ 1632.0, 519.0 ], [ 1632.0, 520.0 ] ] } },
{ "type": "Feature", "properties": { "layer": "red_roads" }, "geometry": { "type": "LineString", "coordinates": [ [ 1632.0, 520.0 ], [ 1633.0, 520.0 ] ] } },
{ "type": "Feature", "properties": { "layer": "red_roads" }, "geometry": { "type": "LineString", "coordinates": [ [ 1632.0, 520.0 ], [ 1630.0, 524.0 ], [ 1637.0, 531.0 ] ] } },
{ "type": "Feature", "properties": { "layer": "red_roads" }, "geometry": { "type": "LineString", "coordinates": [ [ 1632.0, 596.0 ], [ 1633.0, 596.0 ] ] } },
{ "type": "Feature", "properties": { "layer": "red_roads" }, "geometry": { "type": "LineString", "coordinates": [ [ 1632.0, 596.0 ], [ 1633.0, 597.0 ] ] } },
{ "type": "Feature", "properties": { "layer": "red_roads" }, "geometry": { "type": "LineString", "coordinates": [ [ 1632.0, 666.0 ], [ 1632.0, 667.0 ] ] } },
{ "type": "Feature", "properties": { "layer": "red_roads" }, "geometry": { "type": "LineString", "coordinates": [ [ 1634.0, 660.0 ], [ 1634.0, 664.0 ], [ 1632.0, 666.0 ] ] } },
{ "type": "Feature", "properties": { "layer": "red_roads" }, "geometry": { "type": "LineString", "coordinates": [ [ 1632.0, 667.0 ], [ 1632.0, 668.0 ] ] } },
{ "type": "Feature", "properties": { "layer": "red_roads" }, "geometry": { "type": "LineString", "coordinates": [ [ 1632.0, 668.0 ], [ 1633.0, 669.0 ] ] } },
{ "type": "Feature", "properties": { "layer": "red_roads" }, "geometry": { "type": "LineString", "coordinates": [ [ 1632.0, 668.0 ], [ 1632.0, 669.0 ] ] } },
{ "type": "Feature", "properties": { "layer": "red_roads" }, "geometry": { "type": "LineString", "coordinates": [ [ 1632.0, 669.0 ], [ 1633.0, 669.0 ] ] } },
{ "type": "Feature", "properties": { "layer": "red_roads" }, "geometry": { "type": "LineString", "coordinates": [ [ 1632.0, 669.0 ], [ 1632.0, 670.0 ] ] } },
{ "type": "Feature", "properties": { "layer": "red_roads" }, "geometry": { "type": "LineString", "coordinates": [ [ 1632.0, 670.0 ], [ 1635.0, 676.0 ] ] } },
{ "type": "Feature", "properties": { "layer": "red_roads" }, "geometry": { "type": "LineString", "coordinates": [ [ 1632.0, 670.0 ], [ 1633.0, 669.0 ] ] } },
{ "type": "Feature", "properties": { "layer": "red_roads" }, "geometry": { "type": "LineString", "coordinates": [ [ 1632.0, 688.0 ], [ 1633.0, 689.0 ] ] } },
{ "type": "Feature", "properties": { "layer": "red_roads" }, "geometry": { "type": "LineString", "coordinates": [ [ 1632.0, 688.0 ], [ 1632.0, 689.0 ] ] } },
{ "type": "Feature", "properties": { "layer": "red_roads" }, "geometry": { "type": "LineString", "coordinates": [ [ 1632.0, 689.0 ], [ 1633.0, 689.0 ] ] } },
{ "type": "Feature", "properties": { "layer": "red_roads" }, "geometry": { "type": "LineString", "coordinates": [ [ 1632.0, 689.0 ], [ 1632.0, 690.0 ] ] } },
{ "type": "Feature", "properties": { "layer": "red_roads" }, "geometry": { "type": "LineString", "coordinates": [ [ 1632.0, 690.0 ], [ 1633.0, 689.0 ] ] } },
{ "type": "Feature", "properties": { "layer": "red_roads" }, "geometry": { "type": "LineString", "coordinates": [ [ 1632.0, 831.0 ], [ 1634.0, 841.0 ] ] } },
{ "type": "Feature", "properties": { "layer": "red_roads" }, "geometry": { "type": "LineString", "coordinates": [ [ 1633.0, 238.0 ], [ 1636.0, 238.0 ] ] } },
{ "type": "Feature", "properties": { "layer": "red_roads" }, "geometry": { "type": "LineString", "coordinates": [ [ 1633.0, 502.0 ], [ 1638.0, 498.0 ] ] } },
{ "type": "Feature", "properties": { "layer": "red_roads" }, "geometry": { "type": "LineString", "coordinates": [ [ 1633.0, 520.0 ], [ 1638.0, 521.0 ] ] } },
{ "type": "Feature", "properties": { "layer": "red_roads" }, "geometry": { "type": "LineString", "coordinates": [ [ 1633.0, 596.0 ], [ 1634.0, 596.0 ] ] } },
{ "type": "Feature", "properties": { "layer": "red_roads" }, "geometry": { "type": "LineString", "coordinates": [ [ 1633.0, 596.0 ], [ 1633.0, 597.0 ] ] } },
{ "type": "Feature", "properties": { "layer": "red_roads" }, "geometry": { "type": "LineString", "coordinates": [ [ 1633.0, 597.0 ], [ 1633.0, 600.0 ] ] } },
{ "type": "Feature", "properties": { "layer": "red_roads" }, "geometry": { "type": "LineString", "coordinates": [ [ 1633.0, 597.0 ], [ 1634.0, 596.0 ] ] } },
{ "type": "Feature", "properties": { "layer": "red_roads" }, "geometry": { "type": "LineString", "coordinates": [ [ 1633.0, 609.0 ], [ 1636.0, 609.0 ] ] } },
{ "type": "Feature", "properties": { "layer": "red_roads" }, "geometry": { "type": "LineString", "coordinates": [ [ 1633.0, 659.0 ], [ 1634.0, 659.0 ] ] } },
{ "type": "Feature", "properties": { "layer": "red_roads" }, "geometry": { "type": "LineString", "coordinates": [ [ 1633.0, 659.0 ], [ 1634.0, 660.0 ] ] } },
{ "type": "Feature", "properties": { "layer": "red_roads" }, "geometry": { "type": "LineString", "coordinates": [ [ 1633.0, 669.0 ], [ 1638.0, 669.0 ] ] } },
{ "type": "Feature", "properties": { "layer": "red_roads" }, "geometry": { "type": "LineString", "coordinates": [ [ 1633.0, 689.0 ], [ 1640.0, 691.0 ] ] } },
{ "type": "Feature", "properties": { "layer": "red_roads" }, "geometry": { "type": "LineString", "coordinates": [ [ 1634.0, 533.0 ], [ 1635.0, 533.0 ] ] } },
{ "type": "Feature", "properties": { "layer": "red_roads" }, "geometry": { "type": "LineString", "coordinates": [ [ 1634.0, 596.0 ], [ 1637.0, 596.0 ] ] } },
{ "type": "Feature", "properties": { "layer": "red_roads" }, "geometry": { "type": "LineString", "coordinates": [ [ 1634.0, 659.0 ], [ 1635.0, 659.0 ] ] } },
{ "type": "Feature", "properties": { "layer": "red_roads" }, "geometry": { "type": "LineString", "coordinates": [ [ 1634.0, 659.0 ], [ 1634.0, 660.0 ] ] } },
{ "type": "Feature", "properties": { "layer": "red_roads" }, "geometry": { "type": "LineString", "coordinates": [ [ 1634.0, 660.0 ], [ 1635.0, 659.0 ] ] } },
{ "type": "Feature", "properties": { "layer": "red_roads" }, "geometry": { "type": "LineString", "coordinates": [ [ 1634.0, 709.0 ], [ 1635.0, 709.0 ] ] } },
{ "type": "Feature", "properties": { "layer": "red_roads" }, "geometry": { "type": "LineString", "coordinates": [ [ 1634.0, 709.0 ], [ 1635.0, 710.0 ] ] } },
{ "type": "Feature", "properties": { "layer": "red_roads" }, "geometry": { "type": "LineString", "coordinates": [ [ 1634.0, 711.0 ], [ 1635.0, 710.0 ] ] } },
{ "type": "Feature", "properties": { "layer": "red_roads" }, "geometry": { "type": "LineString", "coordinates": [ [ 1635.0, 533.0 ], [ 1636.0, 533.0 ] ] } },
{ "type": "Feature", "properties": { "layer": "red_roads" }, "geometry": { "type": "LineString", "coordinates": [ [ 1635.0, 533.0 ], [ 1636.0, 534.0 ] ] } },
{ "type": "Feature", "properties": { "layer": "red_roads" }, "geometry": { "type": "LineString", "coordinates": [ [ 1635.0, 533.0 ], [ 1636.0, 532.0 ] ] } },
{ "type": "Feature", "properties": { "layer": "red_roads" }, "geometry": { "type": "LineString", "coordinates": [ [ 1635.0, 590.0 ], [ 1637.0, 592.0 ] ] } },
{ "type": "Feature", "properties": { "layer": "red_roads" }, "geometry": { "type": "LineString", "coordinates": [ [ 1635.0, 628.0 ], [ 1636.0, 628.0 ] ] } },
{ "type": "Feature", "properties": { "layer": "red_roads" }, "geometry": { "type": "LineString", "coordinates": [ [ 1635.0, 628.0 ], [ 1636.0, 629.0 ] ] } },
{ "type": "Feature", "properties": { "layer": "red_roads" }, "geometry": { "type": "LineString", "coordinates": [ [ 1635.0, 659.0 ], [ 1637.0, 654.0 ], [ 1639.0, 653.0 ] ] } },
{ "type": "Feature", "properties": { "layer": "red_roads" }, "geometry": { "type": "LineString", "coordinates": [ [ 1635.0, 709.0 ], [ 1636.0, 709.0 ] ] } },
{ "type": "Feature", "properties": { "layer": "red_roads" }, "geometry": { "type": "LineString", "coordinates": [ [ 1635.0, 709.0 ], [ 1635.0, 710.0 ] ] } },
{ "type": "Feature", "properties": { "layer": "red_roads" }, "geometry": { "type": "LineString", "coordinates": [ [ 1635.0, 710.0 ], [ 1636.0, 709.0 ] ] } },
{ "type": "Feature", "properties": { "layer": "red_roads" }, "geometry": { "type": "LineString", "coordinates": [ [ 1636.0, 229.0 ], [ 1637.0, 229.0 ] ] } },
{ "type": "Feature", "properties": { "layer": "red_roads" }, "geometry": { "type": "LineString", "coordinates": [ [ 1636.0, 229.0 ], [ 1637.0, 230.0 ] ] } },
{ "type": "Feature", "properties": { "layer": "red_roads" }, "geometry": { "type": "LineString", "coordinates": [ [ 1636.0, 238.0 ], [ 1637.0, 238.0 ] ] } },
{ "type": "Feature", "properties": { "layer": "red_roads" }, "geometry": { "type": "LineString", "coordinates": [ [ 1636.0, 238.0 ], [ 1637.0, 237.0 ] ] } },
{ "type": "Feature", "properties": { "layer": "red_roads" }, "geometry": { "type": "LineString", "coordinates": [ [ 1636.0, 268.0 ], [ 1637.0, 268.0 ] ] } },
{ "type": "Feature", "properties": { "layer": "red_roads" }, "geometry": { "type": "LineString", "coordinates": [ [ 1636.0, 268.0 ], [ 1637.0, 267.0 ] ] } },
{ "type": "Feature", "properties": { "layer": "red_roads" }, "geometry": { "type": "LineString", "coordinates": [ [ 1636.0, 303.0 ], [ 1638.0, 303.0 ] ] } },
{ "type": "Feature", "properties": { "layer": "red_roads" }, "geometry": { "type": "LineString", "coordinates": [ [ 1636.0, 495.0 ], [ 1638.0, 498.0 ] ] } },
{ "type": "Feature", "properties": { "layer": "red_roads" }, "geometry": { "type": "LineString", "coordinates": [ [ 1636.0, 532.0 ], [ 1636.0, 533.0 ] ] } },
{ "type": "Feature", "properties": { "layer": "red_roads" }, "geometry": { "type": "LineString", "coordinates": [ [ 1636.0, 532.0 ], [ 1637.0, 531.0 ] ] } },
{ "type": "Feature", "properties": { "layer": "red_roads" }, "geometry": { "type": "LineString", "coordinates": [ [ 1636.0, 533.0 ], [ 1636.0, 534.0 ] ] } },
{ "type": "Feature", "properties": { "layer": "red_roads" }, "geometry": { "type": "LineString", "coordinates": [ [ 1636.0, 534.0 ], [ 1636.0, 541.0 ], [ 1640.0, 547.0 ] ] } },
{ "type": "Feature", "properties": { "layer": "red_roads" }, "geometry": { "type": "LineString", "coordinates": [ [ 1636.0, 609.0 ], [ 1637.0, 609.0 ] ] } },
{ "type": "Feature", "properties": { "layer": "red_roads" }, "geometry": { "type": "LineString", "coordinates": [ [ 1636.0, 609.0 ], [ 1637.0, 610.0 ] ] } },
{ "type": "Feature", "properties": { "layer": "red_roads" }, "geometry": { "type": "LineString", "coordinates": [ [ 1636.0, 613.0 ], [ 1637.0, 613.0 ] ] } },
{ "type": "Feature", "properties": { "layer": "red_roads" }, "geometry": { "type": "LineString", "coordinates": [ [ 1636.0, 613.0 ], [ 1637.0, 612.0 ] ] } },
{ "type": "Feature", "properties": { "layer": "red_roads" }, "geometry": { "type": "LineString", "coordinates": [ [ 1636.0, 628.0 ], [ 1636.0, 629.0 ] ] } },
{ "type": "Feature", "properties": { "layer": "red_roads" }, "geometry": { "type": "LineString", "coordinates": [ [ 1636.0, 628.0 ], [ 1639.0, 626.0 ], [ 1640.0, 623.0 ] ] } },
{ "type": "Feature", "properties": { "layer": "red_roads" }, "geometry": { "type": "LineString", "coordinates": [ [ 1636.0, 629.0 ], [ 1637.0, 638.0 ], [ 1639.0, 639.0 ] ] } },
{ "type": "Feature", "properties": { "layer": "red_roads" }, "geometry": { "type": "LineString", "coordinates": [ [ 1636.0, 709.0 ], [ 1642.0, 709.0 ] ] } },
{ "type": "Feature", "properties": { "layer": "red_roads" }, "geometry": { "type": "LineString", "coordinates": [ [ 1637.0, 223.0 ], [ 1639.0, 226.0 ] ] } },
{ "type": "Feature", "properties": { "layer": "red_roads" }, "geometry": { "type": "LineString", "coordinates": [ [ 1637.0, 229.0 ], [ 1638.0, 229.0 ] ] } },
{ "type": "Feature", "properties": { "layer": "red_roads" }, "geometry": { "type": "LineString", "coordinates": [ [ 1637.0, 229.0 ], [ 1637.0, 230.0 ] ] } },
{ "type": "Feature", "properties": { "layer": "red_roads" }, "geometry": { "type": "LineString", "coordinates": [ [ 1637.0, 230.0 ], [ 1637.0, 237.0 ] ] } },
{ "type": "Feature", "properties": { "layer": "red_roads" }, "geometry": { "type": "LineString", "coordinates": [ [ 1637.0, 230.0 ], [ 1638.0, 229.0 ] ] } },
{ "type": "Feature", "properties": { "layer": "red_roads" }, "geometry": { "type": "LineString", "coordinates": [ [ 1637.0, 237.0 ], [ 1638.0, 238.0 ] ] } },
{ "type": "Feature", "properties": { "layer": "red_roads" }, "geometry": { "type": "LineString", "coordinates": [ [ 1637.0, 237.0 ], [ 1637.0, 238.0 ] ] } },
{ "type": "Feature", "properties": { "layer": "red_roads" }, "geometry": { "type": "LineString", "coordinates": [ [ 1637.0, 238.0 ], [ 1638.0, 238.0 ] ] } },
{ "type": "Feature", "properties": { "layer": "red_roads" }, "geometry": { "type": "LineString", "coordinates": [ [ 1637.0, 267.0 ], [ 1637.0, 268.0 ] ] } },
{ "type": "Feature", "properties": { "layer": "red_roads" }, "geometry": { "type": "LineString", "coordinates": [ [ 1637.0, 267.0 ], [ 1641.0, 260.0 ] ] } },
{ "type": "Feature", "properties": { "layer": "red_roads" }, "geometry": { "type": "LineString", "coordinates": [ [ 1637.0, 268.0 ], [ 1640.0, 272.0 ] ] } },
{ "type": "Feature", "properties": { "layer": "red_roads" }, "geometry": { "type": "LineString", "coordinates": [ [ 1637.0, 531.0 ], [ 1640.0, 529.0 ] ] } },
{ "type": "Feature", "properties": { "layer": "red_roads" }, "geometry": { "type": "LineString", "coordinates": [ [ 1637.0, 592.0 ], [ 1638.0, 595.0 ] ] } },
{ "type": "Feature", "properties": { "layer": "red_roads" }, "geometry": { "type": "LineString", "coordinates": [ [ 1637.0, 592.0 ], [ 1641.0, 588.0 ] ] } },
{ "type": "Feature", "properties": { "layer": "red_roads" }, "geometry": { "type": "LineString", "coordinates": [ [ 1637.0, 596.0 ], [ 1638.0, 596.0 ] ] } },
{ "type": "Feature", "properties": { "layer": "red_roads" }, "geometry": { "type": "LineString", "coordinates": [ [ 1637.0, 596.0 ], [ 1638.0, 595.0 ] ] } },
{ "type": "Feature", "properties": { "layer": "red_roads" }, "geometry": { "type": "LineString", "coordinates": [ [ 1637.0, 609.0 ], [ 1637.0, 610.0 ] ] } },
{ "type": "Feature", "properties": { "layer": "red_roads" }, "geometry": { "type": "LineString", "coordinates": [ [ 1638.0, 605.0 ], [ 1637.0, 609.0 ] ] } },
{ "type": "Feature", "properties": { "layer": "red_roads" }, "geometry": { "type": "LineString", "coordinates": [ [ 1637.0, 610.0 ], [ 1637.0, 612.0 ] ] } },
{ "type": "Feature", "properties": { "layer": "red_roads" }, "geometry": { "type": "LineString", "coordinates": [ [ 1637.0, 612.0 ], [ 1637.0, 613.0 ] ] } },
{ "type": "Feature", "properties": { "layer": "red_roads" }, "geometry": { "type": "LineString", "coordinates": [ [ 1637.0, 612.0 ], [ 1637.0, 613.0 ] ] } },
{ "type": "Feature", "properties": { "layer": "red_roads" }, "geometry": { "type": "LineString", "coordinates": [ [ 1638.0, 229.0 ], [ 1639.0, 229.0 ] ] } },
{ "type": "Feature", "properties": { "layer": "red_roads" }, "geometry": { "type": "LineString", "coordinates": [ [ 1638.0, 229.0 ], [ 1639.0, 228.0 ] ] } },
{ "type": "Feature", "properties": { "layer": "red_roads" }, "geometry": { "type": "LineString", "coordinates": [ [ 1638.0, 238.0 ], [ 1643.0, 236.0 ] ] } },
{ "type": "Feature", "properties": { "layer": "red_roads" }, "geometry": { "type": "LineString", "coordinates": [ [ 1638.0, 255.0 ], [ 1639.0, 255.0 ] ] } },
{ "type": "Feature", "properties": { "layer": "red_roads" }, "geometry": { "type": "LineString", "coordinates": [ [ 1638.0, 255.0 ], [ 1639.0, 256.0 ] ] } },
{ "type": "Feature", "properties": { "layer": "red_roads" }, "geometry": { "type": "LineString", "coordinates": [ [ 1638.0, 303.0 ], [ 1639.0, 303.0 ] ] } },
{ "type": "Feature", "properties": { "layer": "red_roads" }, "geometry": { "type": "LineString", "coordinates": [ [ 1638.0, 303.0 ], [ 1639.0, 302.0 ] ] } },
{ "type": "Feature", "properties": { "layer": "red_roads" }, "geometry": { "type": "LineString", "coordinates": [ [ 1638.0, 498.0 ], [ 1643.0, 496.0 ] ] } },
{ "type": "Feature", "properties": { "layer": "red_roads" }, "geometry": { "type": "LineString", "coordinates": [ [ 1638.0, 521.0 ], [ 1639.0, 521.0 ] ] } },
{ "type": "Feature", "properties": { "layer": "red_roads" }, "geometry": { "type": "LineString", "coordinates": [ [ 1638.0, 521.0 ], [ 1639.0, 522.0 ] ] } },
{ "type": "Feature", "properties": { "layer": "red_roads" }, "geometry": { "type": "LineString", "coordinates": [ [ 1638.0, 521.0 ], [ 1639.0, 520.0 ] ] } },
{ "type": "Feature", "properties": { "layer": "red_roads" }, "geometry": { "type": "LineString", "coordinates": [ [ 1638.0, 595.0 ], [ 1639.0, 596.0 ] ] } },
{ "type": "Feature", "properties": { "layer": "red_roads" }, "geometry": { "type": "LineString", "coordinates": [ [ 1638.0, 595.0 ], [ 1638.0, 596.0 ] ] } },
{ "type": "Feature", "properties": { "layer": "red_roads" }, "geometry": { "type": "LineString", "coordinates": [ [ 1638.0, 596.0 ], [ 1639.0, 596.0 ] ] } },
{ "type": "Feature", "properties": { "layer": "red_roads" }, "geometry": { "type": "LineString", "coordinates": [ [ 1638.0, 861.0 ], [ 1639.0, 862.0 ] ] } },
{ "type": "Feature", "properties": { "layer": "red_roads" }, "geometry": { "type": "LineString", "coordinates": [ [ 1638.0, 867.0 ], [ 1639.0, 867.0 ] ] } },
{ "type": "Feature", "properties": { "layer": "red_roads" }, "geometry": { "type": "LineString", "coordinates": [ [ 1638.0, 867.0 ], [ 1639.0, 866.0 ] ] } },
{ "type": "Feature", "properties": { "layer": "red_roads" }, "geometry": { "type": "LineString", "coordinates": [ [ 1639.0, 226.0 ], [ 1640.0, 226.0 ] ] } },
{ "type": "Feature", "properties": { "layer": "red_roads" }, "geometry": { "type": "LineString", "coordinates": [ [ 1639.0, 226.0 ], [ 1639.0, 227.0 ] ] } },
{ "type": "Feature", "properties": { "layer": "red_roads" }, "geometry": { "type": "LineString", "coordinates": [ [ 1639.0, 227.0 ], [ 1639.0, 228.0 ] ] } },
{ "type": "Feature", "properties": { "layer": "red_roads" }, "geometry": { "type": "LineString", "coordinates": [ [ 1639.0, 227.0 ], [ 1640.0, 226.0 ] ] } },
{ "type": "Feature", "properties": { "layer": "red_roads" }, "geometry": { "type": "LineString", "coordinates": [ [ 1639.0, 228.0 ], [ 1639.0, 229.0 ] ] } },
{ "type": "Feature", "properties": { "layer": "red_roads" }, "geometry": { "type": "LineString", "coordinates": [ [ 1639.0, 229.0 ], [ 1641.0, 231.0 ] ] } },
{ "type": "Feature", "properties": { "layer": "red_roads" }, "geometry": { "type": "LineString", "coordinates": [ [ 1639.0, 255.0 ], [ 1639.0, 256.0 ] ] } },
{ "type": "Feature", "properties": { "layer": "red_roads" }, "geometry": { "type": "LineString", "coordinates": [ [ 1639.0, 255.0 ], [ 1640.0, 254.0 ] ] } },
{ "type": "Feature", "properties": { "layer": "red_roads" }, "geometry": { "type": "LineString", "coordinates": [ [ 1639.0, 256.0 ], [ 1640.0, 259.0 ] ] } },
{ "type": "Feature", "properties": { "layer": "red_roads" }, "geometry": { "type": "LineString", "coordinates": [ [ 1639.0, 302.0 ], [ 1639.0, 303.0 ] ] } },
{ "type": "Feature", "properties": { "layer": "red_roads" }, "geometry": { "type": "LineString", "coordinates": [ [ 1639.0, 302.0 ], [ 1640.0, 300.0 ] ] } },
{ "type": "Feature", "properties": { "layer": "red_roads" }, "geometry": { "type": "LineString", "coordinates": [ [ 1639.0, 303.0 ], [ 1640.0, 311.0 ] ] } },
{ "type": "Feature", "properties": { "layer": "red_roads" }, "geometry": { "type": "LineString", "coordinates": [ [ 1639.0, 312.0 ], [ 1640.0, 312.0 ] ] } },
{ "type": "Feature", "properties": { "layer": "red_roads" }, "geometry": { "type": "LineString", "coordinates": [ [ 1639.0, 312.0 ], [ 1640.0, 311.0 ] ] } },
{ "type": "Feature", "properties": { "layer": "red_roads" }, "geometry": { "type": "LineString", "coordinates": [ [ 1639.0, 520.0 ], [ 1639.0, 521.0 ] ] } },
{ "type": "Feature", "properties": { "layer": "red_roads" }, "geometry": { "type": "LineString", "coordinates": [ [ 1639.0, 521.0 ], [ 1639.0, 522.0 ] ] } },
{ "type": "Feature", "properties": { "layer": "red_roads" }, "geometry": { "type": "LineString", "coordinates": [ [ 1639.0, 522.0 ], [ 1641.0, 524.0 ] ] } },
{ "type": "Feature", "properties": { "layer": "red_roads" }, "geometry": { "type": "LineString", "coordinates": [ [ 1639.0, 596.0 ], [ 1643.0, 597.0 ] ] } },
{ "type": "Feature", "properties": { "layer": "red_roads" }, "geometry": { "type": "LineString", "coordinates": [ [ 1639.0, 862.0 ], [ 1640.0, 862.0 ] ] } },
{ "type": "Feature", "properties": { "layer": "red_roads" }, "geometry": { "type": "LineString", "coordinates": [ [ 1639.0, 862.0 ], [ 1639.0, 863.0 ] ] } },
{ "type": "Feature", "properties": { "layer": "red_roads" }, "geometry": { "type": "LineString", "coordinates": [ [ 1639.0, 863.0 ], [ 1639.0, 866.0 ] ] } },
{ "type": "Feature", "properties": { "layer": "red_roads" }, "geometry": { "type": "LineString", "coordinates": [ [ 1639.0, 863.0 ], [ 1640.0, 862.0 ] ] } },
{ "type": "Feature", "properties": { "layer": "red_roads" }, "geometry": { "type": "LineString", "coordinates": [ [ 1639.0, 866.0 ], [ 1640.0, 867.0 ] ] } },
{ "type": "Feature", "properties": { "layer": "red_roads" }, "geometry": { "type": "LineString", "coordinates": [ [ 1639.0, 866.0 ], [ 1639.0, 867.0 ] ] } },
{ "type": "Feature", "properties": { "layer": "red_roads" }, "geometry": { "type": "LineString", "coordinates": [ [ 1639.0, 867.0 ], [ 1640.0, 867.0 ] ] } },
{ "type": "Feature", "properties": { "layer": "red_roads" }, "geometry": { "type": "LineString", "coordinates": [ [ 1640.0, 226.0 ], [ 1642.0, 222.0 ] ] } },
{ "type": "Feature", "properties": { "layer": "red_roads" }, "geometry": { "type": "LineString", "coordinates": [ [ 1640.0, 253.0 ], [ 1641.0, 254.0 ] ] } },
{ "type": "Feature", "properties": { "layer": "red_roads" }, "geometry": { "type": "LineString", "coordinates": [ [ 1640.0, 253.0 ], [ 1640.0, 254.0 ] ] } },
{ "type": "Feature", "properties": { "layer": "red_roads" }, "geometry": { "type": "LineString", "coordinates": [ [ 1640.0, 253.0 ], [ 1641.0, 252.0 ] ] } },
{ "type": "Feature", "properties": { "layer": "red_roads" }, "geometry": { "type": "LineString", "coordinates": [ [ 1640.0, 254.0 ], [ 1641.0, 254.0 ] ] } },
{ "type": "Feature", "properties": { "layer": "red_roads" }, "geometry": { "type": "LineString", "coordinates": [ [ 1640.0, 259.0 ], [ 1641.0, 259.0 ] ] } },
{ "type": "Feature", "properties": { "layer": "red_roads" }, "geometry": { "type": "LineString", "coordinates": [ [ 1640.0, 259.0 ], [ 1641.0, 260.0 ] ] } },
{ "type": "Feature", "properties": { "layer": "red_roads" }, "geometry": { "type": "LineString", "coordinates": [ [ 1640.0, 311.0 ], [ 1641.0, 312.0 ] ] } },
{ "type": "Feature", "properties": { "layer": "red_roads" }, "geometry": { "type": "LineString", "coordinates": [ [ 1640.0, 311.0 ], [ 1640.0, 312.0 ] ] } },
{ "type": "Feature", "properties": { "layer": "red_roads" }, "geometry": { "type": "LineString", "coordinates": [ [ 1640.0, 312.0 ], [ 1641.0, 312.0 ] ] } },
{ "type": "Feature", "properties": { "layer": "red_roads" }, "geometry": { "type": "LineString", "coordinates": [ [ 1640.0, 529.0 ], [ 1641.0, 529.0 ] ] } },
{ "type": "Feature", "properties": { "layer": "red_roads" }, "geometry": { "type": "LineString", "coordinates": [ [ 1640.0, 529.0 ], [ 1641.0, 528.0 ] ] } },
{ "type": "Feature", "properties": { "layer": "red_roads" }, "geometry": { "type": "LineString", "coordinates": [ [ 1640.0, 547.0 ], [ 1641.0, 548.0 ] ] } },
{ "type": "Feature", "properties": { "layer": "red_roads" }, "geometry": { "type": "LineString", "coordinates": [ [ 1640.0, 547.0 ], [ 1640.0, 548.0 ] ] } },
{ "type": "Feature", "properties": { "layer": "red_roads" }, "geometry": { "type": "LineString", "coordinates": [ [ 1640.0, 548.0 ], [ 1641.0, 548.0 ] ] } },
{ "type": "Feature", "properties": { "layer": "red_roads" }, "geometry": { "type": "LineString", "coordinates": [ [ 1640.0, 548.0 ], [ 1640.0, 549.0 ] ] } },
{ "type": "Feature", "properties": { "layer": "red_roads" }, "geometry": { "type": "LineString", "coordinates": [ [ 1640.0, 549.0 ], [ 1640.0, 556.0 ], [ 1649.0, 562.0 ] ] } },
{ "type": "Feature", "properties": { "layer": "red_roads" }, "geometry": { "type": "LineString", "coordinates": [ [ 1640.0, 549.0 ], [ 1641.0, 548.0 ] ] } },
{ "type": "Feature", "properties": { "layer": "red_roads" }, "geometry": { "type": "LineString", "coordinates": [ [ 1640.0, 691.0 ], [ 1641.0, 691.0 ] ] } },
{ "type": "Feature", "properties": { "layer": "red_roads" }, "geometry": { "type": "LineString", "coordinates": [ [ 1640.0, 691.0 ], [ 1641.0, 690.0 ] ] } },
{ "type": "Feature", "properties": { "layer": "red_roads" }, "geometry": { "type": "LineString", "coordinates": [ [ 1640.0, 862.0 ], [ 1641.0, 861.0 ] ] } },
{ "type": "Feature", "properties": { "layer": "red_roads" }, "geometry": { "type": "LineString", "coordinates": [ [ 1640.0, 867.0 ], [ 1644.0, 867.0 ] ] } },
{ "type": "Feature", "properties": { "layer": "red_roads" }, "geometry": { "type": "LineString", "coordinates": [ [ 1641.0, 84.0 ], [ 1644.0, 88.0 ], [ 1651.0, 88.0 ], [ 1653.0, 86.0 ] ] } },
{ "type": "Feature", "properties": { "layer": "red_roads" }, "geometry": { "type": "LineString", "coordinates": [ [ 1641.0, 254.0 ], [ 1643.0, 256.0 ], [ 1641.0, 259.0 ] ] } },
{ "type": "Feature", "properties": { "layer": "red_roads" }, "geometry": { "type": "LineString", "coordinates": [ [ 1641.0, 259.0 ], [ 1641.0, 260.0 ] ] } },
{ "type": "Feature", "properties": { "layer": "red_roads" }, "geometry": { "type": "LineString", "coordinates": [ [ 1641.0, 312.0 ], [ 1650.0, 313.0 ] ] } },
{ "type": "Feature", "properties": { "layer": "red_roads" }, "geometry": { "type": "LineString", "coordinates": [ [ 1641.0, 493.0 ], [ 1643.0, 496.0 ] ] } },
{ "type": "Feature", "properties": { "layer": "red_roads" }, "geometry": { "type": "LineString", "coordinates": [ [ 1641.0, 524.0 ], [ 1642.0, 524.0 ] ] } },
{ "type": "Feature", "properties": { "layer": "red_roads" }, "geometry": { "type": "LineString", "coordinates": [ [ 1641.0, 524.0 ], [ 1641.0, 525.0 ] ] } },
{ "type": "Feature", "properties": { "layer": "red_roads" }, "geometry": { "type": "LineString", "coordinates": [ [ 1641.0, 525.0 ], [ 1641.0, 528.0 ] ] } },
{ "type": "Feature", "properties": { "layer": "red_roads" }, "geometry": { "type": "LineString", "coordinates": [ [ 1641.0, 525.0 ], [ 1642.0, 524.0 ] ] } },
{ "type": "Feature", "properties": { "layer": "red_roads" }, "geometry": { "type": "LineString", "coordinates": [ [ 1641.0, 528.0 ], [ 1642.0, 529.0 ] ] } },
{ "type": "Feature", "properties": { "layer": "red_roads" }, "geometry": { "type": "LineString", "coordinates": [ [ 1641.0, 528.0 ], [ 1641.0, 529.0 ] ] } },
{ "type": "Feature", "properties": { "layer": "red_roads" }, "geometry": { "type": "LineString", "coordinates": [ [ 1641.0, 529.0 ], [ 1642.0, 529.0 ] ] } },
{ "type": "Feature", "properties": { "layer": "red_roads" }, "geometry": { "type": "LineString", "coordinates": [ [ 1641.0, 548.0 ], [ 1642.0, 548.0 ] ] } },
{ "type": "Feature", "properties": { "layer": "red_roads" }, "geometry": { "type": "LineString", "coordinates": [ [ 1641.0, 548.0 ], [ 1642.0, 547.0 ] ] } },
{ "type": "Feature", "properties": { "layer": "red_roads" }, "geometry": { "type": "LineString", "coordinates": [ [ 1641.0, 690.0 ], [ 1641.0, 691.0 ] ] } },
{ "type": "Feature", "properties": { "layer": "red_roads" }, "geometry": { "type": "LineString", "coordinates": [ [ 1641.0, 690.0 ], [ 1644.0, 688.0 ] ] } },
{ "type": "Feature", "properties": { "layer": "red_roads" }, "geometry": { "type": "LineString", "coordinates": [ [ 1641.0, 691.0 ], [ 1642.0, 693.0 ] ] } },
{ "type": "Feature", "properties": { "layer": "red_roads" }, "geometry": { "type": "LineString", "coordinates": [ [ 1641.0, 702.0 ], [ 1643.0, 705.0 ] ] } },
{ "type": "Feature", "properties": { "layer": "red_roads" }, "geometry": { "type": "LineString", "coordinates": [ [ 1642.0, 524.0 ], [ 1649.0, 518.0 ] ] } },
{ "type": "Feature", "properties": { "layer": "red_roads" }, "geometry": { "type": "LineString", "coordinates": [ [ 1642.0, 529.0 ], [ 1643.0, 530.0 ] ] } },
{ "type": "Feature", "properties": { "layer": "red_roads" }, "geometry": { "type": "LineString", "coordinates": [ [ 1642.0, 547.0 ], [ 1642.0, 548.0 ] ] } },
{ "type": "Feature", "properties": { "layer": "red_roads" }, "geometry": { "type": "LineString", "coordinates": [ [ 1642.0, 547.0 ], [ 1645.0, 544.0 ] ] } },
{ "type": "Feature", "properties": { "layer": "red_roads" }, "geometry": { "type": "LineString", "coordinates": [ [ 1642.0, 548.0 ], [ 1646.0, 549.0 ], [ 1651.0, 545.0 ] ] } },
{ "type": "Feature", "properties": { "layer": "red_roads" }, "geometry": { "type": "LineString", "coordinates": [ [ 1642.0, 677.0 ], [ 1645.0, 674.0 ] ] } },
{ "type": "Feature", "properties": { "layer": "red_roads" }, "geometry": { "type": "LineString", "coordinates": [ [ 1642.0, 709.0 ], [ 1643.0, 709.0 ] ] } },
{ "type": "Feature", "properties": { "layer": "red_roads" }, "geometry": { "type": "LineString", "coordinates": [ [ 1642.0, 709.0 ], [ 1643.0, 708.0 ] ] } },
{ "type": "Feature", "properties": { "layer": "red_roads" }, "geometry": { "type": "LineString", "coordinates": [ [ 1643.0, 322.0 ], [ 1650.0, 314.0 ] ] } },
{ "type": "Feature", "properties": { "layer": "red_roads" }, "geometry": { "type": "LineString", "coordinates": [ [ 1643.0, 435.0 ], [ 1644.0, 435.0 ] ] } },
{ "type": "Feature", "properties": { "layer": "red_roads" }, "geometry": { "type": "LineString", "coordinates": [ [ 1643.0, 435.0 ], [ 1644.0, 436.0 ] ] } },
{ "type": "Feature", "properties": { "layer": "red_roads" }, "geometry": { "type": "LineString", "coordinates": [ [ 1643.0, 496.0 ], [ 1644.0, 496.0 ] ] } },
{ "type": "Feature", "properties": { "layer": "red_roads" }, "geometry": { "type": "LineString", "coordinates": [ [ 1643.0, 530.0 ], [ 1644.0, 530.0 ] ] } },
{ "type": "Feature", "properties": { "layer": "red_roads" }, "geometry": { "type": "LineString", "coordinates": [ [ 1643.0, 530.0 ], [ 1644.0, 531.0 ] ] } },
{ "type": "Feature", "properties": { "layer": "red_roads" }, "geometry": { "type": "LineString", "coordinates": [ [ 1643.0, 597.0 ], [ 1644.0, 597.0 ] ] } },
{ "type": "Feature", "properties": { "layer": "red_roads" }, "geometry": { "type": "LineString", "coordinates": [ [ 1643.0, 597.0 ], [ 1644.0, 598.0 ] ] } },
{ "type": "Feature", "properties": { "layer": "red_roads" }, "geometry": { "type": "LineString", "coordinates": [ [ 1643.0, 705.0 ], [ 1644.0, 705.0 ] ] } },
{ "type": "Feature", "properties": { "layer": "red_roads" }, "geometry": { "type": "LineString", "coordinates": [ [ 1643.0, 705.0 ], [ 1644.0, 706.0 ] ] } },
{ "type": "Feature", "properties": { "layer": "red_roads" }, "geometry": { "type": "LineString", "coordinates": [ [ 1643.0, 708.0 ], [ 1643.0, 709.0 ] ] } },
{ "type": "Feature", "properties": { "layer": "red_roads" }, "geometry": { "type": "LineString", "coordinates": [ [ 1643.0, 708.0 ], [ 1644.0, 706.0 ] ] } },
{ "type": "Feature", "properties": { "layer": "red_roads" }, "geometry": { "type": "LineString", "coordinates": [ [ 1643.0, 709.0 ], [ 1656.0, 709.0 ], [ 1659.0, 707.0 ] ] } },
{ "type": "Feature", "properties": { "layer": "red_roads" }, "geometry": { "type": "LineString", "coordinates": [ [ 1644.0, 435.0 ], [ 1644.0, 436.0 ] ] } },
{ "type": "Feature", "properties": { "layer": "red_roads" }, "geometry": { "type": "LineString", "coordinates": [ [ 1644.0, 435.0 ], [ 1648.0, 433.0 ] ] } },
{ "type": "Feature", "properties": { "layer": "red_roads" }, "geometry": { "type": "LineString", "coordinates": [ [ 1644.0, 436.0 ], [ 1646.0, 444.0 ] ] } },
{ "type": "Feature", "properties": { "layer": "red_roads" }, "geometry": { "type": "LineString", "coordinates": [ [ 1644.0, 496.0 ], [ 1645.0, 496.0 ] ] } },
{ "type": "Feature", "properties": { "layer": "red_roads" }, "geometry": { "type": "LineString", "coordinates": [ [ 1644.0, 496.0 ], [ 1645.0, 495.0 ] ] } },
{ "type": "Feature", "properties": { "layer": "red_roads" }, "geometry": { "type": "LineString", "coordinates": [ [ 1644.0, 530.0 ], [ 1645.0, 530.0 ] ] } },
{ "type": "Feature", "properties": { "layer": "red_roads" }, "geometry": { "type": "LineString", "coordinates": [ [ 1644.0, 530.0 ], [ 1644.0, 531.0 ] ] } },
{ "type": "Feature", "properties": { "layer": "red_roads" }, "geometry": { "type": "LineString", "coordinates": [ [ 1644.0, 531.0 ], [ 1649.0, 536.0 ] ] } },
{ "type": "Feature", "properties": { "layer": "red_roads" }, "geometry": { "type": "LineString", "coordinates": [ [ 1644.0, 531.0 ], [ 1645.0, 530.0 ] ] } },
{ "type": "Feature", "properties": { "layer": "red_roads" }, "geometry": { "type": "LineString", "coordinates": [ [ 1644.0, 597.0 ], [ 1644.0, 598.0 ] ] } },
{ "type": "Feature", "properties": { "layer": "red_roads" }, "geometry": { "type": "LineString", "coordinates": [ [ 1644.0, 597.0 ], [ 1647.0, 595.0 ] ] } },
{ "type": "Feature", "properties": { "layer": "red_roads" }, "geometry": { "type": "LineString", "coordinates": [ [ 1644.0, 598.0 ], [ 1644.0, 603.0 ] ] } },
{ "type": "Feature", "properties": { "layer": "red_roads" }, "geometry": { "type": "LineString", "coordinates": [ [ 1644.0, 664.0 ], [ 1645.0, 664.0 ] ] } },
{ "type": "Feature", "properties": { "layer": "red_roads" }, "geometry": { "type": "LineString", "coordinates": [ [ 1644.0, 664.0 ], [ 1643.0, 671.0 ], [ 1645.0, 673.0 ] ] } },
{ "type": "Feature", "properties": { "layer": "red_roads" }, "geometry": { "type": "LineString", "coordinates": [ [ 1644.0, 664.0 ], [ 1645.0, 663.0 ] ] } },
{ "type": "Feature", "properties": { "layer": "red_roads" }, "geometry": { "type": "LineString", "coordinates": [ [ 1644.0, 705.0 ], [ 1644.0, 706.0 ] ] } },
{ "type": "Feature", "properties": { "layer": "red_roads" }, "geometry": { "type": "LineString", "coordinates": [ [ 1644.0, 705.0 ], [ 1646.0, 701.0 ] ] } },
{ "type": "Feature", "properties": { "layer": "red_roads" }, "geometry": { "type": "LineString", "coordinates": [ [ 1645.0, 403.0 ], [ 1645.0, 409.0 ] ] } },
{ "type": "Feature", "properties": { "layer": "red_roads" }, "geometry": { "type": "LineString", "coordinates": [ [ 1645.0, 495.0 ], [ 1645.0, 496.0 ] ] } },
{ "type": "Feature", "properties": { "layer": "red_roads" }, "geometry": { "type": "LineString", "coordinates": [ [ 1645.0, 495.0 ], [ 1646.0, 493.0 ] ] } },
{ "type": "Feature", "properties": { "layer": "red_roads" }, "geometry": { "type": "LineString", "coordinates": [ [ 1645.0, 496.0 ], [ 1648.0, 497.0 ] ] } },
{ "type": "Feature", "properties": { "layer": "red_roads" }, "geometry": { "type": "LineString", "coordinates": [ [ 1645.0, 530.0 ], [ 1653.0, 530.0 ], [ 1656.0, 533.0 ], [ 1660.0, 534.0 ] ] } },
{ "type": "Feature", "properties": { "layer": "red_roads" }, "geometry": { "type": "LineString", "coordinates": [ [ 1645.0, 663.0 ], [ 1645.0, 664.0 ] ] } },
{ "type": "Feature", "properties": { "layer": "red_roads" }, "geometry": { "type": "LineString", "coordinates": [ [ 1645.0, 663.0 ], [ 1647.0, 659.0 ], [ 1650.0, 659.0 ] ] } },
{ "type": "Feature", "properties": { "layer": "red_roads" }, "geometry": { "type": "LineString", "coordinates": [ [ 1645.0, 664.0 ], [ 1647.0, 665.0 ] ] } },
{ "type": "Feature", "properties": { "layer": "red_roads" }, "geometry": { "type": "LineString", "coordinates": [ [ 1645.0, 673.0 ], [ 1646.0, 674.0 ] ] } },
{ "type": "Feature", "properties": { "layer": "red_roads" }, "geometry": { "type": "LineString", "coordinates": [ [ 1645.0, 673.0 ], [ 1645.0, 674.0 ] ] } },
{ "type": "Feature", "properties": { "layer": "red_roads" }, "geometry": { "type": "LineString", "coordinates": [ [ 1645.0, 674.0 ], [ 1646.0, 674.0 ] ] } },
{ "type": "Feature", "properties": { "layer": "red_roads" }, "geometry": { "type": "LineString", "coordinates": [ [ 1646.0, 444.0 ], [ 1647.0, 444.0 ] ] } },
{ "type": "Feature", "properties": { "layer": "red_roads" }, "geometry": { "type": "LineString", "coordinates": [ [ 1646.0, 444.0 ], [ 1647.0, 445.0 ] ] } },
{ "type": "Feature", "properties": { "layer": "red_roads" }, "geometry": { "type": "LineString", "coordinates": [ [ 1646.0, 511.0 ], [ 1649.0, 517.0 ] ] } },
{ "type": "Feature", "properties": { "layer": "red_roads" }, "geometry": { "type": "LineString", "coordinates": [ [ 1646.0, 674.0 ], [ 1654.0, 674.0 ], [ 1661.0, 670.0 ] ] } },
{ "type": "Feature", "properties": { "layer": "red_roads" }, "geometry": { "type": "LineString", "coordinates": [ [ 1647.0, 851.0 ], [ 1646.0, 859.0 ] ] } },
{ "type": "Feature", "properties": { "layer": "red_roads" }, "geometry": { "type": "LineString", "coordinates": [ [ 1647.0, 444.0 ], [ 1648.0, 444.0 ] ] } },
{ "type": "Feature", "properties": { "layer": "red_roads" }, "geometry": { "type": "LineString", "coordinates": [ [ 1647.0, 444.0 ], [ 1647.0, 445.0 ] ] } },
{ "type": "Feature", "properties": { "layer": "red_roads" }, "geometry": { "type": "LineString", "coordinates": [ [ 1647.0, 445.0 ], [ 1649.0, 447.0 ], [ 1653.0, 447.0 ], [ 1659.0, 441.0 ] ] } },
{ "type": "Feature", "properties": { "layer": "red_roads" }, "geometry": { "type": "LineString", "coordinates": [ [ 1647.0, 445.0 ], [ 1648.0, 444.0 ] ] } },
{ "type": "Feature", "properties": { "layer": "red_roads" }, "geometry": { "type": "LineString", "coordinates": [ [ 1649.0, 606.0 ], [ 1649.0, 613.0 ], [ 1647.0, 614.0 ] ] } },
{ "type": "Feature", "properties": { "layer": "red_roads" }, "geometry": { "type": "LineString", "coordinates": [ [ 1647.0, 634.0 ], [ 1649.0, 637.0 ] ] } },
{ "type": "Feature", "properties": { "layer": "red_roads" }, "geometry": { "type": "LineString", "coordinates": [ [ 1648.0, 304.0 ], [ 1651.0, 307.0 ], [ 1651.0, 311.0 ] ] } },
{ "type": "Feature", "properties": { "layer": "red_roads" }, "geometry": { "type": "LineString", "coordinates": [ [ 1648.0, 433.0 ], [ 1649.0, 433.0 ] ] } },
{ "type": "Feature", "properties": { "layer": "red_roads" }, "geometry": { "type": "LineString", "coordinates": [ [ 1648.0, 433.0 ], [ 1649.0, 432.0 ] ] } },
{ "type": "Feature", "properties": { "layer": "red_roads" }, "geometry": { "type": "LineString", "coordinates": [ [ 1648.0, 444.0 ], [ 1657.0, 438.0 ] ] } },
{ "type": "Feature", "properties": { "layer": "red_roads" }, "geometry": { "type": "LineString", "coordinates": [ [ 1648.0, 457.0 ], [ 1654.0, 456.0 ] ] } },
{ "type": "Feature", "properties": { "layer": "red_roads" }, "geometry": { "type": "LineString", "coordinates": [ [ 1649.0, 264.0 ], [ 1654.0, 265.0 ] ] } },
{ "type": "Feature", "properties": { "layer": "red_roads" }, "geometry": { "type": "LineString", "coordinates": [ [ 1649.0, 432.0 ], [ 1649.0, 433.0 ] ] } },
{ "type": "Feature", "properties": { "layer": "red_roads" }, "geometry": { "type": "LineString", "coordinates": [ [ 1649.0, 432.0 ], [ 1650.0, 428.0 ], [ 1653.0, 426.0 ] ] } },
{ "type": "Feature", "properties": { "layer": "red_roads" }, "geometry": { "type": "LineString", "coordinates": [ [ 1649.0, 433.0 ], [ 1654.0, 434.0 ], [ 1657.0, 437.0 ] ] } },
{ "type": "Feature", "properties": { "layer": "red_roads" }, "geometry": { "type": "LineString", "coordinates": [ [ 1649.0, 517.0 ], [ 1650.0, 517.0 ] ] } },
{ "type": "Feature", "properties": { "layer": "red_roads" }, "geometry": { "type": "LineString", "coordinates": [ [ 1649.0, 517.0 ], [ 1649.0, 518.0 ] ] } },
{ "type": "Feature", "properties": { "layer": "red_roads" }, "geometry": { "type": "LineString", "coordinates": [ [ 1649.0, 518.0 ], [ 1650.0, 517.0 ] ] } },
{ "type": "Feature", "properties": { "layer": "red_roads" }, "geometry": { "type": "LineString", "coordinates": [ [ 1649.0, 536.0 ], [ 1651.0, 545.0 ] ] } },
{ "type": "Feature", "properties": { "layer": "red_roads" }, "geometry": { "type": "LineString", "coordinates": [ [ 1649.0, 536.0 ], [ 1650.0, 535.0 ] ] } },
{ "type": "Feature", "properties": { "layer": "red_roads" }, "geometry": { "type": "LineString", "coordinates": [ [ 1649.0, 562.0 ], [ 1650.0, 562.0 ] ] } },
{ "type": "Feature", "properties": { "layer": "red_roads" }, "geometry": { "type": "LineString", "coordinates": [ [ 1649.0, 562.0 ], [ 1650.0, 563.0 ] ] } },
{ "type": "Feature", "properties": { "layer": "red_roads" }, "geometry": { "type": "LineString", "coordinates": [ [ 1649.0, 564.0 ], [ 1650.0, 564.0 ] ] } },
{ "type": "Feature", "properties": { "layer": "red_roads" }, "geometry": { "type": "LineString", "coordinates": [ [ 1649.0, 564.0 ], [ 1649.0, 565.0 ] ] } },
{ "type": "Feature", "properties": { "layer": "red_roads" }, "geometry": { "type": "LineString", "coordinates": [ [ 1649.0, 564.0 ], [ 1650.0, 563.0 ] ] } },
{ "type": "Feature", "properties": { "layer": "red_roads" }, "geometry": { "type": "LineString", "coordinates": [ [ 1649.0, 565.0 ], [ 1648.0, 567.0 ], [ 1650.0, 569.0 ] ] } },
{ "type": "Feature", "properties": { "layer": "red_roads" }, "geometry": { "type": "LineString", "coordinates": [ [ 1649.0, 565.0 ], [ 1650.0, 564.0 ] ] } },
{ "type": "Feature", "properties": { "layer": "red_roads" }, "geometry": { "type": "LineString", "coordinates": [ [ 1649.0, 588.0 ], [ 1654.0, 589.0 ] ] } },
{ "type": "Feature", "properties": { "layer": "red_roads" }, "geometry": { "type": "LineString", "coordinates": [ [ 1649.0, 637.0 ], [ 1650.0, 642.0 ], [ 1654.0, 642.0 ], [ 1656.0, 640.0 ] ] } },
{ "type": "Feature", "properties": { "layer": "red_roads" }, "geometry": { "type": "LineString", "coordinates": [ [ 1649.0, 637.0 ], [ 1650.0, 636.0 ] ] } },
{ "type": "Feature", "properties": { "layer": "red_roads" }, "geometry": { "type": "LineString", "coordinates": [ [ 1649.0, 831.0 ], [ 1652.0, 833.0 ], [ 1653.0, 840.0 ] ] } },
{ "type": "Feature", "properties": { "layer": "red_roads" }, "geometry": { "type": "LineString", "coordinates": [ [ 1650.0, 313.0 ], [ 1651.0, 313.0 ] ] } },
{ "type": "Feature", "properties": { "layer": "red_roads" }, "geometry": { "type": "LineString", "coordinates": [ [ 1650.0, 313.0 ], [ 1650.5, 313.5 ] ] } },
{ "type": "Feature", "properties": { "layer": "red_roads" }, "geometry": { "type": "LineString", "coordinates": [ [ 1650.0, 313.0 ], [ 1650.0, 314.0 ] ] } },
{ "type": "Feature", "properties": { "layer": "red_roads" }, "geometry": { "type": "LineString", "coordinates": [ [ 1650.0, 313.0 ], [ 1651.0, 312.0 ] ] } },
{ "type": "Feature", "properties": { "layer": "red_roads" }, "geometry": { "type": "LineString", "coordinates": [ [ 1650.0, 314.0 ], [ 1651.0, 314.0 ] ] } },
{ "type": "Feature", "properties": { "layer": "red_roads" }, "geometry": { "type": "LineString", "coordinates": [ [ 1650.0, 314.0 ], [ 1650.5, 313.5 ] ] } },
{ "type": "Feature", "properties": { "layer": "red_roads" }, "geometry": { "type": "LineString", "coordinates": [ [ 1650.0, 517.0 ], [ 1659.0, 520.0 ] ] } },
{ "type": "Feature", "properties": { "layer": "red_roads" }, "geometry": { "type": "LineString", "coordinates": [ [ 1650.0, 562.0 ], [ 1650.0, 563.0 ] ] } },
{ "type": "Feature", "properties": { "layer": "red_roads" }, "geometry": { "type": "LineString", "coordinates": [ [ 1660.0, 542.0 ], [ 1661.0, 555.0 ], [ 1655.0, 557.0 ], [ 1650.0, 562.0 ] ] } },
{ "type": "Feature", "properties": { "layer": "red_roads" }, "geometry": { "type": "LineString", "coordinates": [ [ 1650.0, 563.0 ], [ 1650.0, 564.0 ] ] } },
{ "type": "Feature", "properties": { "layer": "red_roads" }, "geometry": { "type": "LineString", "coordinates": [ [ 1650.0, 564.0 ], [ 1657.0, 569.0 ] ] } },
{ "type": "Feature", "properties": { "layer": "red_roads" }, "geometry": { "type": "LineString", "coordinates": [ [ 1650.0, 622.0 ], [ 1652.0, 621.0 ] ] } },
{ "type": "Feature", "properties": { "layer": "red_roads" }, "geometry": { "type": "LineString", "coordinates": [ [ 1650.5, 313.5 ], [ 1651.0, 314.0 ] ] } },
{ "type": "Feature", "properties": { "layer": "red_roads" }, "geometry": { "type": "LineString", "coordinates": [ [ 1650.5, 313.5 ], [ 1651.0, 313.0 ] ] } },
{ "type": "Feature", "properties": { "layer": "red_roads" }, "geometry": { "type": "LineString", "coordinates": [ [ 1651.0, 311.0 ], [ 1652.0, 312.0 ] ] } },
{ "type": "Feature", "properties": { "layer": "red_roads" }, "geometry": { "type": "LineString", "coordinates": [ [ 1651.0, 311.0 ], [ 1651.0, 312.0 ] ] } },
{ "type": "Feature", "properties": { "layer": "red_roads" }, "geometry": { "type": "LineString", "coordinates": [ [ 1651.0, 312.0 ], [ 1652.0, 312.0 ] ] } },
{ "type": "Feature", "properties": { "layer": "red_roads" }, "geometry": { "type": "LineString", "coordinates": [ [ 1651.0, 312.0 ], [ 1651.0, 313.0 ] ] } },
{ "type": "Feature", "properties": { "layer": "red_roads" }, "geometry": { "type": "LineString", "coordinates": [ [ 1651.0, 313.0 ], [ 1651.0, 314.0 ] ] } },
{ "type": "Feature", "properties": { "layer": "red_roads" }, "geometry": { "type": "LineString", "coordinates": [ [ 1651.0, 313.0 ], [ 1652.0, 312.0 ] ] } },
{ "type": "Feature", "properties": { "layer": "red_roads" }, "geometry": { "type": "LineString", "coordinates": [ [ 1651.0, 314.0 ], [ 1655.0, 323.0 ] ] } },
{ "type": "Feature", "properties": { "layer": "red_roads" }, "geometry": { "type": "LineString", "coordinates": [ [ 1651.0, 545.0 ], [ 1653.0, 546.0 ] ] } },
{ "type": "Feature", "properties": { "layer": "red_roads" }, "geometry": { "type": "LineString", "coordinates": [ [ 1652.0, 312.0 ], [ 1661.0, 311.0 ] ] } },
{ "type": "Feature", "properties": { "layer": "red_roads" }, "geometry": { "type": "LineString", "coordinates": [ [ 1652.0, 470.0 ], [ 1654.0, 469.0 ] ] } },
{ "type": "Feature", "properties": { "layer": "red_roads" }, "geometry": { "type": "LineString", "coordinates": [ [ 1652.0, 486.0 ], [ 1656.0, 480.0 ] ] } },
{ "type": "Feature", "properties": { "layer": "red_roads" }, "geometry": { "type": "LineString", "coordinates": [ [ 1652.0, 621.0 ], [ 1657.0, 624.0 ] ] } },
{ "type": "Feature", "properties": { "layer": "red_roads" }, "geometry": { "type": "LineString", "coordinates": [ [ 1652.0, 621.0 ], [ 1655.0, 615.0 ] ] } },
{ "type": "Feature", "properties": { "layer": "red_roads" }, "geometry": { "type": "LineString", "coordinates": [ [ 1653.0, 426.0 ], [ 1654.0, 426.0 ] ] } },
{ "type": "Feature", "properties": { "layer": "red_roads" }, "geometry": { "type": "LineString", "coordinates": [ [ 1653.0, 426.0 ], [ 1654.0, 427.0 ] ] } },
{ "type": "Feature", "properties": { "layer": "red_roads" }, "geometry": { "type": "LineString", "coordinates": [ [ 1653.0, 594.0 ], [ 1654.0, 594.0 ] ] } },
{ "type": "Feature", "properties": { "layer": "red_roads" }, "geometry": { "type": "LineString", "coordinates": [ [ 1653.0, 661.0 ], [ 1657.0, 659.0 ] ] } },
{ "type": "Feature", "properties": { "layer": "red_roads" }, "geometry": { "type": "LineString", "coordinates": [ [ 1654.0, 426.0 ], [ 1654.0, 427.0 ] ] } },
{ "type": "Feature", "properties": { "layer": "red_roads" }, "geometry": { "type": "LineString", "coordinates": [ [ 1654.0, 426.0 ], [ 1659.0, 426.0 ] ] } },
{ "type": "Feature", "properties": { "layer": "red_roads" }, "geometry": { "type": "LineString", "coordinates": [ [ 1654.0, 427.0 ], [ 1655.0, 431.0 ], [ 1659.0, 435.0 ] ] } },
{ "type": "Feature", "properties": { "layer": "red_roads" }, "geometry": { "type": "LineString", "coordinates": [ [ 1654.0, 456.0 ], [ 1655.0, 456.0 ] ] } },
{ "type": "Feature", "properties": { "layer": "red_roads" }, "geometry": { "type": "LineString", "coordinates": [ [ 1654.0, 456.0 ], [ 1655.0, 455.0 ] ] } },
{ "type": "Feature", "properties": { "layer": "red_roads" }, "geometry": { "type": "LineString", "coordinates": [ [ 1654.0, 469.0 ], [ 1655.0, 469.0 ] ] } },
{ "type": "Feature", "properties": { "layer": "red_roads" }, "geometry": { "type": "LineString", "coordinates": [ [ 1654.0, 469.0 ], [ 1655.0, 468.0 ] ] } },
{ "type": "Feature", "properties": { "layer": "red_roads" }, "geometry": { "type": "LineString", "coordinates": [ [ 1654.0, 478.0 ], [ 1656.0, 480.0 ] ] } },
{ "type": "Feature", "properties": { "layer": "red_roads" }, "geometry": { "type": "LineString", "coordinates": [ [ 1654.0, 589.0 ], [ 1655.0, 589.0 ] ] } },
{ "type": "Feature", "properties": { "layer": "red_roads" }, "geometry": { "type": "LineString", "coordinates": [ [ 1654.0, 589.0 ], [ 1655.0, 590.0 ] ] } },
{ "type": "Feature", "properties": { "layer": "red_roads" }, "geometry": { "type": "LineString", "coordinates": [ [ 1654.0, 594.0 ], [ 1655.0, 594.0 ] ] } },
{ "type": "Feature", "properties": { "layer": "red_roads" }, "geometry": { "type": "LineString", "coordinates": [ [ 1654.0, 594.0 ], [ 1655.0, 595.0 ] ] } },
{ "type": "Feature", "properties": { "layer": "red_roads" }, "geometry": { "type": "LineString", "coordinates": [ [ 1654.0, 594.0 ], [ 1655.0, 593.0 ] ] } },
{ "type": "Feature", "properties": { "layer": "red_roads" }, "geometry": { "type": "LineString", "coordinates": [ [ 1655.0, 452.0 ], [ 1655.0, 455.0 ] ] } },
{ "type": "Feature", "properties": { "layer": "red_roads" }, "geometry": { "type": "LineString", "coordinates": [ [ 1655.0, 455.0 ], [ 1655.0, 456.0 ] ] } },
{ "type": "Feature", "properties": { "layer": "red_roads" }, "geometry": { "type": "LineString", "coordinates": [ [ 1655.0, 456.0 ], [ 1657.0, 458.0 ] ] } },
{ "type": "Feature", "properties": { "layer": "red_roads" }, "geometry": { "type": "LineString", "coordinates": [ [ 1655.0, 468.0 ], [ 1655.0, 469.0 ] ] } },
{ "type": "Feature", "properties": { "layer": "red_roads" }, "geometry": { "type": "LineString", "coordinates": [ [ 1655.0, 468.0 ], [ 1656.0, 467.0 ] ] } },
{ "type": "Feature", "properties": { "layer": "red_roads" }, "geometry": { "type": "LineString", "coordinates": [ [ 1655.0, 469.0 ], [ 1656.0, 472.0 ] ] } },
{ "type": "Feature", "properties": { "layer": "red_roads" }, "geometry": { "type": "LineString", "coordinates": [ [ 1655.0, 589.0 ], [ 1655.0, 590.0 ] ] } },
{ "type": "Feature", "properties": { "layer": "red_roads" }, "geometry": { "type": "LineString", "coordinates": [ [ 1655.0, 589.0 ], [ 1657.0, 585.0 ] ] } },
{ "type": "Feature", "properties": { "layer": "red_roads" }, "geometry": { "type": "LineString", "coordinates": [ [ 1655.0, 590.0 ], [ 1655.0, 591.0 ] ] } },
{ "type": "Feature", "properties": { "layer": "red_roads" }, "geometry": { "type": "LineString", "coordinates": [ [ 1655.0, 591.0 ], [ 1656.0, 592.0 ] ] } },
{ "type": "Feature", "properties": { "layer": "red_roads" }, "geometry": { "type": "LineString", "coordinates": [ [ 1655.0, 591.0 ], [ 1655.0, 592.0 ] ] } },
{ "type": "Feature", "properties": { "layer": "red_roads" }, "geometry": { "type": "LineString", "coordinates": [ [ 1655.0, 592.0 ], [ 1656.0, 592.0 ] ] } },
{ "type": "Feature", "properties": { "layer": "red_roads" }, "geometry": { "type": "LineString", "coordinates": [ [ 1655.0, 592.0 ], [ 1655.0, 593.0 ] ] } },
{ "type": "Feature", "properties": { "layer": "red_roads" }, "geometry": { "type": "LineString", "coordinates": [ [ 1655.0, 593.0 ], [ 1655.0, 594.0 ] ] } },
{ "type": "Feature", "properties": { "layer": "red_roads" }, "geometry": { "type": "LineString", "coordinates": [ [ 1655.0, 593.0 ], [ 1656.0, 592.0 ] ] } },
{ "type": "Feature", "properties": { "layer": "red_roads" }, "geometry": { "type": "LineString", "coordinates": [ [ 1655.0, 594.0 ], [ 1655.0, 595.0 ] ] } },
{ "type": "Feature", "properties": { "layer": "red_roads" }, "geometry": { "type": "LineString", "coordinates": [ [ 1655.0, 595.0 ], [ 1655.0, 599.0 ] ] } },
{ "type": "Feature", "properties": { "layer": "red_roads" }, "geometry": { "type": "LineString", "coordinates": [ [ 1656.0, 466.0 ], [ 1657.0, 466.0 ] ] } },
{ "type": "Feature", "properties": { "layer": "red_roads" }, "geometry": { "type": "LineString", "coordinates": [ [ 1656.0, 466.0 ], [ 1656.0, 467.0 ] ] } },
{ "type": "Feature", "properties": { "layer": "red_roads" }, "geometry": { "type": "LineString", "coordinates": [ [ 1656.0, 466.0 ], [ 1657.0, 465.0 ] ] } },
{ "type": "Feature", "properties": { "layer": "red_roads" }, "geometry": { "type": "LineString", "coordinates": [ [ 1656.0, 467.0 ], [ 1657.0, 466.0 ] ] } },
{ "type": "Feature", "properties": { "layer": "red_roads" }, "geometry": { "type": "LineString", "coordinates": [ [ 1656.0, 480.0 ], [ 1659.0, 478.0 ] ] } },
{ "type": "Feature", "properties": { "layer": "red_roads" }, "geometry": { "type": "LineString", "coordinates": [ [ 1656.0, 592.0 ], [ 1669.0, 592.0 ] ] } },
{ "type": "Feature", "properties": { "layer": "red_roads" }, "geometry": { "type": "LineString", "coordinates": [ [ 1657.0, 437.0 ], [ 1658.0, 438.0 ] ] } },
{ "type": "Feature", "properties": { "layer": "red_roads" }, "geometry": { "type": "LineString", "coordinates": [ [ 1657.0, 437.0 ], [ 1657.0, 438.0 ] ] } },
{ "type": "Feature", "properties": { "layer": "red_roads" }, "geometry": { "type": "LineString", "coordinates": [ [ 1657.0, 438.0 ], [ 1658.0, 438.0 ] ] } },
{ "type": "Feature", "properties": { "layer": "red_roads" }, "geometry": { "type": "LineString", "coordinates": [ [ 1657.0, 458.0 ], [ 1658.0, 458.0 ] ] } },
{ "type": "Feature", "properties": { "layer": "red_roads" }, "geometry": { "type": "LineString", "coordinates": [ [ 1657.0, 458.0 ], [ 1657.0, 459.0 ] ] } },
{ "type": "Feature", "properties": { "layer": "red_roads" }, "geometry": { "type": "LineString", "coordinates": [ [ 1657.0, 459.0 ], [ 1657.0, 465.0 ] ] } },
{ "type": "Feature", "properties": { "layer": "red_roads" }, "geometry": { "type": "LineString", "coordinates": [ [ 1657.0, 459.0 ], [ 1658.0, 458.0 ] ] } },
{ "type": "Feature", "properties": { "layer": "red_roads" }, "geometry": { "type": "LineString", "coordinates": [ [ 1657.0, 465.0 ], [ 1658.0, 466.0 ] ] } },
{ "type": "Feature", "properties": { "layer": "red_roads" }, "geometry": { "type": "LineString", "coordinates": [ [ 1657.0, 465.0 ], [ 1657.0, 466.0 ] ] } },
{ "type": "Feature", "properties": { "layer": "red_roads" }, "geometry": { "type": "LineString", "coordinates": [ [ 1657.0, 466.0 ], [ 1658.0, 466.0 ] ] } },
{ "type": "Feature", "properties": { "layer": "red_roads" }, "geometry": { "type": "LineString", "coordinates": [ [ 1657.0, 505.0 ], [ 1659.0, 505.0 ] ] } },
{ "type": "Feature", "properties": { "layer": "red_roads" }, "geometry": { "type": "LineString", "coordinates": [ [ 1657.0, 659.0 ], [ 1658.0, 659.0 ] ] } },
{ "type": "Feature", "properties": { "layer": "red_roads" }, "geometry": { "type": "LineString", "coordinates": [ [ 1657.0, 659.0 ], [ 1658.0, 660.0 ] ] } },
{ "type": "Feature", "properties": { "layer": "red_roads" }, "geometry": { "type": "LineString", "coordinates": [ [ 1657.0, 758.0 ], [ 1665.0, 754.0 ], [ 1674.0, 754.0 ] ] } },
{ "type": "Feature", "properties": { "layer": "red_roads" }, "geometry": { "type": "LineString", "coordinates": [ [ 1658.0, 438.0 ], [ 1659.0, 438.0 ] ] } },
{ "type": "Feature", "properties": { "layer": "red_roads" }, "geometry": { "type": "LineString", "coordinates": [ [ 1658.0, 458.0 ], [ 1667.0, 454.0 ] ] } },
{ "type": "Feature", "properties": { "layer": "red_roads" }, "geometry": { "type": "LineString", "coordinates": [ [ 1658.0, 466.0 ], [ 1661.0, 468.0 ], [ 1666.0, 468.0 ] ] } },
{ "type": "Feature", "properties": { "layer": "red_roads" }, "geometry": { "type": "LineString", "coordinates": [ [ 1659.0, 522.0 ], [ 1658.0, 525.0 ] ] } },
{ "type": "Feature", "properties": { "layer": "red_roads" }, "geometry": { "type": "LineString", "coordinates": [ [ 1658.0, 580.0 ], [ 1662.0, 580.0 ], [ 1666.0, 577.0 ] ] } },
{ "type": "Feature", "properties": { "layer": "red_roads" }, "geometry": { "type": "LineString", "coordinates": [ [ 1658.0, 659.0 ], [ 1658.0, 660.0 ] ] } },
{ "type": "Feature", "properties": { "layer": "red_roads" }, "geometry": { "type": "LineString", "coordinates": [ [ 1658.0, 659.0 ], [ 1660.0, 657.0 ] ] } },
{ "type": "Feature", "properties": { "layer": "red_roads" }, "geometry": { "type": "LineString", "coordinates": [ [ 1658.0, 660.0 ], [ 1659.0, 667.0 ], [ 1661.0, 669.0 ] ] } },
{ "type": "Feature", "properties": { "layer": "red_roads" }, "geometry": { "type": "LineString", "coordinates": [ [ 1658.0, 826.0 ], [ 1664.0, 829.0 ] ] } },
{ "type": "Feature", "properties": { "layer": "red_roads" }, "geometry": { "type": "LineString", "coordinates": [ [ 1659.0, 426.0 ], [ 1660.0, 426.0 ] ] } },
{ "type": "Feature", "properties": { "layer": "red_roads" }, "geometry": { "type": "LineString", "coordinates": [ [ 1659.0, 426.0 ], [ 1660.0, 427.0 ] ] } },
{ "type": "Feature", "properties": { "layer": "red_roads" }, "geometry": { "type": "LineString", "coordinates": [ [ 1659.0, 435.0 ], [ 1660.0, 435.0 ] ] } },
{ "type": "Feature", "properties": { "layer": "red_roads" }, "geometry": { "type": "LineString", "coordinates": [ [ 1659.0, 435.0 ], [ 1660.0, 434.0 ] ] } },
{ "type": "Feature", "properties": { "layer": "red_roads" }, "geometry": { "type": "LineString", "coordinates": [ [ 1659.0, 438.0 ], [ 1660.0, 438.0 ] ] } },
{ "type": "Feature", "properties": { "layer": "red_roads" }, "geometry": { "type": "LineString", "coordinates": [ [ 1659.0, 438.0 ], [ 1660.0, 439.0 ] ] } },
{ "type": "Feature", "properties": { "layer": "red_roads" }, "geometry": { "type": "LineString", "coordinates": [ [ 1659.0, 441.0 ], [ 1660.0, 441.0 ] ] } },
{ "type": "Feature", "properties": { "layer": "red_roads" }, "geometry": { "type": "LineString", "coordinates": [ [ 1659.0, 441.0 ], [ 1660.0, 440.0 ] ] } },
{ "type": "Feature", "properties": { "layer": "red_roads" }, "geometry": { "type": "LineString", "coordinates": [ [ 1659.0, 505.0 ], [ 1660.0, 505.0 ] ] } },
{ "type": "Feature", "properties": { "layer": "red_roads" }, "geometry": { "type": "LineString", "coordinates": [ [ 1659.0, 505.0 ], [ 1660.0, 504.0 ] ] } },
{ "type": "Feature", "properties": { "layer": "red_roads" }, "geometry": { "type": "LineString", "coordinates": [ [ 1659.0, 520.0 ], [ 1660.0, 521.0 ] ] } },
{ "type": "Feature", "properties": { "layer": "red_roads" }, "geometry": { "type": "LineString", "coordinates": [ [ 1659.0, 520.0 ], [ 1659.0, 521.0 ] ] } },
{ "type": "Feature", "properties": { "layer": "red_roads" }, "geometry": { "type": "LineString", "coordinates": [ [ 1659.0, 521.0 ], [ 1660.0, 521.0 ] ] } },
{ "type": "Feature", "properties": { "layer": "red_roads" }, "geometry": { "type": "LineString", "coordinates": [ [ 1659.0, 521.0 ], [ 1659.0, 522.0 ] ] } },
{ "type": "Feature", "properties": { "layer": "red_roads" }, "geometry": { "type": "LineString", "coordinates": [ [ 1659.0, 522.0 ], [ 1660.0, 521.0 ] ] } },
{ "type": "Feature", "properties": { "layer": "red_roads" }, "geometry": { "type": "LineString", "coordinates": [ [ 1659.0, 707.0 ], [ 1660.0, 707.0 ] ] } },
{ "type": "Feature", "properties": { "layer": "red_roads" }, "geometry": { "type": "LineString", "coordinates": [ [ 1659.0, 707.0 ], [ 1660.0, 706.0 ] ] } },
{ "type": "Feature", "properties": { "layer": "red_roads" }, "geometry": { "type": "LineString", "coordinates": [ [ 1660.0, 426.0 ], [ 1661.0, 426.0 ] ] } },
{ "type": "Feature", "properties": { "layer": "red_roads" }, "geometry": { "type": "LineString", "coordinates": [ [ 1660.0, 426.0 ], [ 1660.0, 427.0 ] ] } },
{ "type": "Feature", "properties": { "layer": "red_roads" }, "geometry": { "type": "LineString", "coordinates": [ [ 1660.0, 427.0 ], [ 1660.0, 434.0 ] ] } },
{ "type": "Feature", "properties": { "layer": "red_roads" }, "geometry": { "type": "LineString", "coordinates": [ [ 1660.0, 427.0 ], [ 1661.0, 426.0 ] ] } },
{ "type": "Feature", "properties": { "layer": "red_roads" }, "geometry": { "type": "LineString", "coordinates": [ [ 1660.0, 434.0 ], [ 1660.0, 435.0 ] ] } },
{ "type": "Feature", "properties": { "layer": "red_roads" }, "geometry": { "type": "LineString", "coordinates": [ [ 1660.0, 435.0 ], [ 1661.0, 436.0 ] ] } },
{ "type": "Feature", "properties": { "layer": "red_roads" }, "geometry": { "type": "LineString", "coordinates": [ [ 1660.0, 438.0 ], [ 1660.0, 439.0 ] ] } },
{ "type": "Feature", "properties": { "layer": "red_roads" }, "geometry": { "type": "LineString", "coordinates": [ [ 1660.0, 438.0 ], [ 1661.0, 437.0 ] ] } },
{ "type": "Feature", "properties": { "layer": "red_roads" }, "geometry": { "type": "LineString", "coordinates": [ [ 1660.0, 439.0 ], [ 1660.0, 440.0 ] ] } },
{ "type": "Feature", "properties": { "layer": "red_roads" }, "geometry": { "type": "LineString", "coordinates": [ [ 1660.0, 440.0 ], [ 1661.0, 441.0 ] ] } },
{ "type": "Feature", "properties": { "layer": "red_roads" }, "geometry": { "type": "LineString", "coordinates": [ [ 1660.0, 440.0 ], [ 1660.0, 441.0 ] ] } },
{ "type": "Feature", "properties": { "layer": "red_roads" }, "geometry": { "type": "LineString", "coordinates": [ [ 1660.0, 441.0 ], [ 1661.0, 441.0 ] ] } },
{ "type": "Feature", "properties": { "layer": "red_roads" }, "geometry": { "type": "LineString", "coordinates": [ [ 1660.0, 503.0 ], [ 1660.0, 504.0 ] ] } },
{ "type": "Feature", "properties": { "layer": "red_roads" }, "geometry": { "type": "LineString", "coordinates": [ [ 1660.0, 504.0 ], [ 1660.0, 505.0 ] ] } },
{ "type": "Feature", "properties": { "layer": "red_roads" }, "geometry": { "type": "LineString", "coordinates": [ [ 1660.0, 505.0 ], [ 1668.0, 509.0 ] ] } },
{ "type": "Feature", "properties": { "layer": "red_roads" }, "geometry": { "type": "LineString", "coordinates": [ [ 1660.0, 521.0 ], [ 1671.0, 522.0 ] ] } },
{ "type": "Feature", "properties": { "layer": "red_roads" }, "geometry": { "type": "LineString", "coordinates": [ [ 1660.0, 534.0 ], [ 1661.0, 534.0 ] ] } },
{ "type": "Feature", "properties": { "layer": "red_roads" }, "geometry": { "type": "LineString", "coordinates": [ [ 1660.0, 534.0 ], [ 1660.0, 535.0 ] ] } },
{ "type": "Feature", "properties": { "layer": "red_roads" }, "geometry": { "type": "LineString", "coordinates": [ [ 1660.0, 535.0 ], [ 1660.0, 540.0 ] ] } },
{ "type": "Feature", "properties": { "layer": "red_roads" }, "geometry": { "type": "LineString", "coordinates": [ [ 1660.0, 535.0 ], [ 1661.0, 534.0 ] ] } },
{ "type": "Feature", "properties": { "layer": "red_roads" }, "geometry": { "type": "LineString", "coordinates": [ [ 1660.0, 540.0 ], [ 1661.0, 541.0 ] ] } },
{ "type": "Feature", "properties": { "layer": "red_roads" }, "geometry": { "type": "LineString", "coordinates": [ [ 1660.0, 540.0 ], [ 1660.0, 541.0 ] ] } },
{ "type": "Feature", "properties": { "layer": "red_roads" }, "geometry": { "type": "LineString", "coordinates": [ [ 1660.0, 541.0 ], [ 1661.0, 541.0 ] ] } },
{ "type": "Feature", "properties": { "layer": "red_roads" }, "geometry": { "type": "LineString", "coordinates": [ [ 1660.0, 541.0 ], [ 1660.0, 542.0 ] ] } },
{ "type": "Feature", "properties": { "layer": "red_roads" }, "geometry": { "type": "LineString", "coordinates": [ [ 1660.0, 542.0 ], [ 1661.0, 541.0 ] ] } },
{ "type": "Feature", "properties": { "layer": "red_roads" }, "geometry": { "type": "LineString", "coordinates": [ [ 1660.0, 647.0 ], [ 1663.0, 649.0 ] ] } },
{ "type": "Feature", "properties": { "layer": "red_roads" }, "geometry": { "type": "LineString", "coordinates": [ [ 1660.0, 656.0 ], [ 1661.0, 657.0 ] ] } },
{ "type": "Feature", "properties": { "layer": "red_roads" }, "geometry": { "type": "LineString", "coordinates": [ [ 1660.0, 656.0 ], [ 1660.0, 657.0 ] ] } },
{ "type": "Feature", "properties": { "layer": "red_roads" }, "geometry": { "type": "LineString", "coordinates": [ [ 1660.0, 656.0 ], [ 1663.0, 651.0 ] ] } },
{ "type": "Feature", "properties": { "layer": "red_roads" }, "geometry": { "type": "LineString", "coordinates": [ [ 1660.0, 657.0 ], [ 1661.0, 657.0 ] ] } },
{ "type": "Feature", "properties": { "layer": "red_roads" }, "geometry": { "type": "LineString", "coordinates": [ [ 1660.0, 706.0 ], [ 1660.0, 707.0 ] ] } },
{ "type": "Feature", "properties": { "layer": "red_roads" }, "geometry": { "type": "LineString", "coordinates": [ [ 1664.0, 698.0 ], [ 1662.0, 699.0 ], [ 1660.0, 706.0 ] ] } },
{ "type": "Feature", "properties": { "layer": "red_roads" }, "geometry": { "type": "LineString", "coordinates": [ [ 1660.0, 707.0 ], [ 1662.0, 708.0 ] ] } },
{ "type": "Feature", "properties": { "layer": "red_roads" }, "geometry": { "type": "LineString", "coordinates": [ [ 1660.0, 832.0 ], [ 1663.0, 830.0 ] ] } },
{ "type": "Feature", "properties": { "layer": "red_roads" }, "geometry": { "type": "LineString", "coordinates": [ [ 1661.0, 311.0 ], [ 1662.0, 311.0 ] ] } },
{ "type": "Feature", "properties": { "layer": "red_roads" }, "geometry": { "type": "LineString", "coordinates": [ [ 1661.0, 311.0 ], [ 1662.0, 310.0 ] ] } },
{ "type": "Feature", "properties": { "layer": "red_roads" }, "geometry": { "type": "LineString", "coordinates": [ [ 1661.0, 426.0 ], [ 1663.0, 424.0 ], [ 1666.0, 424.0 ] ] } },
{ "type": "Feature", "properties": { "layer": "red_roads" }, "geometry": { "type": "LineString", "coordinates": [ [ 1661.0, 436.0 ], [ 1662.0, 436.0 ] ] } },
{ "type": "Feature", "properties": { "layer": "red_roads" }, "geometry": { "type": "LineString", "coordinates": [ [ 1661.0, 436.0 ], [ 1661.5, 436.5 ] ] } },
{ "type": "Feature", "properties": { "layer": "red_roads" }, "geometry": { "type": "LineString", "coordinates": [ [ 1661.0, 436.0 ], [ 1661.0, 437.0 ] ] } },
{ "type": "Feature", "properties": { "layer": "red_roads" }, "geometry": { "type": "LineString", "coordinates": [ [ 1661.0, 436.0 ], [ 1662.0, 435.0 ] ] } },
{ "type": "Feature", "properties": { "layer": "red_roads" }, "geometry": { "type": "LineString", "coordinates": [ [ 1661.0, 437.0 ], [ 1662.0, 437.0 ] ] } },
{ "type": "Feature", "properties": { "layer": "red_roads" }, "geometry": { "type": "LineString", "coordinates": [ [ 1661.0, 437.0 ], [ 1661.5, 436.5 ] ] } },
{ "type": "Feature", "properties": { "layer": "red_roads" }, "geometry": { "type": "LineString", "coordinates": [ [ 1661.0, 441.0 ], [ 1665.0, 445.0 ], [ 1667.0, 453.0 ] ] } },
{ "type": "Feature", "properties": { "layer": "red_roads" }, "geometry": { "type": "LineString", "coordinates": [ [ 1661.0, 534.0 ], [ 1663.0, 533.0 ] ] } },
{ "type": "Feature", "properties": { "layer": "red_roads" }, "geometry": { "type": "LineString", "coordinates": [ [ 1661.0, 541.0 ], [ 1666.0, 539.0 ] ] } },
{ "type": "Feature", "properties": { "layer": "red_roads" }, "geometry": { "type": "LineString", "coordinates": [ [ 1661.0, 572.0 ], [ 1666.0, 577.0 ] ] } },
{ "type": "Feature", "properties": { "layer": "red_roads" }, "geometry": { "type": "LineString", "coordinates": [ [ 1661.0, 657.0 ], [ 1665.0, 658.0 ], [ 1667.0, 656.0 ], [ 1667.0, 653.0 ], [ 1665.0, 651.0 ] ] } },
{ "type": "Feature", "properties": { "layer": "red_roads" }, "geometry": { "type": "LineString", "coordinates": [ [ 1661.0, 669.0 ], [ 1662.0, 670.0 ] ] } },
{ "type": "Feature", "properties": { "layer": "red_roads" }, "geometry": { "type": "LineString", "coordinates": [ [ 1661.0, 669.0 ], [ 1661.0, 670.0 ] ] } },
{ "type": "Feature", "properties": { "layer": "red_roads" }, "geometry": { "type": "LineString", "coordinates": [ [ 1661.0, 670.0 ], [ 1662.0, 670.0 ] ] } },
{ "type": "Feature", "properties": { "layer": "red_roads" }, "geometry": { "type": "LineString", "coordinates": [ [ 1661.5, 436.5 ], [ 1662.0, 437.0 ] ] } },
{ "type": "Feature", "properties": { "layer": "red_roads" }, "geometry": { "type": "LineString", "coordinates": [ [ 1661.5, 436.5 ], [ 1662.0, 436.0 ] ] } },
{ "type": "Feature", "properties": { "layer": "red_roads" }, "geometry": { "type": "LineString", "coordinates": [ [ 1662.0, 310.0 ], [ 1662.0, 311.0 ] ] } },
{ "type": "Feature", "properties": { "layer": "red_roads" }, "geometry": { "type": "LineString", "coordinates": [ [ 1662.0, 310.0 ], [ 1663.0, 308.0 ] ] } },
{ "type": "Feature", "properties": { "layer": "red_roads" }, "geometry": { "type": "LineString", "coordinates": [ [ 1662.0, 311.0 ], [ 1665.0, 315.0 ] ] } },
{ "type": "Feature", "properties": { "layer": "red_roads" }, "geometry": { "type": "LineString", "coordinates": [ [ 1662.0, 435.0 ], [ 1662.0, 436.0 ] ] } },
{ "type": "Feature", "properties": { "layer": "red_roads" }, "geometry": { "type": "LineString", "coordinates": [ [ 1662.0, 435.0 ], [ 1666.0, 431.0 ] ] } },
{ "type": "Feature", "properties": { "layer": "red_roads" }, "geometry": { "type": "LineString", "coordinates": [ [ 1662.0, 436.0 ], [ 1662.0, 437.0 ] ] } },
{ "type": "Feature", "properties": { "layer": "red_roads" }, "geometry": { "type": "LineString", "coordinates": [ [ 1662.0, 437.0 ], [ 1668.0, 438.0 ] ] } },
{ "type": "Feature", "properties": { "layer": "red_roads" }, "geometry": { "type": "LineString", "coordinates": [ [ 1662.0, 670.0 ], [ 1668.0, 671.0 ] ] } },
{ "type": "Feature", "properties": { "layer": "red_roads" }, "geometry": { "type": "LineString", "coordinates": [ [ 1662.0, 848.0 ], [ 1665.0, 851.0 ], [ 1666.0, 857.0 ], [ 1668.0, 859.0 ] ] } },
{ "type": "Feature", "properties": { "layer": "red_roads" }, "geometry": { "type": "LineString", "coordinates": [ [ 1663.0, 307.0 ], [ 1664.0, 307.0 ] ] } },
{ "type": "Feature", "properties": { "layer": "red_roads" }, "geometry": { "type": "LineString", "coordinates": [ [ 1663.0, 307.0 ], [ 1663.0, 308.0 ] ] } },
{ "type": "Feature", "properties": { "layer": "red_roads" }, "geometry": { "type": "LineString", "coordinates": [ [ 1663.0, 307.0 ], [ 1664.0, 306.0 ] ] } },
{ "type": "Feature", "properties": { "layer": "red_roads" }, "geometry": { "type": "LineString", "coordinates": [ [ 1663.0, 308.0 ], [ 1664.0, 307.0 ] ] } },
{ "type": "Feature", "properties": { "layer": "red_roads" }, "geometry": { "type": "LineString", "coordinates": [ [ 1663.0, 605.0 ], [ 1667.0, 605.0 ], [ 1668.0, 608.0 ] ] } },
{ "type": "Feature", "properties": { "layer": "red_roads" }, "geometry": { "type": "LineString", "coordinates": [ [ 1663.0, 649.0 ], [ 1664.0, 649.0 ] ] } },
{ "type": "Feature", "properties": { "layer": "red_roads" }, "geometry": { "type": "LineString", "coordinates": [ [ 1663.0, 649.0 ], [ 1664.0, 650.0 ] ] } },
{ "type": "Feature", "properties": { "layer": "red_roads" }, "geometry": { "type": "LineString", "coordinates": [ [ 1663.0, 651.0 ], [ 1664.0, 651.0 ] ] } },
{ "type": "Feature", "properties": { "layer": "red_roads" }, "geometry": { "type": "LineString", "coordinates": [ [ 1663.0, 651.0 ], [ 1664.0, 650.0 ] ] } },
{ "type": "Feature", "properties": { "layer": "red_roads" }, "geometry": { "type": "LineString", "coordinates": [ [ 1663.0, 830.0 ], [ 1664.0, 830.0 ] ] } },
{ "type": "Feature", "properties": { "layer": "red_roads" }, "geometry": { "type": "LineString", "coordinates": [ [ 1663.0, 830.0 ], [ 1664.0, 829.0 ] ] } },
{ "type": "Feature", "properties": { "layer": "red_roads" }, "geometry": { "type": "LineString", "coordinates": [ [ 1664.0, 303.0 ], [ 1664.0, 306.0 ] ] } },
{ "type": "Feature", "properties": { "layer": "red_roads" }, "geometry": { "type": "LineString", "coordinates": [ [ 1664.0, 306.0 ], [ 1665.0, 307.0 ] ] } },
{ "type": "Feature", "properties": { "layer": "red_roads" }, "geometry": { "type": "LineString", "coordinates": [ [ 1664.0, 306.0 ], [ 1664.0, 307.0 ] ] } },
{ "type": "Feature", "properties": { "layer": "red_roads" }, "geometry": { "type": "LineString", "coordinates": [ [ 1664.0, 307.0 ], [ 1665.0, 307.0 ] ] } },
{ "type": "Feature", "properties": { "layer": "red_roads" }, "geometry": { "type": "LineString", "coordinates": [ [ 1664.0, 620.0 ], [ 1669.0, 625.0 ] ] } },
{ "type": "Feature", "properties": { "layer": "red_roads" }, "geometry": { "type": "LineString", "coordinates": [ [ 1664.0, 649.0 ], [ 1664.0, 650.0 ] ] } },
{ "type": "Feature", "properties": { "layer": "red_roads" }, "geometry": { "type": "LineString", "coordinates": [ [ 1664.0, 649.0 ], [ 1668.0, 645.0 ] ] } },
{ "type": "Feature", "properties": { "layer": "red_roads" }, "geometry": { "type": "LineString", "coordinates": [ [ 1664.0, 650.0 ], [ 1665.0, 651.0 ] ] } },
{ "type": "Feature", "properties": { "layer": "red_roads" }, "geometry": { "type": "LineString", "coordinates": [ [ 1664.0, 650.0 ], [ 1664.0, 651.0 ] ] } },
{ "type": "Feature", "properties": { "layer": "red_roads" }, "geometry": { "type": "LineString", "coordinates": [ [ 1664.0, 651.0 ], [ 1665.0, 651.0 ] ] } },
{ "type": "Feature", "properties": { "layer": "red_roads" }, "geometry": { "type": "LineString", "coordinates": [ [ 1664.0, 829.0 ], [ 1665.0, 829.0 ] ] } },
{ "type": "Feature", "properties": { "layer": "red_roads" }, "geometry": { "type": "LineString", "coordinates": [ [ 1664.0, 829.0 ], [ 1664.5, 829.5 ] ] } },
{ "type": "Feature", "properties": { "layer": "red_roads" }, "geometry": { "type": "LineString", "coordinates": [ [ 1664.0, 829.0 ], [ 1664.0, 830.0 ] ] } },
{ "type": "Feature", "properties": { "layer": "red_roads" }, "geometry": { "type": "LineString", "coordinates": [ [ 1664.0, 830.0 ], [ 1665.0, 830.0 ] ] } },
{ "type": "Feature", "properties": { "layer": "red_roads" }, "geometry": { "type": "LineString", "coordinates": [ [ 1664.0, 830.0 ], [ 1665.0, 831.0 ] ] } },
{ "type": "Feature", "properties": { "layer": "red_roads" }, "geometry": { "type": "LineString", "coordinates": [ [ 1664.0, 830.0 ], [ 1664.5, 829.5 ] ] } },
{ "type": "Feature", "properties": { "layer": "red_roads" }, "geometry": { "type": "LineString", "coordinates": [ [ 1664.0, 840.0 ], [ 1666.0, 837.0 ] ] } },
{ "type": "Feature", "properties": { "layer": "red_roads" }, "geometry": { "type": "LineString", "coordinates": [ [ 1664.5, 829.5 ], [ 1665.0, 830.0 ] ] } },
{ "type": "Feature", "properties": { "layer": "red_roads" }, "geometry": { "type": "LineString", "coordinates": [ [ 1664.5, 829.5 ], [ 1665.0, 829.0 ] ] } },
{ "type": "Feature", "properties": { "layer": "red_roads" }, "geometry": { "type": "LineString", "coordinates": [ [ 1665.0, 307.0 ], [ 1667.0, 307.0 ] ] } },
{ "type": "Feature", "properties": { "layer": "red_roads" }, "geometry": { "type": "LineString", "coordinates": [ [ 1665.0, 315.0 ], [ 1666.0, 315.0 ] ] } },
{ "type": "Feature", "properties": { "layer": "red_roads" }, "geometry": { "type": "LineString", "coordinates": [ [ 1665.0, 315.0 ], [ 1666.0, 316.0 ] ] } },
{ "type": "Feature", "properties": { "layer": "red_roads" }, "geometry": { "type": "LineString", "coordinates": [ [ 1665.0, 829.0 ], [ 1665.0, 830.0 ] ] } },
{ "type": "Feature", "properties": { "layer": "red_roads" }, "geometry": { "type": "LineString", "coordinates": [ [ 1665.0, 829.0 ], [ 1668.0, 827.0 ] ] } },
{ "type": "Feature", "properties": { "layer": "red_roads" }, "geometry": { "type": "LineString", "coordinates": [ [ 1665.0, 830.0 ], [ 1665.0, 831.0 ] ] } },
{ "type": "Feature", "properties": { "layer": "red_roads" }, "geometry": { "type": "LineString", "coordinates": [ [ 1665.0, 831.0 ], [ 1667.0, 834.0 ] ] } },
{ "type": "Feature", "properties": { "layer": "red_roads" }, "geometry": { "type": "LineString", "coordinates": [ [ 1666.0, 315.0 ], [ 1667.0, 315.0 ] ] } },
{ "type": "Feature", "properties": { "layer": "red_roads" }, "geometry": { "type": "LineString", "coordinates": [ [ 1666.0, 315.0 ], [ 1666.0, 316.0 ] ] } },
{ "type": "Feature", "properties": { "layer": "red_roads" }, "geometry": { "type": "LineString", "coordinates": [ [ 1666.0, 316.0 ], [ 1667.0, 318.0 ] ] } },
{ "type": "Feature", "properties": { "layer": "red_roads" }, "geometry": { "type": "LineString", "coordinates": [ [ 1666.0, 316.0 ], [ 1667.0, 315.0 ] ] } },
{ "type": "Feature", "properties": { "layer": "red_roads" }, "geometry": { "type": "LineString", "coordinates": [ [ 1666.0, 424.0 ], [ 1667.0, 424.0 ] ] } },
{ "type": "Feature", "properties": { "layer": "red_roads" }, "geometry": { "type": "LineString", "coordinates": [ [ 1666.0, 424.0 ], [ 1667.0, 425.0 ] ] } },
{ "type": "Feature", "properties": { "layer": "red_roads" }, "geometry": { "type": "LineString", "coordinates": [ [ 1666.0, 430.0 ], [ 1667.0, 431.0 ] ] } },
{ "type": "Feature", "properties": { "layer": "red_roads" }, "geometry": { "type": "LineString", "coordinates": [ [ 1666.0, 430.0 ], [ 1666.0, 431.0 ] ] } },
{ "type": "Feature", "properties": { "layer": "red_roads" }, "geometry": { "type": "LineString", "coordinates": [ [ 1667.0, 425.0 ], [ 1666.0, 430.0 ] ] } },
{ "type": "Feature", "properties": { "layer": "red_roads" }, "geometry": { "type": "LineString", "coordinates": [ [ 1666.0, 431.0 ], [ 1667.0, 431.0 ] ] } },
{ "type": "Feature", "properties": { "layer": "red_roads" }, "geometry": { "type": "LineString", "coordinates": [ [ 1666.0, 577.0 ], [ 1668.0, 577.0 ] ] } },
{ "type": "Feature", "properties": { "layer": "red_roads" }, "geometry": { "type": "LineString", "coordinates": [ [ 1666.0, 837.0 ], [ 1667.0, 837.0 ] ] } },
{ "type": "Feature", "properties": { "layer": "red_roads" }, "geometry": { "type": "LineString", "coordinates": [ [ 1666.0, 837.0 ], [ 1667.0, 836.0 ] ] } },
{ "type": "Feature", "properties": { "layer": "red_roads" }, "geometry": { "type": "LineString", "coordinates": [ [ 1666.0, 893.0 ], [ 1668.0, 895.0 ], [ 1675.0, 895.0 ] ] } },
{ "type": "Feature", "properties": { "layer": "red_roads" }, "geometry": { "type": "LineString", "coordinates": [ [ 1667.0, 315.0 ], [ 1671.0, 312.0 ], [ 1675.0, 312.0 ] ] } },
{ "type": "Feature", "properties": { "layer": "red_roads" }, "geometry": { "type": "LineString", "coordinates": [ [ 1667.0, 424.0 ], [ 1668.0, 424.0 ] ] } },
{ "type": "Feature", "properties": { "layer": "red_roads" }, "geometry": { "type": "LineString", "coordinates": [ [ 1667.0, 424.0 ], [ 1667.0, 425.0 ] ] } },
{ "type": "Feature", "properties": { "layer": "red_roads" }, "geometry": { "type": "LineString", "coordinates": [ [ 1667.0, 425.0 ], [ 1668.0, 424.0 ] ] } },
{ "type": "Feature", "properties": { "layer": "red_roads" }, "geometry": { "type": "LineString", "coordinates": [ [ 1667.0, 431.0 ], [ 1672.0, 430.0 ] ] } },
{ "type": "Feature", "properties": { "layer": "red_roads" }, "geometry": { "type": "LineString", "coordinates": [ [ 1667.0, 453.0 ], [ 1668.0, 454.0 ] ] } },
{ "type": "Feature", "properties": { "layer": "red_roads" }, "geometry": { "type": "LineString", "coordinates": [ [ 1667.0, 453.0 ], [ 1667.0, 454.0 ] ] } },
{ "type": "Feature", "properties": { "layer": "red_roads" }, "geometry": { "type": "LineString", "coordinates": [ [ 1667.0, 454.0 ], [ 1668.0, 454.0 ] ] } },
{ "type": "Feature", "properties": { "layer": "red_roads" }, "geometry": { "type": "LineString", "coordinates": [ [ 1667.0, 834.0 ], [ 1668.0, 834.0 ] ] } },
{ "type": "Feature", "properties": { "layer": "red_roads" }, "geometry": { "type": "LineString", "coordinates": [ [ 1667.0, 834.0 ], [ 1667.0, 835.0 ] ] } },
{ "type": "Feature", "properties": { "layer": "red_roads" }, "geometry": { "type": "LineString", "coordinates": [ [ 1667.0, 835.0 ], [ 1667.0, 836.0 ] ] } },
{ "type": "Feature", "properties": { "layer": "red_roads" }, "geometry": { "type": "LineString", "coordinates": [ [ 1667.0, 835.0 ], [ 1668.0, 834.0 ] ] } },
{ "type": "Feature", "properties": { "layer": "red_roads" }, "geometry": { "type": "LineString", "coordinates": [ [ 1667.0, 836.0 ], [ 1668.0, 837.0 ] ] } },
{ "type": "Feature", "properties": { "layer": "red_roads" }, "geometry": { "type": "LineString", "coordinates": [ [ 1667.0, 836.0 ], [ 1667.0, 837.0 ] ] } },
{ "type": "Feature", "properties": { "layer": "red_roads" }, "geometry": { "type": "LineString", "coordinates": [ [ 1667.0, 837.0 ], [ 1668.0, 837.0 ] ] } },
{ "type": "Feature", "properties": { "layer": "red_roads" }, "geometry": { "type": "LineString", "coordinates": [ [ 1668.0, 424.0 ], [ 1672.0, 424.0 ] ] } },
{ "type": "Feature", "properties": { "layer": "red_roads" }, "geometry": { "type": "LineString", "coordinates": [ [ 1668.0, 438.0 ], [ 1674.0, 439.0 ] ] } },
{ "type": "Feature", "properties": { "layer": "red_roads" }, "geometry": { "type": "LineString", "coordinates": [ [ 1668.0, 438.0 ], [ 1673.0, 434.0 ] ] } },
{ "type": "Feature", "properties": { "layer": "red_roads" }, "geometry": { "type": "LineString", "coordinates": [ [ 1668.0, 454.0 ], [ 1670.0, 455.0 ], [ 1670.0, 459.0 ], [ 1674.0, 464.0 ], [ 1674.0, 468.0 ] ] } },
{ "type": "Feature", "properties": { "layer": "red_roads" }, "geometry": { "type": "LineString", "coordinates": [ [ 1668.0, 509.0 ], [ 1669.0, 509.0 ] ] } },
{ "type": "Feature", "properties": { "layer": "red_roads" }, "geometry": { "type": "LineString", "coordinates": [ [ 1668.0, 509.0 ], [ 1669.0, 508.0 ] ] } },
{ "type": "Feature", "properties": { "layer": "red_roads" }, "geometry": { "type": "LineString", "coordinates": [ [ 1668.0, 577.0 ], [ 1669.0, 577.0 ] ] } },
{ "type": "Feature", "properties": { "layer": "red_roads" }, "geometry": { "type": "LineString", "coordinates": [ [ 1668.0, 577.0 ], [ 1669.0, 578.0 ] ] } },
{ "type": "Feature", "properties": { "layer": "red_roads" }, "geometry": { "type": "LineString", "coordinates": [ [ 1668.0, 608.0 ], [ 1669.0, 609.0 ] ] } },
{ "type": "Feature", "properties": { "layer": "red_roads" }, "geometry": { "type": "LineString", "coordinates": [ [ 1668.0, 608.0 ], [ 1668.0, 609.0 ] ] } },
{ "type": "Feature", "properties": { "layer": "red_roads" }, "geometry": { "type": "LineString", "coordinates": [ [ 1668.0, 609.0 ], [ 1669.0, 609.0 ] ] } },
{ "type": "Feature", "properties": { "layer": "red_roads" }, "geometry": { "type": "LineString", "coordinates": [ [ 1668.0, 609.0 ], [ 1668.0, 610.0 ] ] } },
{ "type": "Feature", "properties": { "layer": "red_roads" }, "geometry": { "type": "LineString", "coordinates": [ [ 1668.0, 610.0 ], [ 1668.0, 613.0 ] ] } },
{ "type": "Feature", "properties": { "layer": "red_roads" }, "geometry": { "type": "LineString", "coordinates": [ [ 1668.0, 610.0 ], [ 1669.0, 609.0 ] ] } },
{ "type": "Feature", "properties": { "layer": "red_roads" }, "geometry": { "type": "LineString", "coordinates": [ [ 1668.0, 671.0 ], [ 1669.0, 671.0 ] ] } },
{ "type": "Feature", "properties": { "layer": "red_roads" }, "geometry": { "type": "LineString", "coordinates": [ [ 1668.0, 671.0 ], [ 1669.0, 672.0 ] ] } },
{ "type": "Feature", "properties": { "layer": "red_roads" }, "geometry": { "type": "LineString", "coordinates": [ [ 1668.0, 834.0 ], [ 1670.0, 832.0 ] ] } },
{ "type": "Feature", "properties": { "layer": "red_roads" }, "geometry": { "type": "LineString", "coordinates": [ [ 1668.0, 837.0 ], [ 1672.0, 841.0 ], [ 1672.0, 843.0 ] ] } },
{ "type": "Feature", "properties": { "layer": "red_roads" }, "geometry": { "type": "LineString", "coordinates": [ [ 1668.0, 859.0 ], [ 1669.0, 859.0 ] ] } },
{ "type": "Feature", "properties": { "layer": "red_roads" }, "geometry": { "type": "LineString", "coordinates": [ [ 1668.0, 859.0 ], [ 1669.0, 860.0 ] ] } },
{ "type": "Feature", "properties": { "layer": "red_roads" }, "geometry": { "type": "LineString", "coordinates": [ [ 1669.0, 508.0 ], [ 1670.0, 509.0 ] ] } },
{ "type": "Feature", "properties": { "layer": "red_roads" }, "geometry": { "type": "LineString", "coordinates": [ [ 1669.0, 508.0 ], [ 1669.0, 509.0 ] ] } },
{ "type": "Feature", "properties": { "layer": "red_roads" }, "geometry": { "type": "LineString", "coordinates": [ [ 1670.0, 505.0 ], [ 1669.0, 508.0 ] ] } },
{ "type": "Feature", "properties": { "layer": "red_roads" }, "geometry": { "type": "LineString", "coordinates": [ [ 1669.0, 509.0 ], [ 1670.0, 509.0 ] ] } },
{ "type": "Feature", "properties": { "layer": "red_roads" }, "geometry": { "type": "LineString", "coordinates": [ [ 1669.0, 577.0 ], [ 1670.0, 577.0 ] ] } },
{ "type": "Feature", "properties": { "layer": "red_roads" }, "geometry": { "type": "LineString", "coordinates": [ [ 1669.0, 577.0 ], [ 1669.0, 578.0 ] ] } },
{ "type": "Feature", "properties": { "layer": "red_roads" }, "geometry": { "type": "LineString", "coordinates": [ [ 1669.0, 577.0 ], [ 1670.0, 576.0 ] ] } },
{ "type": "Feature", "properties": { "layer": "red_roads" }, "geometry": { "type": "LineString", "coordinates": [ [ 1669.0, 578.0 ], [ 1670.0, 591.0 ] ] } },
{ "type": "Feature", "properties": { "layer": "red_roads" }, "geometry": { "type": "LineString", "coordinates": [ [ 1669.0, 578.0 ], [ 1670.0, 577.0 ] ] } },
{ "type": "Feature", "properties": { "layer": "red_roads" }, "geometry": { "type": "LineString", "coordinates": [ [ 1669.0, 592.0 ], [ 1670.0, 592.0 ] ] } },
{ "type": "Feature", "properties": { "layer": "red_roads" }, "geometry": { "type": "LineString", "coordinates": [ [ 1669.0, 592.0 ], [ 1670.0, 593.0 ] ] } },
{ "type": "Feature", "properties": { "layer": "red_roads" }, "geometry": { "type": "LineString", "coordinates": [ [ 1669.0, 592.0 ], [ 1670.0, 591.0 ] ] } },
{ "type": "Feature", "properties": { "layer": "red_roads" }, "geometry": { "type": "LineString", "coordinates": [ [ 1669.0, 609.0 ], [ 1672.0, 609.0 ] ] } },
{ "type": "Feature", "properties": { "layer": "red_roads" }, "geometry": { "type": "LineString", "coordinates": [ [ 1669.0, 625.0 ], [ 1670.0, 625.0 ] ] } },
{ "type": "Feature", "properties": { "layer": "red_roads" }, "geometry": { "type": "LineString", "coordinates": [ [ 1669.0, 625.0 ], [ 1670.0, 626.0 ] ] } },
{ "type": "Feature", "properties": { "layer": "red_roads" }, "geometry": { "type": "LineString", "coordinates": [ [ 1669.0, 625.0 ], [ 1670.0, 624.0 ] ] } },
{ "type": "Feature", "properties": { "layer": "red_roads" }, "geometry": { "type": "LineString", "coordinates": [ [ 1669.0, 671.0 ], [ 1669.0, 672.0 ] ] } },
{ "type": "Feature", "properties": { "layer": "red_roads" }, "geometry": { "type": "LineString", "coordinates": [ [ 1669.0, 671.0 ], [ 1674.0, 669.0 ] ] } },
{ "type": "Feature", "properties": { "layer": "red_roads" }, "geometry": { "type": "LineString", "coordinates": [ [ 1669.0, 672.0 ], [ 1673.0, 678.0 ], [ 1673.0, 686.0 ], [ 1677.0, 686.0 ] ] } },
{ "type": "Feature", "properties": { "layer": "red_roads" }, "geometry": { "type": "LineString", "coordinates": [ [ 1669.0, 859.0 ], [ 1669.0, 860.0 ] ] } },
{ "type": "Feature", "properties": { "layer": "red_roads" }, "geometry": { "type": "LineString", "coordinates": [ [ 1669.0, 859.0 ], [ 1675.0, 856.0 ] ] } },
{ "type": "Feature", "properties": { "layer": "red_roads" }, "geometry": { "type": "LineString", "coordinates": [ [ 1669.0, 860.0 ], [ 1670.0, 864.0 ] ] } },
{ "type": "Feature", "properties": { "layer": "red_roads" }, "geometry": { "type": "LineString", "coordinates": [ [ 1670.0, 509.0 ], [ 1674.0, 513.0 ] ] } },
{ "type": "Feature", "properties": { "layer": "red_roads" }, "geometry": { "type": "LineString", "coordinates": [ [ 1670.0, 576.0 ], [ 1671.0, 577.0 ] ] } },
{ "type": "Feature", "properties": { "layer": "red_roads" }, "geometry": { "type": "LineString", "coordinates": [ [ 1670.0, 576.0 ], [ 1670.0, 577.0 ] ] } },
{ "type": "Feature", "properties": { "layer": "red_roads" }, "geometry": { "type": "LineString", "coordinates": [ [ 1673.0, 568.0 ], [ 1670.0, 576.0 ] ] } },
{ "type": "Feature", "properties": { "layer": "red_roads" }, "geometry": { "type": "LineString", "coordinates": [ [ 1670.0, 577.0 ], [ 1671.0, 577.0 ] ] } },
{ "type": "Feature", "properties": { "layer": "red_roads" }, "geometry": { "type": "LineString", "coordinates": [ [ 1670.0, 591.0 ], [ 1670.0, 592.0 ] ] } },
{ "type": "Feature", "properties": { "layer": "red_roads" }, "geometry": { "type": "LineString", "coordinates": [ [ 1670.0, 592.0 ], [ 1670.0, 593.0 ] ] } },
{ "type": "Feature", "properties": { "layer": "red_roads" }, "geometry": { "type": "LineString", "coordinates": [ [ 1670.0, 593.0 ], [ 1671.0, 594.0 ] ] } },
{ "type": "Feature", "properties": { "layer": "red_roads" }, "geometry": { "type": "LineString", "coordinates": [ [ 1670.0, 597.0 ], [ 1671.0, 596.0 ] ] } },
{ "type": "Feature", "properties": { "layer": "red_roads" }, "geometry": { "type": "LineString", "coordinates": [ [ 1670.0, 624.0 ], [ 1670.0, 625.0 ] ] } },
{ "type": "Feature", "properties": { "layer": "red_roads" }, "geometry": { "type": "LineString", "coordinates": [ [ 1670.0, 624.0 ], [ 1673.0, 619.0 ] ] } },
{ "type": "Feature", "properties": { "layer": "red_roads" }, "geometry": { "type": "LineString", "coordinates": [ [ 1670.0, 625.0 ], [ 1670.0, 626.0 ] ] } },
{ "type": "Feature", "properties": { "layer": "red_roads" }, "geometry": { "type": "LineString", "coordinates": [ [ 1670.0, 626.0 ], [ 1672.0, 630.0 ] ] } },
{ "type": "Feature", "properties": { "layer": "red_roads" }, "geometry": { "type": "LineString", "coordinates": [ [ 1670.0, 864.0 ], [ 1671.0, 865.0 ] ] } },
{ "type": "Feature", "properties": { "layer": "red_roads" }, "geometry": { "type": "LineString", "coordinates": [ [ 1670.0, 864.0 ], [ 1670.0, 865.0 ] ] } },
{ "type": "Feature", "properties": { "layer": "red_roads" }, "geometry": { "type": "LineString", "coordinates": [ [ 1670.0, 865.0 ], [ 1671.0, 865.0 ] ] } },
{ "type": "Feature", "properties": { "layer": "red_roads" }, "geometry": { "type": "LineString", "coordinates": [ [ 1670.0, 865.0 ], [ 1670.0, 866.0 ] ] } },
{ "type": "Feature", "properties": { "layer": "red_roads" }, "geometry": { "type": "LineString", "coordinates": [ [ 1670.0, 866.0 ], [ 1675.0, 882.0 ] ] } },
{ "type": "Feature", "properties": { "layer": "red_roads" }, "geometry": { "type": "LineString", "coordinates": [ [ 1670.0, 866.0 ], [ 1671.0, 865.0 ] ] } },
{ "type": "Feature", "properties": { "layer": "red_roads" }, "geometry": { "type": "LineString", "coordinates": [ [ 1671.0, 522.0 ], [ 1672.0, 522.0 ] ] } },
{ "type": "Feature", "properties": { "layer": "red_roads" }, "geometry": { "type": "LineString", "coordinates": [ [ 1671.0, 522.0 ], [ 1672.0, 523.0 ] ] } },
{ "type": "Feature", "properties": { "layer": "red_roads" }, "geometry": { "type": "LineString", "coordinates": [ [ 1671.0, 577.0 ], [ 1674.0, 577.0 ] ] } },
{ "type": "Feature", "properties": { "layer": "red_roads" }, "geometry": { "type": "LineString", "coordinates": [ [ 1671.0, 594.0 ], [ 1672.0, 595.0 ] ] } },
{ "type": "Feature", "properties": { "layer": "red_roads" }, "geometry": { "type": "LineString", "coordinates": [ [ 1671.0, 594.0 ], [ 1671.0, 595.0 ] ] } },
{ "type": "Feature", "properties": { "layer": "red_roads" }, "geometry": { "type": "LineString", "coordinates": [ [ 1671.0, 595.0 ], [ 1672.0, 595.0 ] ] } },
{ "type": "Feature", "properties": { "layer": "red_roads" }, "geometry": { "type": "LineString", "coordinates": [ [ 1671.0, 595.0 ], [ 1671.0, 596.0 ] ] } },
{ "type": "Feature", "properties": { "layer": "red_roads" }, "geometry": { "type": "LineString", "coordinates": [ [ 1671.0, 596.0 ], [ 1672.0, 595.0 ] ] } },
{ "type": "Feature", "properties": { "layer": "red_roads" }, "geometry": { "type": "LineString", "coordinates": [ [ 1671.0, 865.0 ], [ 1679.0, 864.0 ] ] } },
{ "type": "Feature", "properties": { "layer": "red_roads" }, "geometry": { "type": "LineString", "coordinates": [ [ 1672.0, 424.0 ], [ 1673.0, 429.0 ] ] } },
{ "type": "Feature", "properties": { "layer": "red_roads" }, "geometry": { "type": "LineString", "coordinates": [ [ 1672.0, 424.0 ], [ 1675.0, 422.0 ], [ 1680.0, 422.0 ], [ 1682.0, 424.0 ] ] } },
{ "type": "Feature", "properties": { "layer": "red_roads" }, "geometry": { "type": "LineString", "coordinates": [ [ 1672.0, 430.0 ], [ 1673.0, 430.0 ] ] } },
{ "type": "Feature", "properties": { "layer": "red_roads" }, "geometry": { "type": "LineString", "coordinates": [ [ 1672.0, 430.0 ], [ 1673.0, 429.0 ] ] } },
{ "type": "Feature", "properties": { "layer": "red_roads" }, "geometry": { "type": "LineString", "coordinates": [ [ 1672.0, 496.0 ], [ 1691.0, 502.0 ] ] } },
{ "type": "Feature", "properties": { "layer": "red_roads" }, "geometry": { "type": "LineString", "coordinates": [ [ 1672.0, 522.0 ], [ 1672.0, 523.0 ] ] } },
{ "type": "Feature", "properties": { "layer": "red_roads" }, "geometry": { "type": "LineString", "coordinates": [ [ 1673.0, 515.0 ], [ 1672.0, 522.0 ] ] } },
{ "type": "Feature", "properties": { "layer": "red_roads" }, "geometry": { "type": "LineString", "coordinates": [ [ 1672.0, 523.0 ], [ 1674.0, 526.0 ] ] } },
{ "type": "Feature", "properties": { "layer": "red_roads" }, "geometry": { "type": "LineString", "coordinates": [ [ 1672.0, 595.0 ], [ 1677.0, 596.0 ] ] } },
{ "type": "Feature", "properties": { "layer": "red_roads" }, "geometry": { "type": "LineString", "coordinates": [ [ 1672.0, 613.0 ], [ 1671.0, 614.0 ], [ 1673.0, 618.0 ] ] } },
{ "type": "Feature", "properties": { "layer": "red_roads" }, "geometry": { "type": "LineString", "coordinates": [ [ 1672.0, 630.0 ], [ 1684.0, 629.0 ], [ 1687.0, 624.0 ] ] } },
{ "type": "Feature", "properties": { "layer": "red_roads" }, "geometry": { "type": "LineString", "coordinates": [ [ 1672.0, 630.0 ], [ 1672.0, 637.0 ], [ 1677.0, 642.0 ] ] } },
{ "type": "Feature", "properties": { "layer": "red_roads" }, "geometry": { "type": "LineString", "coordinates": [ [ 1673.0, 429.0 ], [ 1674.0, 430.0 ] ] } },
{ "type": "Feature", "properties": { "layer": "red_roads" }, "geometry": { "type": "LineString", "coordinates": [ [ 1673.0, 429.0 ], [ 1673.0, 430.0 ] ] } },
{ "type": "Feature", "properties": { "layer": "red_roads" }, "geometry": { "type": "LineString", "coordinates": [ [ 1673.0, 430.0 ], [ 1674.0, 430.0 ] ] } },
{ "type": "Feature", "properties": { "layer": "red_roads" }, "geometry": { "type": "LineString", "coordinates": [ [ 1673.0, 430.0 ], [ 1674.0, 431.0 ] ] } },
{ "type": "Feature", "properties": { "layer": "red_roads" }, "geometry": { "type": "LineString", "coordinates": [ [ 1673.0, 434.0 ], [ 1674.0, 434.0 ] ] } },
{ "type": "Feature", "properties": { "layer": "red_roads" }, "geometry": { "type": "LineString", "coordinates": [ [ 1673.0, 434.0 ], [ 1674.0, 433.0 ] ] } },
{ "type": "Feature", "properties": { "layer": "red_roads" }, "geometry": { "type": "LineString", "coordinates": [ [ 1673.0, 469.0 ], [ 1674.0, 468.0 ] ] } },
{ "type": "Feature", "properties": { "layer": "red_roads" }, "geometry": { "type": "LineString", "coordinates": [ [ 1673.0, 514.0 ], [ 1674.0, 514.0 ] ] } },
{ "type": "Feature", "properties": { "layer": "red_roads" }, "geometry": { "type": "LineString", "coordinates": [ [ 1673.0, 514.0 ], [ 1673.0, 515.0 ] ] } },
{ "type": "Feature", "properties": { "layer": "red_roads" }, "geometry": { "type": "LineString", "coordinates": [ [ 1673.0, 514.0 ], [ 1674.0, 513.0 ] ] } },
{ "type": "Feature", "properties": { "layer": "red_roads" }, "geometry": { "type": "LineString", "coordinates": [ [ 1673.0, 515.0 ], [ 1674.0, 514.0 ] ] } },
{ "type": "Feature", "properties": { "layer": "red_roads" }, "geometry": { "type": "LineString", "coordinates": [ [ 1673.0, 618.0 ], [ 1674.0, 618.0 ] ] } },
{ "type": "Feature", "properties": { "layer": "red_roads" }, "geometry": { "type": "LineString", "coordinates": [ [ 1673.0, 618.0 ], [ 1673.0, 619.0 ] ] } },
{ "type": "Feature", "properties": { "layer": "red_roads" }, "geometry": { "type": "LineString", "coordinates": [ [ 1673.0, 619.0 ], [ 1674.0, 618.0 ] ] } },
{ "type": "Feature", "properties": { "layer": "red_roads" }, "geometry": { "type": "LineString", "coordinates": [ [ 1674.0, 308.0 ], [ 1676.0, 311.0 ] ] } },
{ "type": "Feature", "properties": { "layer": "red_roads" }, "geometry": { "type": "LineString", "coordinates": [ [ 1674.0, 334.0 ], [ 1675.0, 335.0 ] ] } },
{ "type": "Feature", "properties": { "layer": "red_roads" }, "geometry": { "type": "LineString", "coordinates": [ [ 1674.0, 430.0 ], [ 1675.0, 430.0 ] ] } },
{ "type": "Feature", "properties": { "layer": "red_roads" }, "geometry": { "type": "LineString", "coordinates": [ [ 1674.0, 430.0 ], [ 1674.0, 431.0 ] ] } },
{ "type": "Feature", "properties": { "layer": "red_roads" }, "geometry": { "type": "LineString", "coordinates": [ [ 1674.0, 431.0 ], [ 1674.0, 433.0 ] ] } },
{ "type": "Feature", "properties": { "layer": "red_roads" }, "geometry": { "type": "LineString", "coordinates": [ [ 1674.0, 431.0 ], [ 1675.0, 430.0 ] ] } },
{ "type": "Feature", "properties": { "layer": "red_roads" }, "geometry": { "type": "LineString", "coordinates": [ [ 1674.0, 433.0 ], [ 1674.0, 434.0 ] ] } },
{ "type": "Feature", "properties": { "layer": "red_roads" }, "geometry": { "type": "LineString", "coordinates": [ [ 1674.0, 434.0 ], [ 1675.0, 438.0 ] ] } },
{ "type": "Feature", "properties": { "layer": "red_roads" }, "geometry": { "type": "LineString", "coordinates": [ [ 1674.0, 439.0 ], [ 1675.0, 439.0 ] ] } },
{ "type": "Feature", "properties": { "layer": "red_roads" }, "geometry": { "type": "LineString", "coordinates": [ [ 1674.0, 439.0 ], [ 1675.0, 438.0 ] ] } },
{ "type": "Feature", "properties": { "layer": "red_roads" }, "geometry": { "type": "LineString", "coordinates": [ [ 1674.0, 468.0 ], [ 1676.0, 470.0 ], [ 1675.0, 473.0 ] ] } },
{ "type": "Feature", "properties": { "layer": "red_roads" }, "geometry": { "type": "LineString", "coordinates": [ [ 1674.0, 513.0 ], [ 1675.0, 514.0 ] ] } },
{ "type": "Feature", "properties": { "layer": "red_roads" }, "geometry": { "type": "LineString", "coordinates": [ [ 1674.0, 513.0 ], [ 1674.0, 514.0 ] ] } },
{ "type": "Feature", "properties": { "layer": "red_roads" }, "geometry": { "type": "LineString", "coordinates": [ [ 1674.0, 514.0 ], [ 1675.0, 514.0 ] ] } },
{ "type": "Feature", "properties": { "layer": "red_roads" }, "geometry": { "type": "LineString", "coordinates": [ [ 1674.0, 577.0 ], [ 1676.0, 579.0 ], [ 1684.0, 581.0 ] ] } },
{ "type": "Feature", "properties": { "layer": "red_roads" }, "geometry": { "type": "LineString", "coordinates": [ [ 1674.0, 577.0 ], [ 1680.0, 571.0 ] ] } },
{ "type": "Feature", "properties": { "layer": "red_roads" }, "geometry": { "type": "LineString", "coordinates": [ [ 1674.0, 618.0 ], [ 1682.0, 617.0 ], [ 1687.0, 620.0 ] ] } },
{ "type": "Feature", "properties": { "layer": "red_roads" }, "geometry": { "type": "LineString", "coordinates": [ [ 1675.0, 312.0 ], [ 1676.0, 312.0 ] ] } },
{ "type": "Feature", "properties": { "layer": "red_roads" }, "geometry": { "type": "LineString", "coordinates": [ [ 1675.0, 312.0 ], [ 1676.0, 313.0 ] ] } },
{ "type": "Feature", "properties": { "layer": "red_roads" }, "geometry": { "type": "LineString", "coordinates": [ [ 1675.0, 312.0 ], [ 1676.0, 311.0 ] ] } },
{ "type": "Feature", "properties": { "layer": "red_roads" }, "geometry": { "type": "LineString", "coordinates": [ [ 1675.0, 318.0 ], [ 1676.0, 317.0 ] ] } },
{ "type": "Feature", "properties": { "layer": "red_roads" }, "geometry": { "type": "LineString", "coordinates": [ [ 1675.0, 335.0 ], [ 1676.0, 335.0 ] ] } },
{ "type": "Feature", "properties": { "layer": "red_roads" }, "geometry": { "type": "LineString", "coordinates": [ [ 1675.0, 335.0 ], [ 1676.0, 336.0 ] ] } },
{ "type": "Feature", "properties": { "layer": "red_roads" }, "geometry": { "type": "LineString", "coordinates": [ [ 1675.0, 335.0 ], [ 1676.0, 334.0 ] ] } },
{ "type": "Feature", "properties": { "layer": "red_roads" }, "geometry": { "type": "LineString", "coordinates": [ [ 1675.0, 430.0 ], [ 1677.0, 430.0 ] ] } },
{ "type": "Feature", "properties": { "layer": "red_roads" }, "geometry": { "type": "LineString", "coordinates": [ [ 1675.0, 438.0 ], [ 1676.0, 439.0 ] ] } },
{ "type": "Feature", "properties": { "layer": "red_roads" }, "geometry": { "type": "LineString", "coordinates": [ [ 1675.0, 438.0 ], [ 1675.0, 439.0 ] ] } },
{ "type": "Feature", "properties": { "layer": "red_roads" }, "geometry": { "type": "LineString", "coordinates": [ [ 1675.0, 439.0 ], [ 1676.0, 439.0 ] ] } },
{ "type": "Feature", "properties": { "layer": "red_roads" }, "geometry": { "type": "LineString", "coordinates": [ [ 1675.0, 514.0 ], [ 1679.0, 517.0 ], [ 1686.0, 516.0 ] ] } },
{ "type": "Feature", "properties": { "layer": "red_roads" }, "geometry": { "type": "LineString", "coordinates": [ [ 1675.0, 645.0 ], [ 1677.0, 642.0 ] ] } },
{ "type": "Feature", "properties": { "layer": "red_roads" }, "geometry": { "type": "LineString", "coordinates": [ [ 1675.0, 882.0 ], [ 1676.0, 883.0 ] ] } },
{ "type": "Feature", "properties": { "layer": "red_roads" }, "geometry": { "type": "LineString", "coordinates": [ [ 1675.0, 882.0 ], [ 1675.0, 883.0 ] ] } },
{ "type": "Feature", "properties": { "layer": "red_roads" }, "geometry": { "type": "LineString", "coordinates": [ [ 1675.0, 883.0 ], [ 1676.0, 883.0 ] ] } },
{ "type": "Feature", "properties": { "layer": "red_roads" }, "geometry": { "type": "LineString", "coordinates": [ [ 1675.0, 883.0 ], [ 1675.0, 884.0 ] ] } },
{ "type": "Feature", "properties": { "layer": "red_roads" }, "geometry": { "type": "LineString", "coordinates": [ [ 1675.0, 884.0 ], [ 1676.0, 894.0 ] ] } },
{ "type": "Feature", "properties": { "layer": "red_roads" }, "geometry": { "type": "LineString", "coordinates": [ [ 1675.0, 884.0 ], [ 1676.0, 883.0 ] ] } },
{ "type": "Feature", "properties": { "layer": "red_roads" }, "geometry": { "type": "LineString", "coordinates": [ [ 1675.0, 895.0 ], [ 1676.0, 895.0 ] ] } },
{ "type": "Feature", "properties": { "layer": "red_roads" }, "geometry": { "type": "LineString", "coordinates": [ [ 1675.0, 895.0 ], [ 1676.0, 894.0 ] ] } },
{ "type": "Feature", "properties": { "layer": "red_roads" }, "geometry": { "type": "LineString", "coordinates": [ [ 1676.0, 311.0 ], [ 1676.0, 312.0 ] ] } },
{ "type": "Feature", "properties": { "layer": "red_roads" }, "geometry": { "type": "LineString", "coordinates": [ [ 1676.0, 312.0 ], [ 1676.0, 313.0 ] ] } },
{ "type": "Feature", "properties": { "layer": "red_roads" }, "geometry": { "type": "LineString", "coordinates": [ [ 1676.0, 313.0 ], [ 1676.0, 315.0 ] ] } },
{ "type": "Feature", "properties": { "layer": "red_roads" }, "geometry": { "type": "LineString", "coordinates": [ [ 1676.0, 315.0 ], [ 1677.0, 316.0 ] ] } },
{ "type": "Feature", "properties": { "layer": "red_roads" }, "geometry": { "type": "LineString", "coordinates": [ [ 1676.0, 315.0 ], [ 1676.0, 316.0 ] ] } },
{ "type": "Feature", "properties": { "layer": "red_roads" }, "geometry": { "type": "LineString", "coordinates": [ [ 1676.0, 316.0 ], [ 1677.0, 316.0 ] ] } },
{ "type": "Feature", "properties": { "layer": "red_roads" }, "geometry": { "type": "LineString", "coordinates": [ [ 1676.0, 316.0 ], [ 1676.0, 317.0 ] ] } },
{ "type": "Feature", "properties": { "layer": "red_roads" }, "geometry": { "type": "LineString", "coordinates": [ [ 1676.0, 317.0 ], [ 1677.0, 316.0 ] ] } },
{ "type": "Feature", "properties": { "layer": "red_roads" }, "geometry": { "type": "LineString", "coordinates": [ [ 1676.0, 331.0 ], [ 1676.0, 332.0 ] ] } },
{ "type": "Feature", "properties": { "layer": "red_roads" }, "geometry": { "type": "LineString", "coordinates": [ [ 1676.0, 332.0 ], [ 1677.0, 333.0 ] ] } },
{ "type": "Feature", "properties": { "layer": "red_roads" }, "geometry": { "type": "LineString", "coordinates": [ [ 1676.0, 332.0 ], [ 1676.0, 333.0 ] ] } },
{ "type": "Feature", "properties": { "layer": "red_roads" }, "geometry": { "type": "LineString", "coordinates": [ [ 1676.0, 333.0 ], [ 1677.0, 333.0 ] ] } },
{ "type": "Feature", "properties": { "layer": "red_roads" }, "geometry": { "type": "LineString", "coordinates": [ [ 1676.0, 333.0 ], [ 1676.0, 334.0 ] ] } },
{ "type": "Feature", "properties": { "layer": "red_roads" }, "geometry": { "type": "LineString", "coordinates": [ [ 1676.0, 334.0 ], [ 1676.0, 335.0 ] ] } },
{ "type": "Feature", "properties": { "layer": "red_roads" }, "geometry": { "type": "LineString", "coordinates": [ [ 1676.0, 334.0 ], [ 1677.0, 333.0 ] ] } },
{ "type": "Feature", "properties": { "layer": "red_roads" }, "geometry": { "type": "LineString", "coordinates": [ [ 1676.0, 335.0 ], [ 1676.0, 336.0 ] ] } },
{ "type": "Feature", "properties": { "layer": "red_roads" }, "geometry": { "type": "LineString", "coordinates": [ [ 1676.0, 336.0 ], [ 1682.0, 343.0 ], [ 1685.0, 344.0 ], [ 1687.0, 342.0 ] ] } },
{ "type": "Feature", "properties": { "layer": "red_roads" }, "geometry": { "type": "LineString", "coordinates": [ [ 1676.0, 439.0 ], [ 1683.0, 440.0 ], [ 1686.0, 438.0 ] ] } },
{ "type": "Feature", "properties": { "layer": "red_roads" }, "geometry": { "type": "LineString", "coordinates": [ [ 1676.0, 883.0 ], [ 1683.0, 882.0 ] ] } },
{ "type": "Feature", "properties": { "layer": "red_roads" }, "geometry": { "type": "LineString", "coordinates": [ [ 1676.0, 894.0 ], [ 1677.0, 895.0 ] ] } },
{ "type": "Feature", "properties": { "layer": "red_roads" }, "geometry": { "type": "LineString", "coordinates": [ [ 1676.0, 894.0 ], [ 1676.0, 895.0 ] ] } },
{ "type": "Feature", "properties": { "layer": "red_roads" }, "geometry": { "type": "LineString", "coordinates": [ [ 1676.0, 895.0 ], [ 1677.0, 895.0 ] ] } },
{ "type": "Feature", "properties": { "layer": "red_roads" }, "geometry": { "type": "LineString", "coordinates": [ [ 1677.0, 316.0 ], [ 1680.0, 316.0 ] ] } },
{ "type": "Feature", "properties": { "layer": "red_roads" }, "geometry": { "type": "LineString", "coordinates": [ [ 1677.0, 333.0 ], [ 1680.0, 333.0 ] ] } },
{ "type": "Feature", "properties": { "layer": "red_roads" }, "geometry": { "type": "LineString", "coordinates": [ [ 1677.0, 430.0 ], [ 1678.0, 430.0 ] ] } },
{ "type": "Feature", "properties": { "layer": "red_roads" }, "geometry": { "type": "LineString", "coordinates": [ [ 1677.0, 430.0 ], [ 1678.0, 429.0 ] ] } },
{ "type": "Feature", "properties": { "layer": "red_roads" }, "geometry": { "type": "LineString", "coordinates": [ [ 1677.0, 596.0 ], [ 1678.0, 596.0 ] ] } },
{ "type": "Feature", "properties": { "layer": "red_roads" }, "geometry": { "type": "LineString", "coordinates": [ [ 1677.0, 596.0 ], [ 1678.0, 597.0 ] ] } },
{ "type": "Feature", "properties": { "layer": "red_roads" }, "geometry": { "type": "LineString", "coordinates": [ [ 1677.0, 642.0 ], [ 1689.0, 642.0 ], [ 1698.0, 639.0 ] ] } },
{ "type": "Feature", "properties": { "layer": "red_roads" }, "geometry": { "type": "LineString", "coordinates": [ [ 1677.0, 895.0 ], [ 1678.0, 895.0 ] ] } },
{ "type": "Feature", "properties": { "layer": "red_roads" }, "geometry": { "type": "LineString", "coordinates": [ [ 1678.0, 429.0 ], [ 1678.0, 430.0 ] ] } },
{ "type": "Feature", "properties": { "layer": "red_roads" }, "geometry": { "type": "LineString", "coordinates": [ [ 1678.0, 429.0 ], [ 1682.0, 424.0 ] ] } },
{ "type": "Feature", "properties": { "layer": "red_roads" }, "geometry": { "type": "LineString", "coordinates": [ [ 1678.0, 430.0 ], [ 1680.0, 432.0 ], [ 1686.0, 432.0 ] ] } },
{ "type": "Feature", "properties": { "layer": "red_roads" }, "geometry": { "type": "LineString", "coordinates": [ [ 1678.0, 596.0 ], [ 1679.0, 596.0 ] ] } },
{ "type": "Feature", "properties": { "layer": "red_roads" }, "geometry": { "type": "LineString", "coordinates": [ [ 1678.0, 596.0 ], [ 1678.0, 597.0 ] ] } },
{ "type": "Feature", "properties": { "layer": "red_roads" }, "geometry": { "type": "LineString", "coordinates": [ [ 1678.0, 597.0 ], [ 1677.0, 606.0 ], [ 1680.0, 607.0 ] ] } },
{ "type": "Feature", "properties": { "layer": "red_roads" }, "geometry": { "type": "LineString", "coordinates": [ [ 1678.0, 597.0 ], [ 1679.0, 596.0 ] ] } },
{ "type": "Feature", "properties": { "layer": "red_roads" }, "geometry": { "type": "LineString", "coordinates": [ [ 1679.0, 402.0 ], [ 1682.0, 400.0 ] ] } },
{ "type": "Feature", "properties": { "layer": "red_roads" }, "geometry": { "type": "LineString", "coordinates": [ [ 1679.0, 596.0 ], [ 1681.0, 595.0 ] ] } },
{ "type": "Feature", "properties": { "layer": "red_roads" }, "geometry": { "type": "LineString", "coordinates": [ [ 1679.0, 668.0 ], [ 1683.0, 670.0 ] ] } },
{ "type": "Feature", "properties": { "layer": "red_roads" }, "geometry": { "type": "LineString", "coordinates": [ [ 1679.0, 752.0 ], [ 1688.0, 752.0 ], [ 1690.0, 750.0 ] ] } },
{ "type": "Feature", "properties": { "layer": "red_roads" }, "geometry": { "type": "LineString", "coordinates": [ [ 1680.0, 446.0 ], [ 1685.0, 451.0 ] ] } },
{ "type": "Feature", "properties": { "layer": "red_roads" }, "geometry": { "type": "LineString", "coordinates": [ [ 1680.0, 677.0 ], [ 1683.0, 675.0 ] ] } },
{ "type": "Feature", "properties": { "layer": "red_roads" }, "geometry": { "type": "LineString", "coordinates": [ [ 1684.0, 675.0 ], [ 1685.0, 681.0 ], [ 1681.0, 685.0 ] ] } },
{ "type": "Feature", "properties": { "layer": "red_roads" }, "geometry": { "type": "LineString", "coordinates": [ [ 1681.0, 704.0 ], [ 1684.0, 701.0 ], [ 1688.0, 700.0 ], [ 1689.0, 697.0 ] ] } },
{ "type": "Feature", "properties": { "layer": "red_roads" }, "geometry": { "type": "LineString", "coordinates": [ [ 1682.0, 424.0 ], [ 1689.0, 426.0 ] ] } },
{ "type": "Feature", "properties": { "layer": "red_roads" }, "geometry": { "type": "LineString", "coordinates": [ [ 1683.0, 670.0 ], [ 1684.0, 670.0 ] ] } },
{ "type": "Feature", "properties": { "layer": "red_roads" }, "geometry": { "type": "LineString", "coordinates": [ [ 1683.0, 670.0 ], [ 1684.0, 671.0 ] ] } },
{ "type": "Feature", "properties": { "layer": "red_roads" }, "geometry": { "type": "LineString", "coordinates": [ [ 1683.0, 675.0 ], [ 1684.0, 675.0 ] ] } },
{ "type": "Feature", "properties": { "layer": "red_roads" }, "geometry": { "type": "LineString", "coordinates": [ [ 1683.0, 675.0 ], [ 1684.0, 674.0 ] ] } },
{ "type": "Feature", "properties": { "layer": "red_roads" }, "geometry": { "type": "LineString", "coordinates": [ [ 1684.0, 670.0 ], [ 1685.0, 670.0 ] ] } },
{ "type": "Feature", "properties": { "layer": "red_roads" }, "geometry": { "type": "LineString", "coordinates": [ [ 1684.0, 670.0 ], [ 1684.0, 671.0 ] ] } },
{ "type": "Feature", "properties": { "layer": "red_roads" }, "geometry": { "type": "LineString", "coordinates": [ [ 1684.0, 671.0 ], [ 1684.0, 674.0 ] ] } },
{ "type": "Feature", "properties": { "layer": "red_roads" }, "geometry": { "type": "LineString", "coordinates": [ [ 1684.0, 671.0 ], [ 1685.0, 670.0 ] ] } },
{ "type": "Feature", "properties": { "layer": "red_roads" }, "geometry": { "type": "LineString", "coordinates": [ [ 1684.0, 674.0 ], [ 1684.0, 675.0 ] ] } },
{ "type": "Feature", "properties": { "layer": "red_roads" }, "geometry": { "type": "LineString", "coordinates": [ [ 1685.0, 451.0 ], [ 1686.0, 451.0 ] ] } },
{ "type": "Feature", "properties": { "layer": "red_roads" }, "geometry": { "type": "LineString", "coordinates": [ [ 1685.0, 451.0 ], [ 1686.0, 452.0 ] ] } },
{ "type": "Feature", "properties": { "layer": "red_roads" }, "geometry": { "type": "LineString", "coordinates": [ [ 1685.0, 451.0 ], [ 1686.0, 450.0 ] ] } },
{ "type": "Feature", "properties": { "layer": "red_roads" }, "geometry": { "type": "LineString", "coordinates": [ [ 1685.0, 670.0 ], [ 1688.0, 664.0 ] ] } },
{ "type": "Feature", "properties": { "layer": "red_roads" }, "geometry": { "type": "LineString", "coordinates": [ [ 1686.0, 432.0 ], [ 1687.0, 432.0 ] ] } },
{ "type": "Feature", "properties": { "layer": "red_roads" }, "geometry": { "type": "LineString", "coordinates": [ [ 1686.0, 432.0 ], [ 1687.0, 433.0 ] ] } },
{ "type": "Feature", "properties": { "layer": "red_roads" }, "geometry": { "type": "LineString", "coordinates": [ [ 1686.0, 438.0 ], [ 1687.0, 438.0 ] ] } },
{ "type": "Feature", "properties": { "layer": "red_roads" }, "geometry": { "type": "LineString", "coordinates": [ [ 1686.0, 438.0 ], [ 1687.0, 437.0 ] ] } },
{ "type": "Feature", "properties": { "layer": "red_roads" }, "geometry": { "type": "LineString", "coordinates": [ [ 1686.0, 450.0 ], [ 1686.0, 451.0 ] ] } },
{ "type": "Feature", "properties": { "layer": "red_roads" }, "geometry": { "type": "LineString", "coordinates": [ [ 1686.0, 450.0 ], [ 1687.0, 449.0 ] ] } },
{ "type": "Feature", "properties": { "layer": "red_roads" }, "geometry": { "type": "LineString", "coordinates": [ [ 1686.0, 451.0 ], [ 1686.0, 452.0 ] ] } },
{ "type": "Feature", "properties": { "layer": "red_roads" }, "geometry": { "type": "LineString", "coordinates": [ [ 1686.0, 452.0 ], [ 1687.0, 455.0 ] ] } },
{ "type": "Feature", "properties": { "layer": "red_roads" }, "geometry": { "type": "LineString", "coordinates": [ [ 1686.0, 516.0 ], [ 1687.0, 516.0 ] ] } },
{ "type": "Feature", "properties": { "layer": "red_roads" }, "geometry": { "type": "LineString", "coordinates": [ [ 1686.0, 516.0 ], [ 1687.0, 517.0 ] ] } },
{ "type": "Feature", "properties": { "layer": "red_roads" }, "geometry": { "type": "LineString", "coordinates": [ [ 1686.0, 659.0 ], [ 1688.0, 663.0 ] ] } },
{ "type": "Feature", "properties": { "layer": "red_roads" }, "geometry": { "type": "LineString", "coordinates": [ [ 1687.0, 342.0 ], [ 1688.0, 342.0 ] ] } },
{ "type": "Feature", "properties": { "layer": "red_roads" }, "geometry": { "type": "LineString", "coordinates": [ [ 1687.0, 342.0 ], [ 1688.0, 341.0 ] ] } },
{ "type": "Feature", "properties": { "layer": "red_roads" }, "geometry": { "type": "LineString", "coordinates": [ [ 1687.0, 432.0 ], [ 1687.0, 433.0 ] ] } },
{ "type": "Feature", "properties": { "layer": "red_roads" }, "geometry": { "type": "LineString", "coordinates": [ [ 1689.0, 427.0 ], [ 1687.0, 432.0 ] ] } },
{ "type": "Feature", "properties": { "layer": "red_roads" }, "geometry": { "type": "LineString", "coordinates": [ [ 1687.0, 433.0 ], [ 1687.0, 437.0 ] ] } },
{ "type": "Feature", "properties": { "layer": "red_roads" }, "geometry": { "type": "LineString", "coordinates": [ [ 1687.0, 437.0 ], [ 1687.0, 438.0 ] ] } },
{ "type": "Feature", "properties": { "layer": "red_roads" }, "geometry": { "type": "LineString", "coordinates": [ [ 1687.0, 438.0 ], [ 1688.0, 439.0 ] ] } },
{ "type": "Feature", "properties": { "layer": "red_roads" }, "geometry": { "type": "LineString", "coordinates": [ [ 1687.0, 455.0 ], [ 1688.0, 455.0 ] ] } },
{ "type": "Feature", "properties": { "layer": "red_roads" }, "geometry": { "type": "LineString", "coordinates": [ [ 1687.0, 455.0 ], [ 1687.0, 456.0 ] ] } },
{ "type": "Feature", "properties": { "layer": "red_roads" }, "geometry": { "type": "LineString", "coordinates": [ [ 1687.0, 456.0 ], [ 1690.0, 463.0 ] ] } },
{ "type": "Feature", "properties": { "layer": "red_roads" }, "geometry": { "type": "LineString", "coordinates": [ [ 1687.0, 456.0 ], [ 1688.0, 455.0 ] ] } },
{ "type": "Feature", "properties": { "layer": "red_roads" }, "geometry": { "type": "LineString", "coordinates": [ [ 1687.0, 516.0 ], [ 1688.0, 516.0 ] ] } },
{ "type": "Feature", "properties": { "layer": "red_roads" }, "geometry": { "type": "LineString", "coordinates": [ [ 1687.0, 516.0 ], [ 1687.0, 517.0 ] ] } },
{ "type": "Feature", "properties": { "layer": "red_roads" }, "geometry": { "type": "LineString", "coordinates": [ [ 1687.0, 517.0 ], [ 1688.0, 520.0 ] ] } },
{ "type": "Feature", "properties": { "layer": "red_roads" }, "geometry": { "type": "LineString", "coordinates": [ [ 1687.0, 517.0 ], [ 1688.0, 516.0 ] ] } },
{ "type": "Feature", "properties": { "layer": "red_roads" }, "geometry": { "type": "LineString", "coordinates": [ [ 1687.0, 620.0 ], [ 1688.0, 620.0 ] ] } },
{ "type": "Feature", "properties": { "layer": "red_roads" }, "geometry": { "type": "LineString", "coordinates": [ [ 1687.0, 620.0 ], [ 1688.0, 621.0 ] ] } },
{ "type": "Feature", "properties": { "layer": "red_roads" }, "geometry": { "type": "LineString", "coordinates": [ [ 1687.0, 623.0 ], [ 1688.0, 623.0 ] ] } },
{ "type": "Feature", "properties": { "layer": "red_roads" }, "geometry": { "type": "LineString", "coordinates": [ [ 1687.0, 623.0 ], [ 1687.0, 624.0 ] ] } },
{ "type": "Feature", "properties": { "layer": "red_roads" }, "geometry": { "type": "LineString", "coordinates": [ [ 1687.0, 623.0 ], [ 1688.0, 622.0 ] ] } },
{ "type": "Feature", "properties": { "layer": "red_roads" }, "geometry": { "type": "LineString", "coordinates": [ [ 1687.0, 624.0 ], [ 1688.0, 623.0 ] ] } },
{ "type": "Feature", "properties": { "layer": "red_roads" }, "geometry": { "type": "LineString", "coordinates": [ [ 1688.0, 341.0 ], [ 1688.0, 342.0 ] ] } },
{ "type": "Feature", "properties": { "layer": "red_roads" }, "geometry": { "type": "LineString", "coordinates": [ [ 1688.0, 341.0 ], [ 1688.0, 342.0 ] ] } },
{ "type": "Feature", "properties": { "layer": "red_roads" }, "geometry": { "type": "LineString", "coordinates": [ [ 1690.0, 335.0 ], [ 1688.0, 341.0 ] ] } },
{ "type": "Feature", "properties": { "layer": "red_roads" }, "geometry": { "type": "LineString", "coordinates": [ [ 1688.0, 455.0 ], [ 1691.0, 454.0 ] ] } },
{ "type": "Feature", "properties": { "layer": "red_roads" }, "geometry": { "type": "LineString", "coordinates": [ [ 1688.0, 512.0 ], [ 1689.0, 513.0 ] ] } },
{ "type": "Feature", "properties": { "layer": "red_roads" }, "geometry": { "type": "LineString", "coordinates": [ [ 1688.0, 516.0 ], [ 1689.0, 516.0 ] ] } },
{ "type": "Feature", "properties": { "layer": "red_roads" }, "geometry": { "type": "LineString", "coordinates": [ [ 1688.0, 516.0 ], [ 1689.0, 515.0 ] ] } },
{ "type": "Feature", "properties": { "layer": "red_roads" }, "geometry": { "type": "LineString", "coordinates": [ [ 1688.0, 620.0 ], [ 1688.0, 621.0 ] ] } },
{ "type": "Feature", "properties": { "layer": "red_roads" }, "geometry": { "type": "LineString", "coordinates": [ [ 1691.0, 608.0 ], [ 1690.0, 618.0 ], [ 1688.0, 620.0 ] ] } },
{ "type": "Feature", "properties": { "layer": "red_roads" }, "geometry": { "type": "LineString", "coordinates": [ [ 1688.0, 621.0 ], [ 1688.0, 622.0 ] ] } },
{ "type": "Feature", "properties": { "layer": "red_roads" }, "geometry": { "type": "LineString", "coordinates": [ [ 1688.0, 622.0 ], [ 1689.0, 623.0 ] ] } },
{ "type": "Feature", "properties": { "layer": "red_roads" }, "geometry": { "type": "LineString", "coordinates": [ [ 1688.0, 622.0 ], [ 1688.0, 623.0 ] ] } },
{ "type": "Feature", "properties": { "layer": "red_roads" }, "geometry": { "type": "LineString", "coordinates": [ [ 1688.0, 623.0 ], [ 1689.0, 623.0 ] ] } },
{ "type": "Feature", "properties": { "layer": "red_roads" }, "geometry": { "type": "LineString", "coordinates": [ [ 1688.0, 663.0 ], [ 1689.0, 663.0 ] ] } },
{ "type": "Feature", "properties": { "layer": "red_roads" }, "geometry": { "type": "LineString", "coordinates": [ [ 1688.0, 663.0 ], [ 1688.0, 664.0 ] ] } },
{ "type": "Feature", "properties": { "layer": "red_roads" }, "geometry": { "type": "LineString", "coordinates": [ [ 1688.0, 664.0 ], [ 1689.0, 663.0 ] ] } },
{ "type": "Feature", "properties": { "layer": "red_roads" }, "geometry": { "type": "LineString", "coordinates": [ [ 1689.0, 426.0 ], [ 1690.0, 426.0 ] ] } },
{ "type": "Feature", "properties": { "layer": "red_roads" }, "geometry": { "type": "LineString", "coordinates": [ [ 1689.0, 426.0 ], [ 1689.0, 427.0 ] ] } },
{ "type": "Feature", "properties": { "layer": "red_roads" }, "geometry": { "type": "LineString", "coordinates": [ [ 1689.0, 427.0 ], [ 1690.0, 426.0 ] ] } },
{ "type": "Feature", "properties": { "layer": "red_roads" }, "geometry": { "type": "LineString", "coordinates": [ [ 1689.0, 513.0 ], [ 1690.0, 513.0 ] ] } },
{ "type": "Feature", "properties": { "layer": "red_roads" }, "geometry": { "type": "LineString", "coordinates": [ [ 1689.0, 513.0 ], [ 1689.0, 514.0 ] ] } },
{ "type": "Feature", "properties": { "layer": "red_roads" }, "geometry": { "type": "LineString", "coordinates": [ [ 1689.0, 514.0 ], [ 1689.0, 515.0 ] ] } },
{ "type": "Feature", "properties": { "layer": "red_roads" }, "geometry": { "type": "LineString", "coordinates": [ [ 1689.0, 514.0 ], [ 1690.0, 513.0 ] ] } },
{ "type": "Feature", "properties": { "layer": "red_roads" }, "geometry": { "type": "LineString", "coordinates": [ [ 1689.0, 515.0 ], [ 1689.0, 516.0 ] ] } },
{ "type": "Feature", "properties": { "layer": "red_roads" }, "geometry": { "type": "LineString", "coordinates": [ [ 1689.0, 516.0 ], [ 1693.0, 519.0 ] ] } },
{ "type": "Feature", "properties": { "layer": "red_roads" }, "geometry": { "type": "LineString", "coordinates": [ [ 1689.0, 623.0 ], [ 1694.0, 627.0 ] ] } },
{ "type": "Feature", "properties": { "layer": "red_roads" }, "geometry": { "type": "LineString", "coordinates": [ [ 1689.0, 663.0 ], [ 1699.0, 658.0 ] ] } },
{ "type": "Feature", "properties": { "layer": "red_roads" }, "geometry": { "type": "LineString", "coordinates": [ [ 1690.0, 333.0 ], [ 1691.0, 334.0 ] ] } },
{ "type": "Feature", "properties": { "layer": "red_roads" }, "geometry": { "type": "LineString", "coordinates": [ [ 1690.0, 333.0 ], [ 1690.0, 334.0 ] ] } },
{ "type": "Feature", "properties": { "layer": "red_roads" }, "geometry": { "type": "LineString", "coordinates": [ [ 1690.0, 333.0 ], [ 1692.0, 329.0 ] ] } },
{ "type": "Feature", "properties": { "layer": "red_roads" }, "geometry": { "type": "LineString", "coordinates": [ [ 1690.0, 334.0 ], [ 1691.0, 334.0 ] ] } },
{ "type": "Feature", "properties": { "layer": "red_roads" }, "geometry": { "type": "LineString", "coordinates": [ [ 1690.0, 334.0 ], [ 1690.0, 335.0 ] ] } },
{ "type": "Feature", "properties": { "layer": "red_roads" }, "geometry": { "type": "LineString", "coordinates": [ [ 1690.0, 335.0 ], [ 1691.0, 334.0 ] ] } },
{ "type": "Feature", "properties": { "layer": "red_roads" }, "geometry": { "type": "LineString", "coordinates": [ [ 1690.0, 426.0 ], [ 1692.0, 426.0 ] ] } },
{ "type": "Feature", "properties": { "layer": "red_roads" }, "geometry": { "type": "LineString", "coordinates": [ [ 1690.0, 513.0 ], [ 1692.0, 512.0 ] ] } },
{ "type": "Feature", "properties": { "layer": "red_roads" }, "geometry": { "type": "LineString", "coordinates": [ [ 1690.0, 602.0 ], [ 1691.0, 607.0 ] ] } },
{ "type": "Feature", "properties": { "layer": "red_roads" }, "geometry": { "type": "LineString", "coordinates": [ [ 1691.0, 334.0 ], [ 1694.0, 334.0 ] ] } },
{ "type": "Feature", "properties": { "layer": "red_roads" }, "geometry": { "type": "LineString", "coordinates": [ [ 1691.0, 607.0 ], [ 1692.0, 608.0 ] ] } },
{ "type": "Feature", "properties": { "layer": "red_roads" }, "geometry": { "type": "LineString", "coordinates": [ [ 1691.0, 607.0 ], [ 1691.0, 608.0 ] ] } },
{ "type": "Feature", "properties": { "layer": "red_roads" }, "geometry": { "type": "LineString", "coordinates": [ [ 1691.0, 608.0 ], [ 1692.0, 608.0 ] ] } },
{ "type": "Feature", "properties": { "layer": "red_roads" }, "geometry": { "type": "LineString", "coordinates": [ [ 1692.0, 426.0 ], [ 1693.0, 426.0 ] ] } },
{ "type": "Feature", "properties": { "layer": "red_roads" }, "geometry": { "type": "LineString", "coordinates": [ [ 1692.0, 426.0 ], [ 1693.0, 425.0 ] ] } },
{ "type": "Feature", "properties": { "layer": "red_roads" }, "geometry": { "type": "LineString", "coordinates": [ [ 1692.0, 608.0 ], [ 1694.0, 608.0 ] ] } },
{ "type": "Feature", "properties": { "layer": "red_roads" }, "geometry": { "type": "LineString", "coordinates": [ [ 1693.0, 85.0 ], [ 1706.0, 84.0 ] ] } },
{ "type": "Feature", "properties": { "layer": "red_roads" }, "geometry": { "type": "LineString", "coordinates": [ [ 1693.0, 425.0 ], [ 1694.0, 426.0 ] ] } },
{ "type": "Feature", "properties": { "layer": "red_roads" }, "geometry": { "type": "LineString", "coordinates": [ [ 1693.0, 425.0 ], [ 1693.0, 426.0 ] ] } },
{ "type": "Feature", "properties": { "layer": "red_roads" }, "geometry": { "type": "LineString", "coordinates": [ [ 1695.0, 420.0 ], [ 1693.0, 425.0 ] ] } },
{ "type": "Feature", "properties": { "layer": "red_roads" }, "geometry": { "type": "LineString", "coordinates": [ [ 1693.0, 426.0 ], [ 1694.0, 426.0 ] ] } },
{ "type": "Feature", "properties": { "layer": "red_roads" }, "geometry": { "type": "LineString", "coordinates": [ [ 1694.0, 426.0 ], [ 1703.0, 425.0 ] ] } },
{ "type": "Feature", "properties": { "layer": "red_roads" }, "geometry": { "type": "LineString", "coordinates": [ [ 1697.0, 633.0 ], [ 1698.0, 638.0 ] ] } },
{ "type": "Feature", "properties": { "layer": "red_roads" }, "geometry": { "type": "LineString", "coordinates": [ [ 1698.0, 638.0 ], [ 1699.0, 639.0 ] ] } },
{ "type": "Feature", "properties": { "layer": "red_roads" }, "geometry": { "type": "LineString", "coordinates": [ [ 1698.0, 638.0 ], [ 1698.0, 639.0 ] ] } },
{ "type": "Feature", "properties": { "layer": "red_roads" }, "geometry": { "type": "LineString", "coordinates": [ [ 1698.0, 639.0 ], [ 1699.0, 639.0 ] ] } },
{ "type": "Feature", "properties": { "layer": "red_roads" }, "geometry": { "type": "LineString", "coordinates": [ [ 1699.0, 639.0 ], [ 1706.0, 640.0 ], [ 1707.0, 644.0 ] ] } },
{ "type": "Feature", "properties": { "layer": "red_roads" }, "geometry": { "type": "LineString", "coordinates": [ [ 1702.0, 358.0 ], [ 1705.0, 356.0 ], [ 1708.0, 359.0 ], [ 1708.0, 366.0 ], [ 1714.0, 369.0 ] ] } },
{ "type": "Feature", "properties": { "layer": "red_roads" }, "geometry": { "type": "LineString", "coordinates": [ [ 1702.0, 531.0 ], [ 1704.0, 528.0 ], [ 1709.0, 529.0 ], [ 1711.0, 527.0 ] ] } },
{ "type": "Feature", "properties": { "layer": "red_roads" }, "geometry": { "type": "LineString", "coordinates": [ [ 1703.0, 425.0 ], [ 1704.0, 425.0 ] ] } },
{ "type": "Feature", "properties": { "layer": "red_roads" }, "geometry": { "type": "LineString", "coordinates": [ [ 1703.0, 425.0 ], [ 1704.0, 426.0 ] ] } },
{ "type": "Feature", "properties": { "layer": "red_roads" }, "geometry": { "type": "LineString", "coordinates": [ [ 1704.0, 425.0 ], [ 1704.0, 426.0 ] ] } },
{ "type": "Feature", "properties": { "layer": "red_roads" }, "geometry": { "type": "LineString", "coordinates": [ [ 1704.0, 425.0 ], [ 1705.0, 424.0 ] ] } },
{ "type": "Feature", "properties": { "layer": "red_roads" }, "geometry": { "type": "LineString", "coordinates": [ [ 1704.0, 426.0 ], [ 1705.0, 430.0 ] ] } },
{ "type": "Feature", "properties": { "layer": "red_roads" }, "geometry": { "type": "LineString", "coordinates": [ [ 1705.0, 422.0 ], [ 1706.0, 423.0 ] ] } },
{ "type": "Feature", "properties": { "layer": "red_roads" }, "geometry": { "type": "LineString", "coordinates": [ [ 1705.0, 422.0 ], [ 1705.0, 423.0 ] ] } },
{ "type": "Feature", "properties": { "layer": "red_roads" }, "geometry": { "type": "LineString", "coordinates": [ [ 1707.0, 417.0 ], [ 1705.0, 419.0 ], [ 1705.0, 422.0 ] ] } },
{ "type": "Feature", "properties": { "layer": "red_roads" }, "geometry": { "type": "LineString", "coordinates": [ [ 1705.0, 423.0 ], [ 1706.0, 423.0 ] ] } },
{ "type": "Feature", "properties": { "layer": "red_roads" }, "geometry": { "type": "LineString", "coordinates": [ [ 1705.0, 423.0 ], [ 1705.0, 424.0 ] ] } },
{ "type": "Feature", "properties": { "layer": "red_roads" }, "geometry": { "type": "LineString", "coordinates": [ [ 1705.0, 424.0 ], [ 1706.0, 423.0 ] ] } },
{ "type": "Feature", "properties": { "layer": "red_roads" }, "geometry": { "type": "LineString", "coordinates": [ [ 1706.0, 423.0 ], [ 1716.0, 422.0 ] ] } },
{ "type": "Feature", "properties": { "layer": "red_roads" }, "geometry": { "type": "LineString", "coordinates": [ [ 1707.0, 416.0 ], [ 1708.0, 416.0 ] ] } },
{ "type": "Feature", "properties": { "layer": "red_roads" }, "geometry": { "type": "LineString", "coordinates": [ [ 1707.0, 416.0 ], [ 1707.0, 417.0 ] ] } },
{ "type": "Feature", "properties": { "layer": "red_roads" }, "geometry": { "type": "LineString", "coordinates": [ [ 1707.0, 416.0 ], [ 1708.0, 415.0 ] ] } },
{ "type": "Feature", "properties": { "layer": "red_roads" }, "geometry": { "type": "LineString", "coordinates": [ [ 1707.0, 417.0 ], [ 1708.0, 416.0 ] ] } },
{ "type": "Feature", "properties": { "layer": "red_roads" }, "geometry": { "type": "LineString", "coordinates": [ [ 1708.0, 415.0 ], [ 1708.0, 416.0 ] ] } },
{ "type": "Feature", "properties": { "layer": "red_roads" }, "geometry": { "type": "LineString", "coordinates": [ [ 1708.0, 415.0 ], [ 1708.0, 416.0 ] ] } },
{ "type": "Feature", "properties": { "layer": "red_roads" }, "geometry": { "type": "LineString", "coordinates": [ [ 1708.0, 415.0 ], [ 1709.0, 414.0 ] ] } },
{ "type": "Feature", "properties": { "layer": "red_roads" }, "geometry": { "type": "LineString", "coordinates": [ [ 1711.0, 600.0 ], [ 1714.0, 597.0 ], [ 1724.0, 598.0 ] ] } },
{ "type": "Feature", "properties": { "layer": "red_roads" }, "geometry": { "type": "LineString", "coordinates": [ [ 1711.0, 695.0 ], [ 1716.0, 690.0 ] ] } },
{ "type": "Feature", "properties": { "layer": "red_roads" }, "geometry": { "type": "LineString", "coordinates": [ [ 1714.0, 417.0 ], [ 1716.0, 417.0 ] ] } },
{ "type": "Feature", "properties": { "layer": "red_roads" }, "geometry": { "type": "LineString", "coordinates": [ [ 1716.0, 417.0 ], [ 1717.0, 417.0 ] ] } },
{ "type": "Feature", "properties": { "layer": "red_roads" }, "geometry": { "type": "LineString", "coordinates": [ [ 1716.0, 417.0 ], [ 1717.0, 418.0 ] ] } },
{ "type": "Feature", "properties": { "layer": "red_roads" }, "geometry": { "type": "LineString", "coordinates": [ [ 1716.0, 422.0 ], [ 1717.0, 422.0 ] ] } },
{ "type": "Feature", "properties": { "layer": "red_roads" }, "geometry": { "type": "LineString", "coordinates": [ [ 1716.0, 422.0 ], [ 1717.0, 421.0 ] ] } },
{ "type": "Feature", "properties": { "layer": "red_roads" }, "geometry": { "type": "LineString", "coordinates": [ [ 1716.0, 690.0 ], [ 1719.0, 695.0 ] ] } },
{ "type": "Feature", "properties": { "layer": "red_roads" }, "geometry": { "type": "LineString", "coordinates": [ [ 1716.0, 690.0 ], [ 1719.0, 684.0 ], [ 1722.0, 682.0 ] ] } },
{ "type": "Feature", "properties": { "layer": "red_roads" }, "geometry": { "type": "LineString", "coordinates": [ [ 1717.0, 417.0 ], [ 1717.0, 418.0 ] ] } },
{ "type": "Feature", "properties": { "layer": "red_roads" }, "geometry": { "type": "LineString", "coordinates": [ [ 1717.0, 417.0 ], [ 1720.0, 415.0 ] ] } },
{ "type": "Feature", "properties": { "layer": "red_roads" }, "geometry": { "type": "LineString", "coordinates": [ [ 1717.0, 418.0 ], [ 1717.0, 421.0 ] ] } },
{ "type": "Feature", "properties": { "layer": "red_roads" }, "geometry": { "type": "LineString", "coordinates": [ [ 1717.0, 421.0 ], [ 1718.0, 422.0 ] ] } },
{ "type": "Feature", "properties": { "layer": "red_roads" }, "geometry": { "type": "LineString", "coordinates": [ [ 1717.0, 421.0 ], [ 1717.0, 422.0 ] ] } },
{ "type": "Feature", "properties": { "layer": "red_roads" }, "geometry": { "type": "LineString", "coordinates": [ [ 1717.0, 422.0 ], [ 1718.0, 422.0 ] ] } },
{ "type": "Feature", "properties": { "layer": "red_roads" }, "geometry": { "type": "LineString", "coordinates": [ [ 1718.0, 422.0 ], [ 1722.0, 422.0 ], [ 1725.0, 420.0 ] ] } },
{ "type": "Feature", "properties": { "layer": "red_roads" }, "geometry": { "type": "LineString", "coordinates": [ [ 1726.0, 340.0 ], [ 1721.0, 343.0 ], [ 1720.0, 353.0 ] ] } },
{ "type": "Feature", "properties": { "layer": "red_roads" }, "geometry": { "type": "LineString", "coordinates": [ [ 1721.0, 405.0 ], [ 1723.0, 412.0 ], [ 1725.0, 414.0 ] ] } },
{ "type": "Feature", "properties": { "layer": "red_roads" }, "geometry": { "type": "LineString", "coordinates": [ [ 1725.0, 414.0 ], [ 1728.0, 413.0 ] ] } },
{ "type": "Feature", "properties": { "layer": "red_roads" }, "geometry": { "type": "LineString", "coordinates": [ [ 1725.0, 414.0 ], [ 1725.0, 419.0 ] ] } },
{ "type": "Feature", "properties": { "layer": "red_roads" }, "geometry": { "type": "LineString", "coordinates": [ [ 1725.0, 419.0 ], [ 1726.0, 420.0 ] ] } },
{ "type": "Feature", "properties": { "layer": "red_roads" }, "geometry": { "type": "LineString", "coordinates": [ [ 1725.0, 419.0 ], [ 1725.0, 420.0 ] ] } },
{ "type": "Feature", "properties": { "layer": "red_roads" }, "geometry": { "type": "LineString", "coordinates": [ [ 1725.0, 420.0 ], [ 1726.0, 420.0 ] ] } },
{ "type": "Feature", "properties": { "layer": "red_roads" }, "geometry": { "type": "LineString", "coordinates": [ [ 1726.0, 230.0 ], [ 1729.0, 234.0 ], [ 1732.0, 234.0 ] ] } },
{ "type": "Feature", "properties": { "layer": "red_roads" }, "geometry": { "type": "LineString", "coordinates": [ [ 1726.0, 420.0 ], [ 1740.0, 420.0 ] ] } },
{ "type": "Feature", "properties": { "layer": "red_roads" }, "geometry": { "type": "LineString", "coordinates": [ [ 1728.0, 413.0 ], [ 1729.0, 413.0 ] ] } },
{ "type": "Feature", "properties": { "layer": "red_roads" }, "geometry": { "type": "LineString", "coordinates": [ [ 1728.0, 413.0 ], [ 1729.0, 412.0 ] ] } },
{ "type": "Feature", "properties": { "layer": "red_roads" }, "geometry": { "type": "LineString", "coordinates": [ [ 1729.0, 403.0 ], [ 1730.0, 404.0 ] ] } },
{ "type": "Feature", "properties": { "layer": "red_roads" }, "geometry": { "type": "LineString", "coordinates": [ [ 1729.0, 412.0 ], [ 1729.0, 413.0 ] ] } },
{ "type": "Feature", "properties": { "layer": "red_roads" }, "geometry": { "type": "LineString", "coordinates": [ [ 1729.0, 412.0 ], [ 1729.0, 413.0 ] ] } },
{ "type": "Feature", "properties": { "layer": "red_roads" }, "geometry": { "type": "LineString", "coordinates": [ [ 1730.0, 404.0 ], [ 1729.0, 412.0 ] ] } },
{ "type": "Feature", "properties": { "layer": "red_roads" }, "geometry": { "type": "LineString", "coordinates": [ [ 1730.0, 404.0 ], [ 1733.0, 400.0 ], [ 1740.0, 399.0 ] ] } },
{ "type": "Feature", "properties": { "layer": "red_roads" }, "geometry": { "type": "LineString", "coordinates": [ [ 1732.0, 230.0 ], [ 1733.0, 233.0 ] ] } },
{ "type": "Feature", "properties": { "layer": "red_roads" }, "geometry": { "type": "LineString", "coordinates": [ [ 1732.0, 234.0 ], [ 1733.0, 234.0 ] ] } },
{ "type": "Feature", "properties": { "layer": "red_roads" }, "geometry": { "type": "LineString", "coordinates": [ [ 1732.0, 234.0 ], [ 1733.0, 233.0 ] ] } },
{ "type": "Feature", "properties": { "layer": "red_roads" }, "geometry": { "type": "LineString", "coordinates": [ [ 1733.0, 233.0 ], [ 1733.0, 234.0 ] ] } },
{ "type": "Feature", "properties": { "layer": "red_roads" }, "geometry": { "type": "LineString", "coordinates": [ [ 1733.0, 234.0 ], [ 1735.0, 238.0 ] ] } },
{ "type": "Feature", "properties": { "layer": "red_roads" }, "geometry": { "type": "LineString", "coordinates": [ [ 1738.0, 74.0 ], [ 1738.0, 80.0 ], [ 1734.0, 82.0 ] ] } },
{ "type": "Feature", "properties": { "layer": "red_roads" }, "geometry": { "type": "LineString", "coordinates": [ [ 1735.0, 238.0 ], [ 1736.0, 238.0 ] ] } },
{ "type": "Feature", "properties": { "layer": "red_roads" }, "geometry": { "type": "LineString", "coordinates": [ [ 1735.0, 238.0 ], [ 1736.0, 239.0 ] ] } },
{ "type": "Feature", "properties": { "layer": "red_roads" }, "geometry": { "type": "LineString", "coordinates": [ [ 1736.0, 239.0 ], [ 1735.0, 242.0 ] ] } },
{ "type": "Feature", "properties": { "layer": "red_roads" }, "geometry": { "type": "LineString", "coordinates": [ [ 1736.0, 45.0 ], [ 1738.0, 50.0 ], [ 1737.0, 58.0 ] ] } },
{ "type": "Feature", "properties": { "layer": "red_roads" }, "geometry": { "type": "LineString", "coordinates": [ [ 1736.0, 72.0 ], [ 1737.0, 73.0 ] ] } },
{ "type": "Feature", "properties": { "layer": "red_roads" }, "geometry": { "type": "LineString", "coordinates": [ [ 1736.0, 238.0 ], [ 1736.0, 239.0 ] ] } },
{ "type": "Feature", "properties": { "layer": "red_roads" }, "geometry": { "type": "LineString", "coordinates": [ [ 1736.0, 238.0 ], [ 1740.0, 236.0 ] ] } },
{ "type": "Feature", "properties": { "layer": "red_roads" }, "geometry": { "type": "LineString", "coordinates": [ [ 1737.0, 73.0 ], [ 1738.0, 73.0 ] ] } },
{ "type": "Feature", "properties": { "layer": "red_roads" }, "geometry": { "type": "LineString", "coordinates": [ [ 1737.0, 73.0 ], [ 1738.0, 74.0 ] ] } },
{ "type": "Feature", "properties": { "layer": "red_roads" }, "geometry": { "type": "LineString", "coordinates": [ [ 1737.0, 73.0 ], [ 1738.0, 72.0 ] ] } },
{ "type": "Feature", "properties": { "layer": "red_roads" }, "geometry": { "type": "LineString", "coordinates": [ [ 1738.0, 72.0 ], [ 1738.0, 73.0 ] ] } },
{ "type": "Feature", "properties": { "layer": "red_roads" }, "geometry": { "type": "LineString", "coordinates": [ [ 1738.0, 72.0 ], [ 1739.0, 70.0 ] ] } },
{ "type": "Feature", "properties": { "layer": "red_roads" }, "geometry": { "type": "LineString", "coordinates": [ [ 1738.0, 73.0 ], [ 1738.0, 74.0 ] ] } },
{ "type": "Feature", "properties": { "layer": "red_roads" }, "geometry": { "type": "LineString", "coordinates": [ [ 1738.0, 333.0 ], [ 1740.0, 330.0 ], [ 1744.0, 330.0 ] ] } },
{ "type": "Feature", "properties": { "layer": "red_roads" }, "geometry": { "type": "LineString", "coordinates": [ [ 1739.0, 321.0 ], [ 1745.0, 321.0 ], [ 1745.0, 329.0 ] ] } },
{ "type": "Feature", "properties": { "layer": "red_roads" }, "geometry": { "type": "LineString", "coordinates": [ [ 1740.0, 420.0 ], [ 1741.0, 420.0 ] ] } },
{ "type": "Feature", "properties": { "layer": "red_roads" }, "geometry": { "type": "LineString", "coordinates": [ [ 1740.0, 420.0 ], [ 1741.0, 419.0 ] ] } },
{ "type": "Feature", "properties": { "layer": "red_roads" }, "geometry": { "type": "LineString", "coordinates": [ [ 1741.0, 419.0 ], [ 1741.0, 420.0 ] ] } },
{ "type": "Feature", "properties": { "layer": "red_roads" }, "geometry": { "type": "LineString", "coordinates": [ [ 1741.0, 419.0 ], [ 1744.0, 416.0 ] ] } },
{ "type": "Feature", "properties": { "layer": "red_roads" }, "geometry": { "type": "LineString", "coordinates": [ [ 1741.0, 420.0 ], [ 1744.0, 422.0 ], [ 1744.0, 425.0 ] ] } },
{ "type": "Feature", "properties": { "layer": "red_roads" }, "geometry": { "type": "LineString", "coordinates": [ [ 1743.0, 179.0 ], [ 1743.0, 198.0 ] ] } },
{ "type": "Feature", "properties": { "layer": "red_roads" }, "geometry": { "type": "LineString", "coordinates": [ [ 1743.0, 201.0 ], [ 1744.0, 203.0 ] ] } },
{ "type": "Feature", "properties": { "layer": "red_roads" }, "geometry": { "type": "LineString", "coordinates": [ [ 1744.0, 203.0 ], [ 1745.0, 203.0 ] ] } },
{ "type": "Feature", "properties": { "layer": "red_roads" }, "geometry": { "type": "LineString", "coordinates": [ [ 1744.0, 203.0 ], [ 1744.0, 204.0 ] ] } },
{ "type": "Feature", "properties": { "layer": "red_roads" }, "geometry": { "type": "LineString", "coordinates": [ [ 1744.0, 204.0 ], [ 1744.0, 208.0 ] ] } },
{ "type": "Feature", "properties": { "layer": "red_roads" }, "geometry": { "type": "LineString", "coordinates": [ [ 1744.0, 204.0 ], [ 1745.0, 203.0 ] ] } },
{ "type": "Feature", "properties": { "layer": "red_roads" }, "geometry": { "type": "LineString", "coordinates": [ [ 1744.0, 288.0 ], [ 1747.0, 285.0 ] ] } },
{ "type": "Feature", "properties": { "layer": "red_roads" }, "geometry": { "type": "LineString", "coordinates": [ [ 1744.0, 330.0 ], [ 1745.0, 330.0 ] ] } },
{ "type": "Feature", "properties": { "layer": "red_roads" }, "geometry": { "type": "LineString", "coordinates": [ [ 1744.0, 330.0 ], [ 1745.0, 329.0 ] ] } },
{ "type": "Feature", "properties": { "layer": "red_roads" }, "geometry": { "type": "LineString", "coordinates": [ [ 1745.0, 203.0 ], [ 1747.0, 203.0 ] ] } },
{ "type": "Feature", "properties": { "layer": "red_roads" }, "geometry": { "type": "LineString", "coordinates": [ [ 1745.0, 253.0 ], [ 1746.0, 261.0 ] ] } },
{ "type": "Feature", "properties": { "layer": "red_roads" }, "geometry": { "type": "LineString", "coordinates": [ [ 1745.0, 329.0 ], [ 1745.0, 330.0 ] ] } },
{ "type": "Feature", "properties": { "layer": "red_roads" }, "geometry": { "type": "LineString", "coordinates": [ [ 1745.0, 330.0 ], [ 1747.0, 332.0 ] ] } },
{ "type": "Feature", "properties": { "layer": "red_roads" }, "geometry": { "type": "LineString", "coordinates": [ [ 1746.0, 219.0 ], [ 1744.0, 221.0 ], [ 1744.0, 228.0 ], [ 1748.0, 230.0 ] ] } },
{ "type": "Feature", "properties": { "layer": "red_roads" }, "geometry": { "type": "LineString", "coordinates": [ [ 1747.0, 281.0 ], [ 1747.0, 284.0 ] ] } },
{ "type": "Feature", "properties": { "layer": "red_roads" }, "geometry": { "type": "LineString", "coordinates": [ [ 1747.0, 284.0 ], [ 1748.0, 285.0 ] ] } },
{ "type": "Feature", "properties": { "layer": "red_roads" }, "geometry": { "type": "LineString", "coordinates": [ [ 1747.0, 284.0 ], [ 1747.0, 285.0 ] ] } },
{ "type": "Feature", "properties": { "layer": "red_roads" }, "geometry": { "type": "LineString", "coordinates": [ [ 1747.0, 285.0 ], [ 1748.0, 285.0 ] ] } },
{ "type": "Feature", "properties": { "layer": "red_roads" }, "geometry": { "type": "LineString", "coordinates": [ [ 1747.0, 353.0 ], [ 1749.0, 352.0 ] ] } },
{ "type": "Feature", "properties": { "layer": "red_roads" }, "geometry": { "type": "LineString", "coordinates": [ [ 1748.0, 285.0 ], [ 1749.0, 284.0 ] ] } },
{ "type": "Feature", "properties": { "layer": "red_roads" }, "geometry": { "type": "LineString", "coordinates": [ [ 1748.0, 339.0 ], [ 1750.0, 343.0 ], [ 1750.0, 351.0 ] ] } },
{ "type": "Feature", "properties": { "layer": "red_roads" }, "geometry": { "type": "LineString", "coordinates": [ [ 1749.0, 352.0 ], [ 1750.0, 352.0 ] ] } },
{ "type": "Feature", "properties": { "layer": "red_roads" }, "geometry": { "type": "LineString", "coordinates": [ [ 1749.0, 352.0 ], [ 1750.0, 353.0 ] ] } },
{ "type": "Feature", "properties": { "layer": "red_roads" }, "geometry": { "type": "LineString", "coordinates": [ [ 1749.0, 352.0 ], [ 1750.0, 351.0 ] ] } },
{ "type": "Feature", "properties": { "layer": "red_roads" }, "geometry": { "type": "LineString", "coordinates": [ [ 1750.0, 351.0 ], [ 1750.0, 352.0 ] ] } },
{ "type": "Feature", "properties": { "layer": "red_roads" }, "geometry": { "type": "LineString", "coordinates": [ [ 1750.0, 352.0 ], [ 1750.0, 353.0 ] ] } },
{ "type": "Feature", "properties": { "layer": "red_roads" }, "geometry": { "type": "LineString", "coordinates": [ [ 1750.0, 353.0 ], [ 1750.0, 362.0 ], [ 1753.0, 364.0 ], [ 1754.0, 367.0 ] ] } },
{ "type": "Feature", "properties": { "layer": "red_roads" }, "geometry": { "type": "LineString", "coordinates": [ [ 1751.0, 534.0 ], [ 1755.0, 532.0 ] ] } },
{ "type": "Feature", "properties": { "layer": "red_roads" }, "geometry": { "type": "LineString", "coordinates": [ [ 1753.0, 410.0 ], [ 1755.0, 415.0 ] ] } },
{ "type": "Feature", "properties": { "layer": "red_roads" }, "geometry": { "type": "LineString", "coordinates": [ [ 1755.0, 532.0 ], [ 1759.0, 539.0 ], [ 1758.0, 543.0 ] ] } },
{ "type": "Feature", "properties": { "layer": "red_roads" }, "geometry": { "type": "LineString", "coordinates": [ [ 1759.0, 522.0 ], [ 1756.0, 525.0 ], [ 1755.0, 532.0 ] ] } },
{ "type": "Feature", "properties": { "layer": "red_roads" }, "geometry": { "type": "LineString", "coordinates": [ [ 1757.0, 600.0 ], [ 1761.0, 597.0 ], [ 1763.0, 590.0 ] ] } },
{ "type": "Feature", "properties": { "layer": "red_roads" }, "geometry": { "type": "LineString", "coordinates": [ [ 1758.0, 547.0 ], [ 1760.0, 550.0 ] ] } },
{ "type": "Feature", "properties": { "layer": "red_roads" }, "geometry": { "type": "LineString", "coordinates": [ [ 1760.0, 555.0 ], [ 1760.0, 563.0 ], [ 1758.0, 564.0 ] ] } },
{ "type": "Feature", "properties": { "layer": "red_roads" }, "geometry": { "type": "LineString", "coordinates": [ [ 1760.0, 550.0 ], [ 1761.0, 550.0 ] ] } },
{ "type": "Feature", "properties": { "layer": "red_roads" }, "geometry": { "type": "LineString", "coordinates": [ [ 1760.0, 550.0 ], [ 1760.0, 551.0 ] ] } },
{ "type": "Feature", "properties": { "layer": "red_roads" }, "geometry": { "type": "LineString", "coordinates": [ [ 1760.0, 551.0 ], [ 1760.0, 553.0 ] ] } },
{ "type": "Feature", "properties": { "layer": "red_roads" }, "geometry": { "type": "LineString", "coordinates": [ [ 1760.0, 551.0 ], [ 1761.0, 550.0 ] ] } },
{ "type": "Feature", "properties": { "layer": "red_roads" }, "geometry": { "type": "LineString", "coordinates": [ [ 1760.0, 553.0 ], [ 1761.0, 554.0 ] ] } },
{ "type": "Feature", "properties": { "layer": "red_roads" }, "geometry": { "type": "LineString", "coordinates": [ [ 1760.0, 553.0 ], [ 1760.0, 554.0 ] ] } },
{ "type": "Feature", "properties": { "layer": "red_roads" }, "geometry": { "type": "LineString", "coordinates": [ [ 1760.0, 554.0 ], [ 1761.0, 554.0 ] ] } },
{ "type": "Feature", "properties": { "layer": "red_roads" }, "geometry": { "type": "LineString", "coordinates": [ [ 1760.0, 554.0 ], [ 1760.0, 555.0 ] ] } },
{ "type": "Feature", "properties": { "layer": "red_roads" }, "geometry": { "type": "LineString", "coordinates": [ [ 1760.0, 555.0 ], [ 1761.0, 554.0 ] ] } },
{ "type": "Feature", "properties": { "layer": "red_roads" }, "geometry": { "type": "LineString", "coordinates": [ [ 1761.0, 550.0 ], [ 1762.0, 550.0 ] ] } },
{ "type": "Feature", "properties": { "layer": "red_roads" }, "geometry": { "type": "LineString", "coordinates": [ [ 1761.0, 554.0 ], [ 1763.0, 554.0 ] ] } },
{ "type": "Feature", "properties": { "layer": "red_roads" }, "geometry": { "type": "LineString", "coordinates": [ [ 1766.0, 626.0 ], [ 1761.0, 627.0 ], [ 1761.0, 633.0 ] ] } },
{ "type": "Feature", "properties": { "layer": "red_roads" }, "geometry": { "type": "LineString", "coordinates": [ [ 1765.0, 268.0 ], [ 1767.0, 269.0 ] ] } },
{ "type": "Feature", "properties": { "layer": "red_roads" }, "geometry": { "type": "LineString", "coordinates": [ [ 1767.0, 264.0 ], [ 1769.0, 267.0 ] ] } },
{ "type": "Feature", "properties": { "layer": "red_roads" }, "geometry": { "type": "LineString", "coordinates": [ [ 1767.0, 269.0 ], [ 1768.0, 269.0 ] ] } },
{ "type": "Feature", "properties": { "layer": "red_roads" }, "geometry": { "type": "LineString", "coordinates": [ [ 1767.0, 269.0 ], [ 1768.0, 270.0 ] ] } },
{ "type": "Feature", "properties": { "layer": "red_roads" }, "geometry": { "type": "LineString", "coordinates": [ [ 1767.0, 272.0 ], [ 1768.0, 270.0 ] ] } },
{ "type": "Feature", "properties": { "layer": "red_roads" }, "geometry": { "type": "LineString", "coordinates": [ [ 1768.0, 269.0 ], [ 1768.0, 270.0 ] ] } },
{ "type": "Feature", "properties": { "layer": "red_roads" }, "geometry": { "type": "LineString", "coordinates": [ [ 1768.0, 269.0 ], [ 1769.0, 268.0 ] ] } },
{ "type": "Feature", "properties": { "layer": "red_roads" }, "geometry": { "type": "LineString", "coordinates": [ [ 1769.0, 267.0 ], [ 1770.0, 267.0 ] ] } },
{ "type": "Feature", "properties": { "layer": "red_roads" }, "geometry": { "type": "LineString", "coordinates": [ [ 1769.0, 267.0 ], [ 1769.0, 268.0 ] ] } },
{ "type": "Feature", "properties": { "layer": "red_roads" }, "geometry": { "type": "LineString", "coordinates": [ [ 1769.0, 268.0 ], [ 1770.0, 267.0 ] ] } },
{ "type": "Feature", "properties": { "layer": "red_roads" }, "geometry": { "type": "LineString", "coordinates": [ [ 1770.0, 267.0 ], [ 1773.0, 267.0 ] ] } },
{ "type": "Feature", "properties": { "layer": "red_roads" }, "geometry": { "type": "LineString", "coordinates": [ [ 1773.0, 267.0 ], [ 1775.0, 269.0 ] ] } },
{ "type": "Feature", "properties": { "layer": "red_roads" }, "geometry": { "type": "LineString", "coordinates": [ [ 1773.0, 267.0 ], [ 1775.0, 265.0 ], [ 1781.0, 264.0 ] ] } },
{ "type": "Feature", "properties": { "layer": "red_roads" }, "geometry": { "type": "LineString", "coordinates": [ [ 1777.0, 397.0 ], [ 1780.0, 391.0 ] ] } },
{ "type": "Feature", "properties": { "layer": "red_roads" }, "geometry": { "type": "LineString", "coordinates": [ [ 1785.0, 331.0 ], [ 1787.0, 334.0 ] ] } },
{ "type": "Feature", "properties": { "layer": "red_roads" }, "geometry": { "type": "LineString", "coordinates": [ [ 1785.0, 419.0 ], [ 1786.0, 419.0 ] ] } },
{ "type": "Feature", "properties": { "layer": "red_roads" }, "geometry": { "type": "LineString", "coordinates": [ [ 1785.0, 419.0 ], [ 1785.0, 420.0 ] ] } },
{ "type": "Feature", "properties": { "layer": "red_roads" }, "geometry": { "type": "LineString", "coordinates": [ [ 1785.0, 419.0 ], [ 1786.0, 419.0 ] ] } },
{ "type": "Feature", "properties": { "layer": "red_roads" }, "geometry": { "type": "LineString", "coordinates": [ [ 1785.0, 420.0 ], [ 1786.0, 423.0 ] ] } },
{ "type": "Feature", "properties": { "layer": "red_roads" }, "geometry": { "type": "LineString", "coordinates": [ [ 1785.0, 420.0 ], [ 1786.0, 419.0 ] ] } },
{ "type": "Feature", "properties": { "layer": "red_roads" }, "geometry": { "type": "LineString", "coordinates": [ [ 1786.0, 360.0 ], [ 1789.0, 360.0 ] ] } },
{ "type": "Feature", "properties": { "layer": "red_roads" }, "geometry": { "type": "LineString", "coordinates": [ [ 1786.0, 419.0 ], [ 1804.0, 420.0 ], [ 1818.0, 417.0 ] ] } },
{ "type": "Feature", "properties": { "layer": "red_roads" }, "geometry": { "type": "LineString", "coordinates": [ [ 1787.0, 334.0 ], [ 1788.0, 334.0 ] ] } },
{ "type": "Feature", "properties": { "layer": "red_roads" }, "geometry": { "type": "LineString", "coordinates": [ [ 1787.0, 334.0 ], [ 1787.0, 335.0 ] ] } },
{ "type": "Feature", "properties": { "layer": "red_roads" }, "geometry": { "type": "LineString", "coordinates": [ [ 1787.0, 335.0 ], [ 1787.0, 339.0 ] ] } },
{ "type": "Feature", "properties": { "layer": "red_roads" }, "geometry": { "type": "LineString", "coordinates": [ [ 1787.0, 335.0 ], [ 1788.0, 334.0 ] ] } },
{ "type": "Feature", "properties": { "layer": "red_roads" }, "geometry": { "type": "LineString", "coordinates": [ [ 1788.0, 334.0 ], [ 1791.0, 332.0 ] ] } },
{ "type": "Feature", "properties": { "layer": "red_roads" }, "geometry": { "type": "LineString", "coordinates": [ [ 1789.0, 357.0 ], [ 1790.0, 359.0 ] ] } },
{ "type": "Feature", "properties": { "layer": "red_roads" }, "geometry": { "type": "LineString", "coordinates": [ [ 1789.0, 360.0 ], [ 1790.0, 360.0 ] ] } },
{ "type": "Feature", "properties": { "layer": "red_roads" }, "geometry": { "type": "LineString", "coordinates": [ [ 1789.0, 360.0 ], [ 1790.0, 361.0 ] ] } },
{ "type": "Feature", "properties": { "layer": "red_roads" }, "geometry": { "type": "LineString", "coordinates": [ [ 1789.0, 360.0 ], [ 1790.0, 359.0 ] ] } },
{ "type": "Feature", "properties": { "layer": "red_roads" }, "geometry": { "type": "LineString", "coordinates": [ [ 1789.0, 362.0 ], [ 1790.0, 361.0 ] ] } },
{ "type": "Feature", "properties": { "layer": "red_roads" }, "geometry": { "type": "LineString", "coordinates": [ [ 1790.0, 359.0 ], [ 1791.0, 359.0 ] ] } },
{ "type": "Feature", "properties": { "layer": "red_roads" }, "geometry": { "type": "LineString", "coordinates": [ [ 1790.0, 359.0 ], [ 1790.0, 360.0 ] ] } },
{ "type": "Feature", "properties": { "layer": "red_roads" }, "geometry": { "type": "LineString", "coordinates": [ [ 1790.0, 360.0 ], [ 1790.0, 361.0 ] ] } },
{ "type": "Feature", "properties": { "layer": "red_roads" }, "geometry": { "type": "LineString", "coordinates": [ [ 1790.0, 360.0 ], [ 1791.0, 359.0 ] ] } },
{ "type": "Feature", "properties": { "layer": "red_roads" }, "geometry": { "type": "LineString", "coordinates": [ [ 1791.0, 330.0 ], [ 1791.0, 331.0 ] ] } },
{ "type": "Feature", "properties": { "layer": "red_roads" }, "geometry": { "type": "LineString", "coordinates": [ [ 1791.0, 331.0 ], [ 1792.0, 332.0 ] ] } },
{ "type": "Feature", "properties": { "layer": "red_roads" }, "geometry": { "type": "LineString", "coordinates": [ [ 1791.0, 331.0 ], [ 1791.0, 332.0 ] ] } },
{ "type": "Feature", "properties": { "layer": "red_roads" }, "geometry": { "type": "LineString", "coordinates": [ [ 1791.0, 332.0 ], [ 1792.0, 332.0 ] ] } },
{ "type": "Feature", "properties": { "layer": "red_roads" }, "geometry": { "type": "LineString", "coordinates": [ [ 1791.0, 359.0 ], [ 1797.0, 357.0 ] ] } },
{ "type": "Feature", "properties": { "layer": "red_roads" }, "geometry": { "type": "LineString", "coordinates": [ [ 1792.0, 332.0 ], [ 1794.0, 331.0 ] ] } },
{ "type": "Feature", "properties": { "layer": "red_roads" }, "geometry": { "type": "LineString", "coordinates": [ [ 1795.0, 261.0 ], [ 1793.0, 269.0 ] ] } },
{ "type": "Feature", "properties": { "layer": "red_roads" }, "geometry": { "type": "LineString", "coordinates": [ [ 1794.0, 259.0 ], [ 1795.0, 260.0 ] ] } },
{ "type": "Feature", "properties": { "layer": "red_roads" }, "geometry": { "type": "LineString", "coordinates": [ [ 1795.0, 260.0 ], [ 1796.0, 260.0 ] ] } },
{ "type": "Feature", "properties": { "layer": "red_roads" }, "geometry": { "type": "LineString", "coordinates": [ [ 1795.0, 260.0 ], [ 1795.0, 261.0 ] ] } },
{ "type": "Feature", "properties": { "layer": "red_roads" }, "geometry": { "type": "LineString", "coordinates": [ [ 1795.0, 261.0 ], [ 1796.0, 260.0 ] ] } },
{ "type": "Feature", "properties": { "layer": "red_roads" }, "geometry": { "type": "LineString", "coordinates": [ [ 1796.0, 260.0 ], [ 1803.0, 261.0 ] ] } },
{ "type": "Feature", "properties": { "layer": "red_roads" }, "geometry": { "type": "LineString", "coordinates": [ [ 1799.0, 270.0 ], [ 1803.0, 272.0 ], [ 1806.0, 269.0 ] ] } },
{ "type": "Feature", "properties": { "layer": "red_roads" }, "geometry": { "type": "LineString", "coordinates": [ [ 1802.0, 434.0 ], [ 1805.0, 430.0 ] ] } },
{ "type": "Feature", "properties": { "layer": "red_roads" }, "geometry": { "type": "LineString", "coordinates": [ [ 1803.0, 261.0 ], [ 1804.0, 261.0 ] ] } },
{ "type": "Feature", "properties": { "layer": "red_roads" }, "geometry": { "type": "LineString", "coordinates": [ [ 1803.0, 261.0 ], [ 1804.0, 262.0 ] ] } },
{ "type": "Feature", "properties": { "layer": "red_roads" }, "geometry": { "type": "LineString", "coordinates": [ [ 1803.0, 261.0 ], [ 1804.0, 260.0 ] ] } },
{ "type": "Feature", "properties": { "layer": "red_roads" }, "geometry": { "type": "LineString", "coordinates": [ [ 1804.0, 260.0 ], [ 1804.0, 261.0 ] ] } },
{ "type": "Feature", "properties": { "layer": "red_roads" }, "geometry": { "type": "LineString", "coordinates": [ [ 1805.0, 255.0 ], [ 1804.0, 260.0 ] ] } },
{ "type": "Feature", "properties": { "layer": "red_roads" }, "geometry": { "type": "LineString", "coordinates": [ [ 1804.0, 261.0 ], [ 1804.0, 262.0 ] ] } },
{ "type": "Feature", "properties": { "layer": "red_roads" }, "geometry": { "type": "LineString", "coordinates": [ [ 1804.0, 262.0 ], [ 1806.0, 267.0 ] ] } },
{ "type": "Feature", "properties": { "layer": "red_roads" }, "geometry": { "type": "LineString", "coordinates": [ [ 1805.0, 428.0 ], [ 1805.0, 429.0 ] ] } },
{ "type": "Feature", "properties": { "layer": "red_roads" }, "geometry": { "type": "LineString", "coordinates": [ [ 1805.0, 429.0 ], [ 1806.0, 430.0 ] ] } },
{ "type": "Feature", "properties": { "layer": "red_roads" }, "geometry": { "type": "LineString", "coordinates": [ [ 1805.0, 429.0 ], [ 1805.0, 430.0 ] ] } },
{ "type": "Feature", "properties": { "layer": "red_roads" }, "geometry": { "type": "LineString", "coordinates": [ [ 1805.0, 430.0 ], [ 1806.0, 430.0 ] ] } },
{ "type": "Feature", "properties": { "layer": "red_roads" }, "geometry": { "type": "LineString", "coordinates": [ [ 1806.0, 267.0 ], [ 1807.0, 268.0 ] ] } },
{ "type": "Feature", "properties": { "layer": "red_roads" }, "geometry": { "type": "LineString", "coordinates": [ [ 1806.0, 267.0 ], [ 1806.0, 268.0 ] ] } },
{ "type": "Feature", "properties": { "layer": "red_roads" }, "geometry": { "type": "LineString", "coordinates": [ [ 1806.0, 268.0 ], [ 1807.0, 268.0 ] ] } },
{ "type": "Feature", "properties": { "layer": "red_roads" }, "geometry": { "type": "LineString", "coordinates": [ [ 1806.0, 268.0 ], [ 1806.0, 269.0 ] ] } },
{ "type": "Feature", "properties": { "layer": "red_roads" }, "geometry": { "type": "LineString", "coordinates": [ [ 1806.0, 269.0 ], [ 1807.0, 268.0 ] ] } },
{ "type": "Feature", "properties": { "layer": "red_roads" }, "geometry": { "type": "LineString", "coordinates": [ [ 1806.0, 430.0 ], [ 1809.0, 431.0 ] ] } },
{ "type": "Feature", "properties": { "layer": "red_roads" }, "geometry": { "type": "LineString", "coordinates": [ [ 1807.0, 268.0 ], [ 1811.0, 269.0 ] ] } },
{ "type": "Feature", "properties": { "layer": "red_roads" }, "geometry": { "type": "LineString", "coordinates": [ [ 1807.0, 352.0 ], [ 1810.0, 353.0 ] ] } },
{ "type": "Feature", "properties": { "layer": "red_roads" }, "geometry": { "type": "LineString", "coordinates": [ [ 1809.0, 431.0 ], [ 1810.0, 431.0 ] ] } },
{ "type": "Feature", "properties": { "layer": "red_roads" }, "geometry": { "type": "LineString", "coordinates": [ [ 1809.0, 431.0 ], [ 1809.0, 432.0 ] ] } },
{ "type": "Feature", "properties": { "layer": "red_roads" }, "geometry": { "type": "LineString", "coordinates": [ [ 1809.0, 432.0 ], [ 1809.0, 433.0 ] ] } },
{ "type": "Feature", "properties": { "layer": "red_roads" }, "geometry": { "type": "LineString", "coordinates": [ [ 1809.0, 432.0 ], [ 1810.0, 431.0 ] ] } },
{ "type": "Feature", "properties": { "layer": "red_roads" }, "geometry": { "type": "LineString", "coordinates": [ [ 1810.0, 431.0 ], [ 1811.0, 430.0 ] ] } },
{ "type": "Feature", "properties": { "layer": "red_roads" }, "geometry": { "type": "LineString", "coordinates": [ [ 1816.0, 269.0 ], [ 1819.0, 268.0 ] ] } },
{ "type": "Feature", "properties": { "layer": "red_roads" }, "geometry": { "type": "LineString", "coordinates": [ [ 1818.0, 417.0 ], [ 1819.0, 417.0 ] ] } },
{ "type": "Feature", "properties": { "layer": "red_roads" }, "geometry": { "type": "LineString", "coordinates": [ [ 1818.0, 417.0 ], [ 1819.0, 416.0 ] ] } },
{ "type": "Feature", "properties": { "layer": "red_roads" }, "geometry": { "type": "LineString", "coordinates": [ [ 1819.0, 268.0 ], [ 1820.0, 268.0 ] ] } },
{ "type": "Feature", "properties": { "layer": "red_roads" }, "geometry": { "type": "LineString", "coordinates": [ [ 1819.0, 268.0 ], [ 1820.0, 269.0 ] ] } },
{ "type": "Feature", "properties": { "layer": "red_roads" }, "geometry": { "type": "LineString", "coordinates": [ [ 1819.0, 271.0 ], [ 1820.0, 269.0 ] ] } },
{ "type": "Feature", "properties": { "layer": "red_roads" }, "geometry": { "type": "LineString", "coordinates": [ [ 1819.0, 416.0 ], [ 1820.0, 417.0 ] ] } },
{ "type": "Feature", "properties": { "layer": "red_roads" }, "geometry": { "type": "LineString", "coordinates": [ [ 1819.0, 416.0 ], [ 1819.0, 417.0 ] ] } },
{ "type": "Feature", "properties": { "layer": "red_roads" }, "geometry": { "type": "LineString", "coordinates": [ [ 1819.0, 416.0 ], [ 1820.0, 415.0 ] ] } },
{ "type": "Feature", "properties": { "layer": "red_roads" }, "geometry": { "type": "LineString", "coordinates": [ [ 1819.0, 417.0 ], [ 1820.0, 417.0 ] ] } },
{ "type": "Feature", "properties": { "layer": "red_roads" }, "geometry": { "type": "LineString", "coordinates": [ [ 1820.0, 268.0 ], [ 1821.0, 268.0 ] ] } },
{ "type": "Feature", "properties": { "layer": "red_roads" }, "geometry": { "type": "LineString", "coordinates": [ [ 1820.0, 268.0 ], [ 1820.0, 269.0 ] ] } },
{ "type": "Feature", "properties": { "layer": "red_roads" }, "geometry": { "type": "LineString", "coordinates": [ [ 1820.0, 269.0 ], [ 1821.0, 268.0 ] ] } },
{ "type": "Feature", "properties": { "layer": "red_roads" }, "geometry": { "type": "LineString", "coordinates": [ [ 1820.0, 417.0 ], [ 1824.0, 417.0 ] ] } },
{ "type": "Feature", "properties": { "layer": "red_roads" }, "geometry": { "type": "LineString", "coordinates": [ [ 1821.0, 268.0 ], [ 1822.0, 267.0 ] ] } },
{ "type": "Feature", "properties": { "layer": "red_roads" }, "geometry": { "type": "LineString", "coordinates": [ [ 1822.0, 232.0 ], [ 1824.0, 231.0 ] ] } },
{ "type": "Feature", "properties": { "layer": "red_roads" }, "geometry": { "type": "LineString", "coordinates": [ [ 1822.0, 267.0 ], [ 1823.0, 267.0 ] ] } },
{ "type": "Feature", "properties": { "layer": "red_roads" }, "geometry": { "type": "LineString", "coordinates": [ [ 1822.0, 267.0 ], [ 1823.0, 268.0 ] ] } },
{ "type": "Feature", "properties": { "layer": "red_roads" }, "geometry": { "type": "LineString", "coordinates": [ [ 1822.0, 352.0 ], [ 1823.0, 353.0 ] ] } },
{ "type": "Feature", "properties": { "layer": "red_roads" }, "geometry": { "type": "LineString", "coordinates": [ [ 1823.0, 267.0 ], [ 1823.0, 268.0 ] ] } },
{ "type": "Feature", "properties": { "layer": "red_roads" }, "geometry": { "type": "LineString", "coordinates": [ [ 1823.0, 267.0 ], [ 1827.0, 263.0 ], [ 1828.0, 259.0 ] ] } },
{ "type": "Feature", "properties": { "layer": "red_roads" }, "geometry": { "type": "LineString", "coordinates": [ [ 1823.0, 268.0 ], [ 1826.0, 272.0 ] ] } },
{ "type": "Feature", "properties": { "layer": "red_roads" }, "geometry": { "type": "LineString", "coordinates": [ [ 1823.0, 353.0 ], [ 1824.0, 353.0 ] ] } },
{ "type": "Feature", "properties": { "layer": "red_roads" }, "geometry": { "type": "LineString", "coordinates": [ [ 1823.0, 353.0 ], [ 1824.0, 354.0 ] ] } },
{ "type": "Feature", "properties": { "layer": "red_roads" }, "geometry": { "type": "LineString", "coordinates": [ [ 1824.0, 230.0 ], [ 1825.0, 231.0 ] ] } },
{ "type": "Feature", "properties": { "layer": "red_roads" }, "geometry": { "type": "LineString", "coordinates": [ [ 1824.0, 230.0 ], [ 1824.0, 231.0 ] ] } },
{ "type": "Feature", "properties": { "layer": "red_roads" }, "geometry": { "type": "LineString", "coordinates": [ [ 1829.0, 219.0 ], [ 1824.0, 226.0 ], [ 1824.0, 230.0 ] ] } },
{ "type": "Feature", "properties": { "layer": "red_roads" }, "geometry": { "type": "LineString", "coordinates": [ [ 1824.0, 231.0 ], [ 1825.0, 231.0 ] ] } },
{ "type": "Feature", "properties": { "layer": "red_roads" }, "geometry": { "type": "LineString", "coordinates": [ [ 1824.0, 315.0 ], [ 1823.0, 314.0 ], [ 1825.0, 311.0 ], [ 1832.0, 310.0 ] ] } },
{ "type": "Feature", "properties": { "layer": "red_roads" }, "geometry": { "type": "LineString", "coordinates": [ [ 1824.0, 353.0 ], [ 1824.0, 354.0 ] ] } },
{ "type": "Feature", "properties": { "layer": "red_roads" }, "geometry": { "type": "LineString", "coordinates": [ [ 1824.0, 353.0 ], [ 1825.0, 351.0 ] ] } },
{ "type": "Feature", "properties": { "layer": "red_roads" }, "geometry": { "type": "LineString", "coordinates": [ [ 1824.0, 354.0 ], [ 1827.0, 360.0 ] ] } },
{ "type": "Feature", "properties": { "layer": "red_roads" }, "geometry": { "type": "LineString", "coordinates": [ [ 1824.0, 417.0 ], [ 1825.0, 417.0 ] ] } },
{ "type": "Feature", "properties": { "layer": "red_roads" }, "geometry": { "type": "LineString", "coordinates": [ [ 1824.0, 417.0 ], [ 1825.0, 416.0 ] ] } },
{ "type": "Feature", "properties": { "layer": "red_roads" }, "geometry": { "type": "LineString", "coordinates": [ [ 1825.0, 216.0 ], [ 1829.0, 217.0 ] ] } },
{ "type": "Feature", "properties": { "layer": "red_roads" }, "geometry": { "type": "LineString", "coordinates": [ [ 1825.0, 231.0 ], [ 1827.0, 236.0 ] ] } },
{ "type": "Feature", "properties": { "layer": "red_roads" }, "geometry": { "type": "LineString", "coordinates": [ [ 1825.0, 274.0 ], [ 1826.0, 273.0 ] ] } },
{ "type": "Feature", "properties": { "layer": "red_roads" }, "geometry": { "type": "LineString", "coordinates": [ [ 1825.0, 306.0 ], [ 1826.0, 302.0 ], [ 1832.0, 302.0 ] ] } },
{ "type": "Feature", "properties": { "layer": "red_roads" }, "geometry": { "type": "LineString", "coordinates": [ [ 1825.0, 363.0 ], [ 1826.0, 362.0 ] ] } },
{ "type": "Feature", "properties": { "layer": "red_roads" }, "geometry": { "type": "LineString", "coordinates": [ [ 1825.0, 416.0 ], [ 1826.0, 417.0 ] ] } },
{ "type": "Feature", "properties": { "layer": "red_roads" }, "geometry": { "type": "LineString", "coordinates": [ [ 1825.0, 416.0 ], [ 1825.0, 417.0 ] ] } },
{ "type": "Feature", "properties": { "layer": "red_roads" }, "geometry": { "type": "LineString", "coordinates": [ [ 1826.0, 412.0 ], [ 1825.0, 416.0 ] ] } },
{ "type": "Feature", "properties": { "layer": "red_roads" }, "geometry": { "type": "LineString", "coordinates": [ [ 1825.0, 417.0 ], [ 1826.0, 417.0 ] ] } },
{ "type": "Feature", "properties": { "layer": "red_roads" }, "geometry": { "type": "LineString", "coordinates": [ [ 1826.0, 272.0 ], [ 1827.0, 273.0 ] ] } },
{ "type": "Feature", "properties": { "layer": "red_roads" }, "geometry": { "type": "LineString", "coordinates": [ [ 1826.0, 272.0 ], [ 1826.0, 273.0 ] ] } },
{ "type": "Feature", "properties": { "layer": "red_roads" }, "geometry": { "type": "LineString", "coordinates": [ [ 1826.0, 273.0 ], [ 1827.0, 273.0 ] ] } },
{ "type": "Feature", "properties": { "layer": "red_roads" }, "geometry": { "type": "LineString", "coordinates": [ [ 1826.0, 324.0 ], [ 1832.0, 321.0 ] ] } },
{ "type": "Feature", "properties": { "layer": "red_roads" }, "geometry": { "type": "LineString", "coordinates": [ [ 1826.0, 361.0 ], [ 1827.0, 361.0 ] ] } },
{ "type": "Feature", "properties": { "layer": "red_roads" }, "geometry": { "type": "LineString", "coordinates": [ [ 1826.0, 361.0 ], [ 1826.0, 362.0 ] ] } },
{ "type": "Feature", "properties": { "layer": "red_roads" }, "geometry": { "type": "LineString", "coordinates": [ [ 1826.0, 361.0 ], [ 1827.0, 360.0 ] ] } },
{ "type": "Feature", "properties": { "layer": "red_roads" }, "geometry": { "type": "LineString", "coordinates": [ [ 1826.0, 362.0 ], [ 1827.0, 361.0 ] ] } },
{ "type": "Feature", "properties": { "layer": "red_roads" }, "geometry": { "type": "LineString", "coordinates": [ [ 1826.0, 417.0 ], [ 1836.0, 417.0 ] ] } },
{ "type": "Feature", "properties": { "layer": "red_roads" }, "geometry": { "type": "LineString", "coordinates": [ [ 1826.0, 982.0 ], [ 1828.0, 984.0 ], [ 1831.0, 984.0 ] ] } },
{ "type": "Feature", "properties": { "layer": "red_roads" }, "geometry": { "type": "LineString", "coordinates": [ [ 1827.0, 273.0 ], [ 1830.0, 273.0 ] ] } },
{ "type": "Feature", "properties": { "layer": "red_roads" }, "geometry": { "type": "LineString", "coordinates": [ [ 1827.0, 360.0 ], [ 1827.0, 361.0 ] ] } },
{ "type": "Feature", "properties": { "layer": "red_roads" }, "geometry": { "type": "LineString", "coordinates": [ [ 1827.0, 360.0 ], [ 1827.0, 361.0 ] ] } },
{ "type": "Feature", "properties": { "layer": "red_roads" }, "geometry": { "type": "LineString", "coordinates": [ [ 1829.0, 213.0 ], [ 1830.0, 215.0 ] ] } },
{ "type": "Feature", "properties": { "layer": "red_roads" }, "geometry": { "type": "LineString", "coordinates": [ [ 1829.0, 217.0 ], [ 1830.0, 217.0 ] ] } },
{ "type": "Feature", "properties": { "layer": "red_roads" }, "geometry": { "type": "LineString", "coordinates": [ [ 1829.0, 217.0 ], [ 1830.0, 218.0 ] ] } },
{ "type": "Feature", "properties": { "layer": "red_roads" }, "geometry": { "type": "LineString", "coordinates": [ [ 1829.0, 217.0 ], [ 1830.0, 216.0 ] ] } },
{ "type": "Feature", "properties": { "layer": "red_roads" }, "geometry": { "type": "LineString", "coordinates": [ [ 1829.0, 219.0 ], [ 1830.0, 219.0 ] ] } },
{ "type": "Feature", "properties": { "layer": "red_roads" }, "geometry": { "type": "LineString", "coordinates": [ [ 1829.0, 219.0 ], [ 1830.0, 218.0 ] ] } },
{ "type": "Feature", "properties": { "layer": "red_roads" }, "geometry": { "type": "LineString", "coordinates": [ [ 1829.0, 447.0 ], [ 1834.0, 451.0 ], [ 1834.0, 453.0 ] ] } },
{ "type": "Feature", "properties": { "layer": "red_roads" }, "geometry": { "type": "LineString", "coordinates": [ [ 1830.0, 215.0 ], [ 1830.0, 216.0 ] ] } },
{ "type": "Feature", "properties": { "layer": "red_roads" }, "geometry": { "type": "LineString", "coordinates": [ [ 1830.0, 215.0 ], [ 1833.0, 213.0 ] ] } },
{ "type": "Feature", "properties": { "layer": "red_roads" }, "geometry": { "type": "LineString", "coordinates": [ [ 1830.0, 216.0 ], [ 1830.0, 217.0 ] ] } },
{ "type": "Feature", "properties": { "layer": "red_roads" }, "geometry": { "type": "LineString", "coordinates": [ [ 1830.0, 217.0 ], [ 1830.0, 218.0 ] ] } },
{ "type": "Feature", "properties": { "layer": "red_roads" }, "geometry": { "type": "LineString", "coordinates": [ [ 1830.0, 218.0 ], [ 1831.0, 219.0 ] ] } },
{ "type": "Feature", "properties": { "layer": "red_roads" }, "geometry": { "type": "LineString", "coordinates": [ [ 1830.0, 218.0 ], [ 1830.0, 219.0 ] ] } },
{ "type": "Feature", "properties": { "layer": "red_roads" }, "geometry": { "type": "LineString", "coordinates": [ [ 1830.0, 219.0 ], [ 1831.0, 219.0 ] ] } },
{ "type": "Feature", "properties": { "layer": "red_roads" }, "geometry": { "type": "LineString", "coordinates": [ [ 1830.0, 994.0 ], [ 1831.0, 993.0 ] ] } },
{ "type": "Feature", "properties": { "layer": "red_roads" }, "geometry": { "type": "LineString", "coordinates": [ [ 1831.0, 219.0 ], [ 1837.0, 219.0 ] ] } },
{ "type": "Feature", "properties": { "layer": "red_roads" }, "geometry": { "type": "LineString", "coordinates": [ [ 1831.0, 969.0 ], [ 1834.0, 964.0 ], [ 1840.0, 967.0 ] ] } },
{ "type": "Feature", "properties": { "layer": "red_roads" }, "geometry": { "type": "LineString", "coordinates": [ [ 1831.0, 984.0 ], [ 1832.0, 984.0 ] ] } },
{ "type": "Feature", "properties": { "layer": "red_roads" }, "geometry": { "type": "LineString", "coordinates": [ [ 1831.0, 984.0 ], [ 1832.0, 985.0 ] ] } },
{ "type": "Feature", "properties": { "layer": "red_roads" }, "geometry": { "type": "LineString", "coordinates": [ [ 1831.0, 993.0 ], [ 1832.0, 993.0 ] ] } },
{ "type": "Feature", "properties": { "layer": "red_roads" }, "geometry": { "type": "LineString", "coordinates": [ [ 1831.0, 993.0 ], [ 1832.0, 992.0 ] ] } },
{ "type": "Feature", "properties": { "layer": "red_roads" }, "geometry": { "type": "LineString", "coordinates": [ [ 1832.0, 302.0 ], [ 1833.0, 302.0 ] ] } },
{ "type": "Feature", "properties": { "layer": "red_roads" }, "geometry": { "type": "LineString", "coordinates": [ [ 1832.0, 302.0 ], [ 1833.0, 303.0 ] ] } },
{ "type": "Feature", "properties": { "layer": "red_roads" }, "geometry": { "type": "LineString", "coordinates": [ [ 1832.0, 302.0 ], [ 1833.0, 301.0 ] ] } },
{ "type": "Feature", "properties": { "layer": "red_roads" }, "geometry": { "type": "LineString", "coordinates": [ [ 1832.0, 310.0 ], [ 1833.0, 310.0 ] ] } },
{ "type": "Feature", "properties": { "layer": "red_roads" }, "geometry": { "type": "LineString", "coordinates": [ [ 1832.0, 310.0 ], [ 1833.0, 311.0 ] ] } },
{ "type": "Feature", "properties": { "layer": "red_roads" }, "geometry": { "type": "LineString", "coordinates": [ [ 1832.0, 321.0 ], [ 1833.0, 321.0 ] ] } },
{ "type": "Feature", "properties": { "layer": "red_roads" }, "geometry": { "type": "LineString", "coordinates": [ [ 1832.0, 321.0 ], [ 1833.0, 320.0 ] ] } },
{ "type": "Feature", "properties": { "layer": "red_roads" }, "geometry": { "type": "LineString", "coordinates": [ [ 1832.0, 974.0 ], [ 1841.0, 974.0 ] ] } },
{ "type": "Feature", "properties": { "layer": "red_roads" }, "geometry": { "type": "LineString", "coordinates": [ [ 1832.0, 984.0 ], [ 1832.0, 985.0 ] ] } },
{ "type": "Feature", "properties": { "layer": "red_roads" }, "geometry": { "type": "LineString", "coordinates": [ [ 1832.0, 984.0 ], [ 1841.0, 982.0 ], [ 1844.0, 978.0 ] ] } },
{ "type": "Feature", "properties": { "layer": "red_roads" }, "geometry": { "type": "LineString", "coordinates": [ [ 1832.0, 985.0 ], [ 1832.0, 992.0 ] ] } },
{ "type": "Feature", "properties": { "layer": "red_roads" }, "geometry": { "type": "LineString", "coordinates": [ [ 1832.0, 992.0 ], [ 1833.0, 993.0 ] ] } },
{ "type": "Feature", "properties": { "layer": "red_roads" }, "geometry": { "type": "LineString", "coordinates": [ [ 1832.0, 992.0 ], [ 1832.0, 993.0 ] ] } },
{ "type": "Feature", "properties": { "layer": "red_roads" }, "geometry": { "type": "LineString", "coordinates": [ [ 1832.0, 993.0 ], [ 1833.0, 993.0 ] ] } },
{ "type": "Feature", "properties": { "layer": "red_roads" }, "geometry": { "type": "LineString", "coordinates": [ [ 1833.0, 296.0 ], [ 1833.0, 301.0 ] ] } },
{ "type": "Feature", "properties": { "layer": "red_roads" }, "geometry": { "type": "LineString", "coordinates": [ [ 1833.0, 301.0 ], [ 1833.0, 302.0 ] ] } },
{ "type": "Feature", "properties": { "layer": "red_roads" }, "geometry": { "type": "LineString", "coordinates": [ [ 1833.0, 302.0 ], [ 1833.0, 303.0 ] ] } },
{ "type": "Feature", "properties": { "layer": "red_roads" }, "geometry": { "type": "LineString", "coordinates": [ [ 1833.0, 303.0 ], [ 1833.0, 310.0 ] ] } },
{ "type": "Feature", "properties": { "layer": "red_roads" }, "geometry": { "type": "LineString", "coordinates": [ [ 1833.0, 310.0 ], [ 1833.0, 311.0 ] ] } },
{ "type": "Feature", "properties": { "layer": "red_roads" }, "geometry": { "type": "LineString", "coordinates": [ [ 1833.0, 311.0 ], [ 1833.0, 320.0 ] ] } },
{ "type": "Feature", "properties": { "layer": "red_roads" }, "geometry": { "type": "LineString", "coordinates": [ [ 1833.0, 320.0 ], [ 1834.0, 321.0 ] ] } },
{ "type": "Feature", "properties": { "layer": "red_roads" }, "geometry": { "type": "LineString", "coordinates": [ [ 1833.0, 320.0 ], [ 1833.0, 321.0 ] ] } },
{ "type": "Feature", "properties": { "layer": "red_roads" }, "geometry": { "type": "LineString", "coordinates": [ [ 1833.0, 321.0 ], [ 1834.0, 321.0 ] ] } },
{ "type": "Feature", "properties": { "layer": "red_roads" }, "geometry": { "type": "LineString", "coordinates": [ [ 1833.0, 332.0 ], [ 1840.0, 326.0 ] ] } },
{ "type": "Feature", "properties": { "layer": "red_roads" }, "geometry": { "type": "LineString", "coordinates": [ [ 1833.0, 993.0 ], [ 1834.0, 994.0 ] ] } },
{ "type": "Feature", "properties": { "layer": "red_roads" }, "geometry": { "type": "LineString", "coordinates": [ [ 1833.0, 999.0 ], [ 1834.0, 997.0 ] ] } },
{ "type": "Feature", "properties": { "layer": "red_roads" }, "geometry": { "type": "LineString", "coordinates": [ [ 1834.0, 321.0 ], [ 1838.0, 323.0 ], [ 1840.0, 326.0 ] ] } },
{ "type": "Feature", "properties": { "layer": "red_roads" }, "geometry": { "type": "LineString", "coordinates": [ [ 1834.0, 994.0 ], [ 1835.0, 994.0 ] ] } },
{ "type": "Feature", "properties": { "layer": "red_roads" }, "geometry": { "type": "LineString", "coordinates": [ [ 1834.0, 994.0 ], [ 1835.0, 995.0 ] ] } },
{ "type": "Feature", "properties": { "layer": "red_roads" }, "geometry": { "type": "LineString", "coordinates": [ [ 1834.0, 996.0 ], [ 1835.0, 996.0 ] ] } },
{ "type": "Feature", "properties": { "layer": "red_roads" }, "geometry": { "type": "LineString", "coordinates": [ [ 1834.0, 996.0 ], [ 1834.0, 997.0 ] ] } },
{ "type": "Feature", "properties": { "layer": "red_roads" }, "geometry": { "type": "LineString", "coordinates": [ [ 1834.0, 996.0 ], [ 1835.0, 995.0 ] ] } },
{ "type": "Feature", "properties": { "layer": "red_roads" }, "geometry": { "type": "LineString", "coordinates": [ [ 1834.0, 997.0 ], [ 1835.0, 996.0 ] ] } },
{ "type": "Feature", "properties": { "layer": "red_roads" }, "geometry": { "type": "LineString", "coordinates": [ [ 1838.0, 350.0 ], [ 1835.0, 358.0 ] ] } },
{ "type": "Feature", "properties": { "layer": "red_roads" }, "geometry": { "type": "LineString", "coordinates": [ [ 1835.0, 420.0 ], [ 1836.0, 418.0 ] ] } },
{ "type": "Feature", "properties": { "layer": "red_roads" }, "geometry": { "type": "LineString", "coordinates": [ [ 1835.0, 994.0 ], [ 1836.0, 994.0 ] ] } },
{ "type": "Feature", "properties": { "layer": "red_roads" }, "geometry": { "type": "LineString", "coordinates": [ [ 1835.0, 994.0 ], [ 1835.0, 995.0 ] ] } },
{ "type": "Feature", "properties": { "layer": "red_roads" }, "geometry": { "type": "LineString", "coordinates": [ [ 1835.0, 995.0 ], [ 1835.0, 996.0 ] ] } },
{ "type": "Feature", "properties": { "layer": "red_roads" }, "geometry": { "type": "LineString", "coordinates": [ [ 1835.0, 995.0 ], [ 1836.0, 994.0 ] ] } },
{ "type": "Feature", "properties": { "layer": "red_roads" }, "geometry": { "type": "LineString", "coordinates": [ [ 1835.0, 996.0 ], [ 1838.0, 999.0 ] ] } },
{ "type": "Feature", "properties": { "layer": "red_roads" }, "geometry": { "type": "LineString", "coordinates": [ [ 1836.0, 417.0 ], [ 1837.0, 417.0 ] ] } },
{ "type": "Feature", "properties": { "layer": "red_roads" }, "geometry": { "type": "LineString", "coordinates": [ [ 1836.0, 417.0 ], [ 1836.0, 418.0 ] ] } },
{ "type": "Feature", "properties": { "layer": "red_roads" }, "geometry": { "type": "LineString", "coordinates": [ [ 1836.0, 418.0 ], [ 1837.0, 417.0 ] ] } },
{ "type": "Feature", "properties": { "layer": "red_roads" }, "geometry": { "type": "LineString", "coordinates": [ [ 1836.0, 994.0 ], [ 1843.0, 993.0 ] ] } },
{ "type": "Feature", "properties": { "layer": "red_roads" }, "geometry": { "type": "LineString", "coordinates": [ [ 1837.0, 417.0 ], [ 1850.0, 417.0 ] ] } },
{ "type": "Feature", "properties": { "layer": "red_roads" }, "geometry": { "type": "LineString", "coordinates": [ [ 1837.0, 428.0 ], [ 1842.0, 429.0 ] ] } },
{ "type": "Feature", "properties": { "layer": "red_roads" }, "geometry": { "type": "LineString", "coordinates": [ [ 1840.0, 326.0 ], [ 1845.0, 328.0 ] ] } },
{ "type": "Feature", "properties": { "layer": "red_roads" }, "geometry": { "type": "LineString", "coordinates": [ [ 1842.0, 429.0 ], [ 1843.0, 429.0 ] ] } },
{ "type": "Feature", "properties": { "layer": "red_roads" }, "geometry": { "type": "LineString", "coordinates": [ [ 1842.0, 429.0 ], [ 1842.0, 430.0 ] ] } },
{ "type": "Feature", "properties": { "layer": "red_roads" }, "geometry": { "type": "LineString", "coordinates": [ [ 1842.0, 430.0 ], [ 1842.0, 432.0 ] ] } },
{ "type": "Feature", "properties": { "layer": "red_roads" }, "geometry": { "type": "LineString", "coordinates": [ [ 1842.0, 430.0 ], [ 1843.0, 429.0 ] ] } },
{ "type": "Feature", "properties": { "layer": "red_roads" }, "geometry": { "type": "LineString", "coordinates": [ [ 1845.0, 329.0 ], [ 1843.0, 335.0 ] ] } },
{ "type": "Feature", "properties": { "layer": "red_roads" }, "geometry": { "type": "LineString", "coordinates": [ [ 1843.0, 429.0 ], [ 1850.0, 426.0 ] ] } },
{ "type": "Feature", "properties": { "layer": "red_roads" }, "geometry": { "type": "LineString", "coordinates": [ [ 1845.0, 328.0 ], [ 1846.0, 329.0 ] ] } },
{ "type": "Feature", "properties": { "layer": "red_roads" }, "geometry": { "type": "LineString", "coordinates": [ [ 1845.0, 328.0 ], [ 1845.0, 329.0 ] ] } },
{ "type": "Feature", "properties": { "layer": "red_roads" }, "geometry": { "type": "LineString", "coordinates": [ [ 1845.0, 329.0 ], [ 1846.0, 329.0 ] ] } },
{ "type": "Feature", "properties": { "layer": "red_roads" }, "geometry": { "type": "LineString", "coordinates": [ [ 1846.0, 329.0 ], [ 1847.0, 329.0 ] ] } },
{ "type": "Feature", "properties": { "layer": "red_roads" }, "geometry": { "type": "LineString", "coordinates": [ [ 1847.0, 329.0 ], [ 1858.0, 340.0 ] ] } },
{ "type": "Feature", "properties": { "layer": "red_roads" }, "geometry": { "type": "LineString", "coordinates": [ [ 1847.0, 329.0 ], [ 1850.0, 326.0 ], [ 1859.0, 323.0 ] ] } },
{ "type": "Feature", "properties": { "layer": "red_roads" }, "geometry": { "type": "LineString", "coordinates": [ [ 1850.0, 417.0 ], [ 1851.0, 417.0 ] ] } },
{ "type": "Feature", "properties": { "layer": "red_roads" }, "geometry": { "type": "LineString", "coordinates": [ [ 1850.0, 417.0 ], [ 1851.0, 416.0 ] ] } },
{ "type": "Feature", "properties": { "layer": "red_roads" }, "geometry": { "type": "LineString", "coordinates": [ [ 1850.0, 423.0 ], [ 1853.0, 421.0 ] ] } },
{ "type": "Feature", "properties": { "layer": "red_roads" }, "geometry": { "type": "LineString", "coordinates": [ [ 1850.0, 522.0 ], [ 1854.0, 520.0 ], [ 1858.0, 523.0 ] ] } },
{ "type": "Feature", "properties": { "layer": "red_roads" }, "geometry": { "type": "LineString", "coordinates": [ [ 1851.0, 416.0 ], [ 1852.0, 417.0 ] ] } },
{ "type": "Feature", "properties": { "layer": "red_roads" }, "geometry": { "type": "LineString", "coordinates": [ [ 1851.0, 416.0 ], [ 1851.0, 417.0 ] ] } },
{ "type": "Feature", "properties": { "layer": "red_roads" }, "geometry": { "type": "LineString", "coordinates": [ [ 1851.0, 416.0 ], [ 1852.0, 414.0 ] ] } },
{ "type": "Feature", "properties": { "layer": "red_roads" }, "geometry": { "type": "LineString", "coordinates": [ [ 1851.0, 417.0 ], [ 1852.0, 417.0 ] ] } },
{ "type": "Feature", "properties": { "layer": "red_roads" }, "geometry": { "type": "LineString", "coordinates": [ [ 1851.0, 417.0 ], [ 1852.0, 418.0 ] ] } },
{ "type": "Feature", "properties": { "layer": "red_roads" }, "geometry": { "type": "LineString", "coordinates": [ [ 1852.0, 417.0 ], [ 1853.0, 417.0 ] ] } },
{ "type": "Feature", "properties": { "layer": "red_roads" }, "geometry": { "type": "LineString", "coordinates": [ [ 1852.0, 417.0 ], [ 1852.0, 418.0 ] ] } },
{ "type": "Feature", "properties": { "layer": "red_roads" }, "geometry": { "type": "LineString", "coordinates": [ [ 1852.0, 418.0 ], [ 1853.0, 419.0 ] ] } },
{ "type": "Feature", "properties": { "layer": "red_roads" }, "geometry": { "type": "LineString", "coordinates": [ [ 1852.0, 418.0 ], [ 1853.0, 417.0 ] ] } },
{ "type": "Feature", "properties": { "layer": "red_roads" }, "geometry": { "type": "LineString", "coordinates": [ [ 1852.0, 983.0 ], [ 1851.0, 991.0 ], [ 1853.0, 994.0 ], [ 1856.0, 994.0 ] ] } },
{ "type": "Feature", "properties": { "layer": "red_roads" }, "geometry": { "type": "LineString", "coordinates": [ [ 1853.0, 417.0 ], [ 1858.0, 415.0 ], [ 1865.0, 416.0 ] ] } },
{ "type": "Feature", "properties": { "layer": "red_roads" }, "geometry": { "type": "LineString", "coordinates": [ [ 1853.0, 419.0 ], [ 1854.0, 420.0 ] ] } },
{ "type": "Feature", "properties": { "layer": "red_roads" }, "geometry": { "type": "LineString", "coordinates": [ [ 1853.0, 419.0 ], [ 1853.0, 420.0 ] ] } },
{ "type": "Feature", "properties": { "layer": "red_roads" }, "geometry": { "type": "LineString", "coordinates": [ [ 1853.0, 420.0 ], [ 1854.0, 420.0 ] ] } },
{ "type": "Feature", "properties": { "layer": "red_roads" }, "geometry": { "type": "LineString", "coordinates": [ [ 1853.0, 420.0 ], [ 1853.0, 421.0 ] ] } },
{ "type": "Feature", "properties": { "layer": "red_roads" }, "geometry": { "type": "LineString", "coordinates": [ [ 1853.0, 421.0 ], [ 1854.0, 420.0 ] ] } },
{ "type": "Feature", "properties": { "layer": "red_roads" }, "geometry": { "type": "LineString", "coordinates": [ [ 1854.0, 420.0 ], [ 1856.0, 420.0 ] ] } },
{ "type": "Feature", "properties": { "layer": "red_roads" }, "geometry": { "type": "LineString", "coordinates": [ [ 1857.0, 306.0 ], [ 1859.0, 309.0 ] ] } },
{ "type": "Feature", "properties": { "layer": "red_roads" }, "geometry": { "type": "LineString", "coordinates": [ [ 1858.0, 276.0 ], [ 1861.0, 278.0 ], [ 1870.0, 277.0 ] ] } },
{ "type": "Feature", "properties": { "layer": "red_roads" }, "geometry": { "type": "LineString", "coordinates": [ [ 1859.0, 309.0 ], [ 1860.0, 310.0 ] ] } },
{ "type": "Feature", "properties": { "layer": "red_roads" }, "geometry": { "type": "LineString", "coordinates": [ [ 1859.0, 309.0 ], [ 1859.0, 310.0 ] ] } },
{ "type": "Feature", "properties": { "layer": "red_roads" }, "geometry": { "type": "LineString", "coordinates": [ [ 1859.0, 310.0 ], [ 1860.0, 310.0 ] ] } },
{ "type": "Feature", "properties": { "layer": "red_roads" }, "geometry": { "type": "LineString", "coordinates": [ [ 1859.0, 310.0 ], [ 1859.0, 311.0 ] ] } },
{ "type": "Feature", "properties": { "layer": "red_roads" }, "geometry": { "type": "LineString", "coordinates": [ [ 1859.0, 311.0 ], [ 1859.0, 321.0 ] ] } },
{ "type": "Feature", "properties": { "layer": "red_roads" }, "geometry": { "type": "LineString", "coordinates": [ [ 1859.0, 311.0 ], [ 1860.0, 310.0 ] ] } },
{ "type": "Feature", "properties": { "layer": "red_roads" }, "geometry": { "type": "LineString", "coordinates": [ [ 1859.0, 321.0 ], [ 1860.0, 322.0 ] ] } },
{ "type": "Feature", "properties": { "layer": "red_roads" }, "geometry": { "type": "LineString", "coordinates": [ [ 1859.0, 321.0 ], [ 1859.0, 322.0 ] ] } },
{ "type": "Feature", "properties": { "layer": "red_roads" }, "geometry": { "type": "LineString", "coordinates": [ [ 1859.0, 322.0 ], [ 1860.0, 322.0 ] ] } },
{ "type": "Feature", "properties": { "layer": "red_roads" }, "geometry": { "type": "LineString", "coordinates": [ [ 1859.0, 322.0 ], [ 1859.0, 323.0 ] ] } },
{ "type": "Feature", "properties": { "layer": "red_roads" }, "geometry": { "type": "LineString", "coordinates": [ [ 1859.0, 323.0 ], [ 1860.0, 322.0 ] ] } },
{ "type": "Feature", "properties": { "layer": "red_roads" }, "geometry": { "type": "LineString", "coordinates": [ [ 1860.0, 310.0 ], [ 1863.0, 308.0 ] ] } },
{ "type": "Feature", "properties": { "layer": "red_roads" }, "geometry": { "type": "LineString", "coordinates": [ [ 1860.0, 322.0 ], [ 1868.0, 323.0 ] ] } },
{ "type": "Feature", "properties": { "layer": "red_roads" }, "geometry": { "type": "LineString", "coordinates": [ [ 1862.0, 419.0 ], [ 1865.0, 416.0 ] ] } },
{ "type": "Feature", "properties": { "layer": "red_roads" }, "geometry": { "type": "LineString", "coordinates": [ [ 1865.0, 416.0 ], [ 1874.0, 417.0 ], [ 1879.0, 414.0 ], [ 1882.0, 415.0 ] ] } },
{ "type": "Feature", "properties": { "layer": "red_roads" }, "geometry": { "type": "LineString", "coordinates": [ [ 1870.0, 277.0 ], [ 1873.0, 279.0 ] ] } },
{ "type": "Feature", "properties": { "layer": "red_roads" }, "geometry": { "type": "LineString", "coordinates": [ [ 1870.0, 277.0 ], [ 1874.0, 275.0 ] ] } },
{ "type": "Feature", "properties": { "layer": "red_roads" }, "geometry": { "type": "LineString", "coordinates": [ [ 1870.0, 289.0 ], [ 1873.0, 288.0 ] ] } },
{ "type": "Feature", "properties": { "layer": "red_roads" }, "geometry": { "type": "LineString", "coordinates": [ [ 1872.0, 285.0 ], [ 1873.0, 288.0 ] ] } },
{ "type": "Feature", "properties": { "layer": "red_roads" }, "geometry": { "type": "LineString", "coordinates": [ [ 1873.0, 288.0 ], [ 1874.0, 289.0 ] ] } },
{ "type": "Feature", "properties": { "layer": "red_roads" }, "geometry": { "type": "LineString", "coordinates": [ [ 1874.0, 289.0 ], [ 1875.0, 289.0 ] ] } },
{ "type": "Feature", "properties": { "layer": "red_roads" }, "geometry": { "type": "LineString", "coordinates": [ [ 1874.0, 289.0 ], [ 1874.0, 290.0 ] ] } },
{ "type": "Feature", "properties": { "layer": "red_roads" }, "geometry": { "type": "LineString", "coordinates": [ [ 1874.0, 290.0 ], [ 1874.0, 292.0 ] ] } },
{ "type": "Feature", "properties": { "layer": "red_roads" }, "geometry": { "type": "LineString", "coordinates": [ [ 1874.0, 290.0 ], [ 1875.0, 289.0 ] ] } },
{ "type": "Feature", "properties": { "layer": "red_roads" }, "geometry": { "type": "LineString", "coordinates": [ [ 1875.0, 289.0 ], [ 1878.0, 288.0 ] ] } },
{ "type": "Feature", "properties": { "layer": "red_roads" }, "geometry": { "type": "LineString", "coordinates": [ [ 1875.0, 369.0 ], [ 1877.0, 372.0 ], [ 1876.0, 376.0 ] ] } },
{ "type": "Feature", "properties": { "layer": "red_roads" }, "geometry": { "type": "LineString", "coordinates": [ [ 1881.0, 418.0 ], [ 1882.0, 416.0 ] ] } },
{ "type": "Feature", "properties": { "layer": "red_roads" }, "geometry": { "type": "LineString", "coordinates": [ [ 1882.0, 415.0 ], [ 1883.0, 415.0 ] ] } },
{ "type": "Feature", "properties": { "layer": "red_roads" }, "geometry": { "type": "LineString", "coordinates": [ [ 1882.0, 415.0 ], [ 1882.0, 416.0 ] ] } },
{ "type": "Feature", "properties": { "layer": "red_roads" }, "geometry": { "type": "LineString", "coordinates": [ [ 1882.0, 416.0 ], [ 1883.0, 415.0 ] ] } },
{ "type": "Feature", "properties": { "layer": "red_roads" }, "geometry": { "type": "LineString", "coordinates": [ [ 1883.0, 415.0 ], [ 1898.0, 415.0 ], [ 1902.0, 418.0 ] ] } },
{ "type": "Feature", "properties": { "layer": "red_roads" }, "geometry": { "type": "LineString", "coordinates": [ [ 1891.0, 336.0 ], [ 1897.0, 331.0 ] ] } },
{ "type": "Feature", "properties": { "layer": "red_roads" }, "geometry": { "type": "LineString", "coordinates": [ [ 1891.0, 368.0 ], [ 1889.0, 371.0 ], [ 1889.0, 375.0 ], [ 1892.0, 380.0 ], [ 1892.0, 383.0 ] ] } },
{ "type": "Feature", "properties": { "layer": "red_roads" }, "geometry": { "type": "LineString", "coordinates": [ [ 1897.0, 331.0 ], [ 1898.0, 331.0 ] ] } },
{ "type": "Feature", "properties": { "layer": "red_roads" }, "geometry": { "type": "LineString", "coordinates": [ [ 1897.0, 331.0 ], [ 1898.0, 330.0 ] ] } },
{ "type": "Feature", "properties": { "layer": "red_roads" }, "geometry": { "type": "LineString", "coordinates": [ [ 1898.0, 17.0 ], [ 1900.0, 15.0 ] ] } },
{ "type": "Feature", "properties": { "layer": "red_roads" }, "geometry": { "type": "LineString", "coordinates": [ [ 1898.0, 327.0 ], [ 1898.0, 330.0 ] ] } },
{ "type": "Feature", "properties": { "layer": "red_roads" }, "geometry": { "type": "LineString", "coordinates": [ [ 1898.0, 330.0 ], [ 1899.0, 331.0 ] ] } },
{ "type": "Feature", "properties": { "layer": "red_roads" }, "geometry": { "type": "LineString", "coordinates": [ [ 1898.0, 330.0 ], [ 1898.0, 331.0 ] ] } },
{ "type": "Feature", "properties": { "layer": "red_roads" }, "geometry": { "type": "LineString", "coordinates": [ [ 1898.0, 331.0 ], [ 1899.0, 331.0 ] ] } },
{ "type": "Feature", "properties": { "layer": "red_roads" }, "geometry": { "type": "LineString", "coordinates": [ [ 1899.0, 331.0 ], [ 1900.0, 331.0 ] ] } },
{ "type": "Feature", "properties": { "layer": "red_roads" }, "geometry": { "type": "LineString", "coordinates": [ [ 1900.0, 10.0 ], [ 1901.0, 11.0 ] ] } },
{ "type": "Feature", "properties": { "layer": "red_roads" }, "geometry": { "type": "LineString", "coordinates": [ [ 1900.0, 15.0 ], [ 1901.0, 15.0 ] ] } },
{ "type": "Feature", "properties": { "layer": "red_roads" }, "geometry": { "type": "LineString", "coordinates": [ [ 1900.0, 15.0 ], [ 1901.0, 14.0 ] ] } },
{ "type": "Feature", "properties": { "layer": "red_roads" }, "geometry": { "type": "LineString", "coordinates": [ [ 1900.0, 331.0 ], [ 1901.0, 331.0 ] ] } },
{ "type": "Feature", "properties": { "layer": "red_roads" }, "geometry": { "type": "LineString", "coordinates": [ [ 1900.0, 331.0 ], [ 1901.0, 332.0 ] ] } },
{ "type": "Feature", "properties": { "layer": "red_roads" }, "geometry": { "type": "LineString", "coordinates": [ [ 1900.0, 331.0 ], [ 1901.0, 330.0 ] ] } },
{ "type": "Feature", "properties": { "layer": "red_roads" }, "geometry": { "type": "LineString", "coordinates": [ [ 1901.0, 11.0 ], [ 1902.0, 11.0 ] ] } },
{ "type": "Feature", "properties": { "layer": "red_roads" }, "geometry": { "type": "LineString", "coordinates": [ [ 1901.0, 11.0 ], [ 1901.0, 12.0 ] ] } },
{ "type": "Feature", "properties": { "layer": "red_roads" }, "geometry": { "type": "LineString", "coordinates": [ [ 1901.0, 12.0 ], [ 1901.0, 14.0 ] ] } },
{ "type": "Feature", "properties": { "layer": "red_roads" }, "geometry": { "type": "LineString", "coordinates": [ [ 1901.0, 12.0 ], [ 1902.0, 11.0 ] ] } },
{ "type": "Feature", "properties": { "layer": "red_roads" }, "geometry": { "type": "LineString", "coordinates": [ [ 1901.0, 14.0 ], [ 1902.0, 15.0 ] ] } },
{ "type": "Feature", "properties": { "layer": "red_roads" }, "geometry": { "type": "LineString", "coordinates": [ [ 1901.0, 14.0 ], [ 1901.0, 15.0 ] ] } },
{ "type": "Feature", "properties": { "layer": "red_roads" }, "geometry": { "type": "LineString", "coordinates": [ [ 1901.0, 15.0 ], [ 1902.0, 15.0 ] ] } },
{ "type": "Feature", "properties": { "layer": "red_roads" }, "geometry": { "type": "LineString", "coordinates": [ [ 1901.0, 330.0 ], [ 1901.0, 331.0 ] ] } },
{ "type": "Feature", "properties": { "layer": "red_roads" }, "geometry": { "type": "LineString", "coordinates": [ [ 1901.0, 330.0 ], [ 1902.0, 329.0 ] ] } },
{ "type": "Feature", "properties": { "layer": "red_roads" }, "geometry": { "type": "LineString", "coordinates": [ [ 1901.0, 331.0 ], [ 1901.0, 332.0 ] ] } },
{ "type": "Feature", "properties": { "layer": "red_roads" }, "geometry": { "type": "LineString", "coordinates": [ [ 1901.0, 332.0 ], [ 1902.0, 334.0 ] ] } },
{ "type": "Feature", "properties": { "layer": "red_roads" }, "geometry": { "type": "LineString", "coordinates": [ [ 1902.0, 11.0 ], [ 1904.0, 11.0 ] ] } },
{ "type": "Feature", "properties": { "layer": "red_roads" }, "geometry": { "type": "LineString", "coordinates": [ [ 1902.0, 15.0 ], [ 1903.0, 16.0 ] ] } },
{ "type": "Feature", "properties": { "layer": "red_roads" }, "geometry": { "type": "LineString", "coordinates": [ [ 1953.0, 587.0 ], [ 1959.0, 584.0 ] ] } },
{ "type": "Feature", "properties": { "layer": "red_roads" }, "geometry": { "type": "LineString", "coordinates": [ [ 1959.0, 584.0 ], [ 1960.0, 584.0 ] ] } },
{ "type": "Feature", "properties": { "layer": "red_roads" }, "geometry": { "type": "LineString", "coordinates": [ [ 1959.0, 584.0 ], [ 1960.0, 585.0 ] ] } },
{ "type": "Feature", "properties": { "layer": "red_roads" }, "geometry": { "type": "LineString", "coordinates": [ [ 1960.0, 584.0 ], [ 1961.0, 584.0 ] ] } },
{ "type": "Feature", "properties": { "layer": "red_roads" }, "geometry": { "type": "LineString", "coordinates": [ [ 1960.0, 584.0 ], [ 1960.0, 585.0 ] ] } },
{ "type": "Feature", "properties": { "layer": "red_roads" }, "geometry": { "type": "LineString", "coordinates": [ [ 1960.0, 585.0 ], [ 1961.0, 588.0 ] ] } },
{ "type": "Feature", "properties": { "layer": "red_roads" }, "geometry": { "type": "LineString", "coordinates": [ [ 1960.0, 585.0 ], [ 1961.0, 584.0 ] ] } },
{ "type": "Feature", "properties": { "layer": "red_roads" }, "geometry": { "type": "LineString", "coordinates": [ [ 1961.0, 584.0 ], [ 1962.0, 583.0 ] ] } },
{ "type": "Feature", "properties": { "layer": "red_roads" }, "geometry": { "type": "LineString", "coordinates": [ [ 1970.0, 564.0 ], [ 1974.0, 565.0 ], [ 1979.0, 562.0 ] ] } },
{ "type": "Feature", "properties": { "layer": "red_roads" }, "geometry": { "type": "LineString", "coordinates": [ [ 1976.0, 582.0 ], [ 1977.0, 584.0 ], [ 1981.0, 585.0 ] ] } },
{ "type": "Feature", "properties": { "layer": "red_roads" }, "geometry": { "type": "LineString", "coordinates": [ [ 1981.0, 585.0 ], [ 1982.0, 585.0 ] ] } },
{ "type": "Feature", "properties": { "layer": "red_roads" }, "geometry": { "type": "LineString", "coordinates": [ [ 1981.0, 585.0 ], [ 1982.0, 584.0 ] ] } },
{ "type": "Feature", "properties": { "layer": "red_roads" }, "geometry": { "type": "LineString", "coordinates": [ [ 1982.0, 556.0 ], [ 1994.0, 552.0 ] ] } },
{ "type": "Feature", "properties": { "layer": "red_roads" }, "geometry": { "type": "LineString", "coordinates": [ [ 1982.0, 584.0 ], [ 1982.0, 585.0 ] ] } },
{ "type": "Feature", "properties": { "layer": "red_roads" }, "geometry": { "type": "LineString", "coordinates": [ [ 1982.0, 584.0 ], [ 1984.0, 581.0 ] ] } },
{ "type": "Feature", "properties": { "layer": "red_roads" }, "geometry": { "type": "LineString", "coordinates": [ [ 1982.0, 585.0 ], [ 1983.0, 586.0 ] ] } },
{ "type": "Feature", "properties": { "layer": "red_roads" }, "geometry": { "type": "LineString", "coordinates": [ [ 1990.0, 613.0 ], [ 1993.0, 617.0 ], [ 1998.0, 616.0 ] ] } },
{ "type": "Feature", "properties": { "layer": "red_roads" }, "geometry": { "type": "LineString", "coordinates": [ [ 1991.0, 596.0 ], [ 1993.0, 592.0 ] ] } },
{ "type": "Feature", "properties": { "layer": "red_roads" }, "geometry": { "type": "LineString", "coordinates": [ [ 1992.0, 590.0 ], [ 1993.0, 591.0 ] ] } },
{ "type": "Feature", "properties": { "layer": "red_roads" }, "geometry": { "type": "LineString", "coordinates": [ [ 1993.0, 591.0 ], [ 1994.0, 591.0 ] ] } },
{ "type": "Feature", "properties": { "layer": "red_roads" }, "geometry": { "type": "LineString", "coordinates": [ [ 1993.0, 591.0 ], [ 1993.0, 592.0 ] ] } },
{ "type": "Feature", "properties": { "layer": "red_roads" }, "geometry": { "type": "LineString", "coordinates": [ [ 1993.0, 592.0 ], [ 1994.0, 591.0 ] ] } },
{ "type": "Feature", "properties": { "layer": "red_roads" }, "geometry": { "type": "LineString", "coordinates": [ [ 1994.0, 552.0 ], [ 1996.0, 553.0 ] ] } },
{ "type": "Feature", "properties": { "layer": "red_roads" }, "geometry": { "type": "LineString", "coordinates": [ [ 1994.0, 552.0 ], [ 1995.0, 551.0 ] ] } },
{ "type": "Feature", "properties": { "layer": "red_roads" }, "geometry": { "type": "LineString", "coordinates": [ [ 1994.0, 591.0 ], [ 2001.0, 591.0 ] ] } },
{ "type": "Feature", "properties": { "layer": "red_roads" }, "geometry": { "type": "LineString", "coordinates": [ [ 2001.0, 591.0 ], [ 2002.0, 593.0 ], [ 2007.0, 593.0 ] ] } },
{ "type": "Feature", "properties": { "layer": "red_roads" }, "geometry": { "type": "LineString", "coordinates": [ [ 2001.0, 591.0 ], [ 2005.0, 584.0 ] ] } },
{ "type": "Feature", "properties": { "layer": "red_roads" }, "geometry": { "type": "LineString", "coordinates": [ [ 2001.0, 610.0 ], [ 2001.0, 608.0 ], [ 2005.0, 605.0 ] ] } },
{ "type": "Feature", "properties": { "layer": "red_roads" }, "geometry": { "type": "LineString", "coordinates": [ [ 2037.0, 116.0 ], [ 2040.0, 116.0 ] ] } },
{ "type": "Feature", "properties": { "layer": "red_roads" }, "geometry": { "type": "LineString", "coordinates": [ [ 2038.0, 120.0 ], [ 2040.0, 121.0 ] ] } },
{ "type": "Feature", "properties": { "layer": "red_roads" }, "geometry": { "type": "LineString", "coordinates": [ [ 2040.0, 116.0 ], [ 2041.0, 116.0 ] ] } },
{ "type": "Feature", "properties": { "layer": "red_roads" }, "geometry": { "type": "LineString", "coordinates": [ [ 2040.0, 116.0 ], [ 2041.0, 117.0 ] ] } },
{ "type": "Feature", "properties": { "layer": "red_roads" }, "geometry": { "type": "LineString", "coordinates": [ [ 2040.0, 121.0 ], [ 2041.0, 121.0 ] ] } },
{ "type": "Feature", "properties": { "layer": "red_roads" }, "geometry": { "type": "LineString", "coordinates": [ [ 2040.0, 121.0 ], [ 2041.0, 122.0 ] ] } },
{ "type": "Feature", "properties": { "layer": "red_roads" }, "geometry": { "type": "LineString", "coordinates": [ [ 2040.0, 121.0 ], [ 2041.0, 120.0 ] ] } },
{ "type": "Feature", "properties": { "layer": "red_roads" }, "geometry": { "type": "LineString", "coordinates": [ [ 2041.0, 116.0 ], [ 2041.0, 117.0 ] ] } },
{ "type": "Feature", "properties": { "layer": "red_roads" }, "geometry": { "type": "LineString", "coordinates": [ [ 2041.0, 116.0 ], [ 2043.0, 113.0 ] ] } },
{ "type": "Feature", "properties": { "layer": "red_roads" }, "geometry": { "type": "LineString", "coordinates": [ [ 2041.0, 117.0 ], [ 2041.0, 120.0 ] ] } },
{ "type": "Feature", "properties": { "layer": "red_roads" }, "geometry": { "type": "LineString", "coordinates": [ [ 2041.0, 120.0 ], [ 2041.0, 121.0 ] ] } },
{ "type": "Feature", "properties": { "layer": "red_roads" }, "geometry": { "type": "LineString", "coordinates": [ [ 2041.0, 121.0 ], [ 2041.0, 122.0 ] ] } },
{ "type": "Feature", "properties": { "layer": "red_roads" }, "geometry": { "type": "LineString", "coordinates": [ [ 2041.0, 122.0 ], [ 2042.0, 124.0 ] ] } },
{ "type": "Feature", "properties": { "layer": "red_roads" }, "geometry": { "type": "LineString", "coordinates": [ [ 2053.0, 70.0 ], [ 2055.0, 70.0 ] ] } },
{ "type": "Feature", "properties": { "layer": "red_roads" }, "geometry": { "type": "LineString", "coordinates": [ [ 2055.0, 70.0 ], [ 2056.0, 70.0 ] ] } },
{ "type": "Feature", "properties": { "layer": "red_roads" }, "geometry": { "type": "LineString", "coordinates": [ [ 2055.0, 70.0 ], [ 2056.0, 71.0 ] ] } },
{ "type": "Feature", "properties": { "layer": "red_roads" }, "geometry": { "type": "LineString", "coordinates": [ [ 2055.0, 72.0 ], [ 2056.0, 71.0 ] ] } },
{ "type": "Feature", "properties": { "layer": "red_roads" }, "geometry": { "type": "LineString", "coordinates": [ [ 2056.0, 70.0 ], [ 2057.0, 70.0 ] ] } },
{ "type": "Feature", "properties": { "layer": "red_roads" }, "geometry": { "type": "LineString", "coordinates": [ [ 2056.0, 70.0 ], [ 2056.0, 71.0 ] ] } },
{ "type": "Feature", "properties": { "layer": "red_roads" }, "geometry": { "type": "LineString", "coordinates": [ [ 2056.0, 71.0 ], [ 2057.0, 70.0 ] ] } },
{ "type": "Feature", "properties": { "layer": "red_roads" }, "geometry": { "type": "LineString", "coordinates": [ [ 2057.0, 70.0 ], [ 2074.0, 71.0 ] ] } },
{ "type": "Feature", "properties": { "layer": "red_roads" }, "geometry": { "type": "LineString", "coordinates": [ [ 2071.0, 33.0 ], [ 2074.0, 30.0 ], [ 2074.0, 24.0 ], [ 2077.0, 21.0 ] ] } },
{ "type": "Feature", "properties": { "layer": "red_roads" }, "geometry": { "type": "LineString", "coordinates": [ [ 2075.0, 0.0 ], [ 2073.0, 6.0 ] ] } },
{ "type": "Feature", "properties": { "layer": "red_roads" }, "geometry": { "type": "LineString", "coordinates": [ [ 2074.0, 71.0 ], [ 2075.0, 71.0 ] ] } },
{ "type": "Feature", "properties": { "layer": "red_roads" }, "geometry": { "type": "LineString", "coordinates": [ [ 2074.0, 71.0 ], [ 2075.0, 72.0 ] ] } },
{ "type": "Feature", "properties": { "layer": "red_roads" }, "geometry": { "type": "LineString", "coordinates": [ [ 2075.0, 71.0 ], [ 2076.0, 71.0 ] ] } },
{ "type": "Feature", "properties": { "layer": "red_roads" }, "geometry": { "type": "LineString", "coordinates": [ [ 2075.0, 71.0 ], [ 2075.0, 72.0 ] ] } },
{ "type": "Feature", "properties": { "layer": "red_roads" }, "geometry": { "type": "LineString", "coordinates": [ [ 2075.0, 72.0 ], [ 2076.0, 87.0 ], [ 2078.0, 89.0 ], [ 2076.0, 101.0 ] ] } },
{ "type": "Feature", "properties": { "layer": "red_roads" }, "geometry": { "type": "LineString", "coordinates": [ [ 2075.0, 72.0 ], [ 2076.0, 71.0 ] ] } },
{ "type": "Feature", "properties": { "layer": "red_roads" }, "geometry": { "type": "LineString", "coordinates": [ [ 2076.0, 71.0 ], [ 2080.0, 70.0 ] ] } },
{ "type": "Feature", "properties": { "layer": "red_roads" }, "geometry": { "type": "LineString", "coordinates": [ [ 2079.0, 110.0 ], [ 2077.0, 118.0 ], [ 2077.0, 130.0 ] ] } },
{ "type": "Feature", "properties": { "layer": "red_roads" }, "geometry": { "type": "LineString", "coordinates": [ [ 2078.0, 106.0 ], [ 2079.0, 108.0 ] ] } },
{ "type": "Feature", "properties": { "layer": "red_roads" }, "geometry": { "type": "LineString", "coordinates": [ [ 2079.0, 108.0 ], [ 2080.0, 109.0 ] ] } },
{ "type": "Feature", "properties": { "layer": "red_roads" }, "geometry": { "type": "LineString", "coordinates": [ [ 2079.0, 108.0 ], [ 2079.0, 109.0 ] ] } },
{ "type": "Feature", "properties": { "layer": "red_roads" }, "geometry": { "type": "LineString", "coordinates": [ [ 2079.0, 109.0 ], [ 2080.0, 109.0 ] ] } },
{ "type": "Feature", "properties": { "layer": "red_roads" }, "geometry": { "type": "LineString", "coordinates": [ [ 2079.0, 109.0 ], [ 2079.0, 110.0 ] ] } },
{ "type": "Feature", "properties": { "layer": "red_roads" }, "geometry": { "type": "LineString", "coordinates": [ [ 2079.0, 110.0 ], [ 2080.0, 109.0 ] ] } },
{ "type": "Feature", "properties": { "layer": "red_roads" }, "geometry": { "type": "LineString", "coordinates": [ [ 2079.0, 262.0 ], [ 2077.0, 258.0 ], [ 2079.0, 255.0 ], [ 2083.0, 253.0 ] ] } },
{ "type": "Feature", "properties": { "layer": "red_roads" }, "geometry": { "type": "LineString", "coordinates": [ [ 2080.0, 70.0 ], [ 2086.0, 70.0 ] ] } },
{ "type": "Feature", "properties": { "layer": "red_roads" }, "geometry": { "type": "LineString", "coordinates": [ [ 2080.0, 70.0 ], [ 2082.0, 66.0 ], [ 2084.0, 66.0 ], [ 2086.0, 69.0 ] ] } },
{ "type": "Feature", "properties": { "layer": "red_roads" }, "geometry": { "type": "LineString", "coordinates": [ [ 2080.0, 109.0 ], [ 2084.0, 109.0 ] ] } },
{ "type": "Feature", "properties": { "layer": "red_roads" }, "geometry": { "type": "LineString", "coordinates": [ [ 2086.0, 69.0 ], [ 2087.0, 70.0 ] ] } },
{ "type": "Feature", "properties": { "layer": "red_roads" }, "geometry": { "type": "LineString", "coordinates": [ [ 2086.0, 69.0 ], [ 2086.0, 70.0 ] ] } },
{ "type": "Feature", "properties": { "layer": "red_roads" }, "geometry": { "type": "LineString", "coordinates": [ [ 2086.0, 70.0 ], [ 2087.0, 70.0 ] ] } },
{ "type": "Feature", "properties": { "layer": "red_roads" }, "geometry": { "type": "LineString", "coordinates": [ [ 2087.0, 70.0 ], [ 2089.0, 70.0 ] ] } },
{ "type": "Feature", "properties": { "layer": "red_roads" }, "geometry": { "type": "LineString", "coordinates": [ [ 2089.0, 70.0 ], [ 2090.0, 70.0 ] ] } },
{ "type": "Feature", "properties": { "layer": "red_roads" }, "geometry": { "type": "LineString", "coordinates": [ [ 2089.0, 70.0 ], [ 2090.0, 71.0 ] ] } },
{ "type": "Feature", "properties": { "layer": "red_roads" }, "geometry": { "type": "LineString", "coordinates": [ [ 2090.0, 70.0 ], [ 2091.0, 70.0 ] ] } },
{ "type": "Feature", "properties": { "layer": "red_roads" }, "geometry": { "type": "LineString", "coordinates": [ [ 2090.0, 70.0 ], [ 2090.0, 71.0 ] ] } },
{ "type": "Feature", "properties": { "layer": "red_roads" }, "geometry": { "type": "LineString", "coordinates": [ [ 2090.0, 71.0 ], [ 2090.0, 74.0 ] ] } },
{ "type": "Feature", "properties": { "layer": "red_roads" }, "geometry": { "type": "LineString", "coordinates": [ [ 2090.0, 71.0 ], [ 2091.0, 70.0 ] ] } },
{ "type": "Feature", "properties": { "layer": "red_roads" }, "geometry": { "type": "LineString", "coordinates": [ [ 2091.0, 70.0 ], [ 2098.0, 69.0 ] ] } },
{ "type": "Feature", "properties": { "layer": "red_roads" }, "geometry": { "type": "LineString", "coordinates": [ [ 2098.0, 67.0 ], [ 2098.0, 68.0 ] ] } },
{ "type": "Feature", "properties": { "layer": "red_roads" }, "geometry": { "type": "LineString", "coordinates": [ [ 2098.0, 68.0 ], [ 2099.0, 69.0 ] ] } },
{ "type": "Feature", "properties": { "layer": "red_roads" }, "geometry": { "type": "LineString", "coordinates": [ [ 2098.0, 68.0 ], [ 2098.0, 69.0 ] ] } },
{ "type": "Feature", "properties": { "layer": "red_roads" }, "geometry": { "type": "LineString", "coordinates": [ [ 2098.0, 69.0 ], [ 2099.0, 69.0 ] ] } },
{ "type": "Feature", "properties": { "layer": "red_roads" }, "geometry": { "type": "LineString", "coordinates": [ [ 2099.0, 69.0 ], [ 2111.0, 68.0 ] ] } },
{ "type": "Feature", "properties": { "layer": "red_roads" }, "geometry": { "type": "LineString", "coordinates": [ [ 2100.0, 244.0 ], [ 2103.0, 239.0 ], [ 2109.0, 234.0 ] ] } },
{ "type": "Feature", "properties": { "layer": "red_roads" }, "geometry": { "type": "LineString", "coordinates": [ [ 2109.0, 234.0 ], [ 2110.0, 234.0 ] ] } },
{ "type": "Feature", "properties": { "layer": "red_roads" }, "geometry": { "type": "LineString", "coordinates": [ [ 2109.0, 234.0 ], [ 2110.0, 233.0 ] ] } },
{ "type": "Feature", "properties": { "layer": "red_roads" }, "geometry": { "type": "LineString", "coordinates": [ [ 2110.0, 233.0 ], [ 2111.0, 234.0 ] ] } },
{ "type": "Feature", "properties": { "layer": "red_roads" }, "geometry": { "type": "LineString", "coordinates": [ [ 2110.0, 233.0 ], [ 2110.0, 234.0 ] ] } },
{ "type": "Feature", "properties": { "layer": "red_roads" }, "geometry": { "type": "LineString", "coordinates": [ [ 2112.0, 227.0 ], [ 2110.0, 233.0 ] ] } },
{ "type": "Feature", "properties": { "layer": "red_roads" }, "geometry": { "type": "LineString", "coordinates": [ [ 2110.0, 234.0 ], [ 2111.0, 234.0 ] ] } },
{ "type": "Feature", "properties": { "layer": "red_roads" }, "geometry": { "type": "LineString", "coordinates": [ [ 2111.0, 234.0 ], [ 2119.0, 234.0 ], [ 2122.0, 228.0 ] ] } },
{ "type": "Feature", "properties": { "layer": "red_roads" }, "geometry": { "type": "LineString", "coordinates": [ [ 2112.0, 225.0 ], [ 2113.0, 226.0 ] ] } },
{ "type": "Feature", "properties": { "layer": "red_roads" }, "geometry": { "type": "LineString", "coordinates": [ [ 2112.0, 225.0 ], [ 2112.0, 226.0 ] ] } },
{ "type": "Feature", "properties": { "layer": "red_roads" }, "geometry": { "type": "LineString", "coordinates": [ [ 2116.0, 208.0 ], [ 2113.0, 214.0 ], [ 2114.0, 219.0 ], [ 2112.0, 225.0 ] ] } },
{ "type": "Feature", "properties": { "layer": "red_roads" }, "geometry": { "type": "LineString", "coordinates": [ [ 2112.0, 226.0 ], [ 2113.0, 226.0 ] ] } },
{ "type": "Feature", "properties": { "layer": "red_roads" }, "geometry": { "type": "LineString", "coordinates": [ [ 2112.0, 226.0 ], [ 2112.0, 227.0 ] ] } },
{ "type": "Feature", "properties": { "layer": "red_roads" }, "geometry": { "type": "LineString", "coordinates": [ [ 2112.0, 227.0 ], [ 2113.0, 226.0 ] ] } },
{ "type": "Feature", "properties": { "layer": "red_roads" }, "geometry": { "type": "LineString", "coordinates": [ [ 2113.0, 226.0 ], [ 2119.0, 225.0 ], [ 2122.0, 227.0 ] ] } },
{ "type": "Feature", "properties": { "layer": "red_roads" }, "geometry": { "type": "LineString", "coordinates": [ [ 2116.0, 207.0 ], [ 2117.0, 207.0 ] ] } },
{ "type": "Feature", "properties": { "layer": "red_roads" }, "geometry": { "type": "LineString", "coordinates": [ [ 2116.0, 207.0 ], [ 2116.0, 208.0 ] ] } },
{ "type": "Feature", "properties": { "layer": "red_roads" }, "geometry": { "type": "LineString", "coordinates": [ [ 2116.0, 207.0 ], [ 2117.0, 206.0 ] ] } },
{ "type": "Feature", "properties": { "layer": "red_roads" }, "geometry": { "type": "LineString", "coordinates": [ [ 2116.0, 208.0 ], [ 2117.0, 207.0 ] ] } },
{ "type": "Feature", "properties": { "layer": "red_roads" }, "geometry": { "type": "LineString", "coordinates": [ [ 2117.0, 206.0 ], [ 2118.0, 207.0 ] ] } },
{ "type": "Feature", "properties": { "layer": "red_roads" }, "geometry": { "type": "LineString", "coordinates": [ [ 2117.0, 206.0 ], [ 2117.0, 207.0 ] ] } },
{ "type": "Feature", "properties": { "layer": "red_roads" }, "geometry": { "type": "LineString", "coordinates": [ [ 2117.0, 206.0 ], [ 2118.0, 205.0 ] ] } },
{ "type": "Feature", "properties": { "layer": "red_roads" }, "geometry": { "type": "LineString", "coordinates": [ [ 2117.0, 207.0 ], [ 2118.0, 207.0 ] ] } },
{ "type": "Feature", "properties": { "layer": "red_roads" }, "geometry": { "type": "LineString", "coordinates": [ [ 2118.0, 207.0 ], [ 2120.0, 207.0 ], [ 2123.0, 211.0 ] ] } },
{ "type": "Feature", "properties": { "layer": "red_roads" }, "geometry": { "type": "LineString", "coordinates": [ [ 2122.0, 227.0 ], [ 2123.0, 227.0 ] ] } },
{ "type": "Feature", "properties": { "layer": "red_roads" }, "geometry": { "type": "LineString", "coordinates": [ [ 2122.0, 227.0 ], [ 2122.0, 228.0 ] ] } },
{ "type": "Feature", "properties": { "layer": "red_roads" }, "geometry": { "type": "LineString", "coordinates": [ [ 2122.0, 228.0 ], [ 2123.0, 227.0 ] ] } },
{ "type": "Feature", "properties": { "layer": "red_roads" }, "geometry": { "type": "LineString", "coordinates": [ [ 2123.0, 227.0 ], [ 2127.0, 225.0 ], [ 2129.0, 222.0 ] ] } },
{ "type": "Feature", "properties": { "layer": "red_roads" }, "geometry": { "type": "LineString", "coordinates": [ [ 2128.0, 188.0 ], [ 2135.0, 187.0 ] ] } },
{ "type": "Feature", "properties": { "layer": "red_roads" }, "geometry": { "type": "LineString", "coordinates": [ [ 2128.0, 215.0 ], [ 2129.0, 220.0 ] ] } },
{ "type": "Feature", "properties": { "layer": "red_roads" }, "geometry": { "type": "LineString", "coordinates": [ [ 2129.0, 220.0 ], [ 2130.0, 221.0 ] ] } },
{ "type": "Feature", "properties": { "layer": "red_roads" }, "geometry": { "type": "LineString", "coordinates": [ [ 2129.0, 220.0 ], [ 2129.0, 221.0 ] ] } },
{ "type": "Feature", "properties": { "layer": "red_roads" }, "geometry": { "type": "LineString", "coordinates": [ [ 2129.0, 221.0 ], [ 2130.0, 221.0 ] ] } },
{ "type": "Feature", "properties": { "layer": "red_roads" }, "geometry": { "type": "LineString", "coordinates": [ [ 2129.0, 221.0 ], [ 2129.0, 222.0 ] ] } },
{ "type": "Feature", "properties": { "layer": "red_roads" }, "geometry": { "type": "LineString", "coordinates": [ [ 2129.0, 222.0 ], [ 2130.0, 221.0 ] ] } },
{ "type": "Feature", "properties": { "layer": "red_roads" }, "geometry": { "type": "LineString", "coordinates": [ [ 2130.0, 209.0 ], [ 2137.0, 207.0 ] ] } },
{ "type": "Feature", "properties": { "layer": "red_roads" }, "geometry": { "type": "LineString", "coordinates": [ [ 2130.0, 221.0 ], [ 2140.0, 219.0 ], [ 2145.0, 210.0 ] ] } },
{ "type": "Feature", "properties": { "layer": "red_roads" }, "geometry": { "type": "LineString", "coordinates": [ [ 2135.0, 187.0 ], [ 2136.0, 187.0 ] ] } },
{ "type": "Feature", "properties": { "layer": "red_roads" }, "geometry": { "type": "LineString", "coordinates": [ [ 2135.0, 187.0 ], [ 2136.0, 188.0 ] ] } },
{ "type": "Feature", "properties": { "layer": "red_roads" }, "geometry": { "type": "LineString", "coordinates": [ [ 2136.0, 187.0 ], [ 2136.0, 188.0 ] ] } },
{ "type": "Feature", "properties": { "layer": "red_roads" }, "geometry": { "type": "LineString", "coordinates": [ [ 2136.0, 187.0 ], [ 2146.0, 182.0 ] ] } },
{ "type": "Feature", "properties": { "layer": "red_roads" }, "geometry": { "type": "LineString", "coordinates": [ [ 2136.0, 188.0 ], [ 2138.0, 206.0 ] ] } },
{ "type": "Feature", "properties": { "layer": "red_roads" }, "geometry": { "type": "LineString", "coordinates": [ [ 2137.0, 207.0 ], [ 2138.0, 207.0 ] ] } },
{ "type": "Feature", "properties": { "layer": "red_roads" }, "geometry": { "type": "LineString", "coordinates": [ [ 2137.0, 207.0 ], [ 2138.0, 206.0 ] ] } },
{ "type": "Feature", "properties": { "layer": "red_roads" }, "geometry": { "type": "LineString", "coordinates": [ [ 2138.0, 206.0 ], [ 2139.0, 207.0 ] ] } },
{ "type": "Feature", "properties": { "layer": "red_roads" }, "geometry": { "type": "LineString", "coordinates": [ [ 2138.0, 206.0 ], [ 2138.0, 207.0 ] ] } },
{ "type": "Feature", "properties": { "layer": "red_roads" }, "geometry": { "type": "LineString", "coordinates": [ [ 2138.0, 207.0 ], [ 2139.0, 207.0 ] ] } },
{ "type": "Feature", "properties": { "layer": "red_roads" }, "geometry": { "type": "LineString", "coordinates": [ [ 2139.0, 172.0 ], [ 2143.0, 174.0 ] ] } },
{ "type": "Feature", "properties": { "layer": "red_roads" }, "geometry": { "type": "LineString", "coordinates": [ [ 2139.0, 207.0 ], [ 2143.0, 207.0 ], [ 2145.0, 209.0 ] ] } },
{ "type": "Feature", "properties": { "layer": "red_roads" }, "geometry": { "type": "LineString", "coordinates": [ [ 2142.0, 167.0 ], [ 2143.0, 168.0 ] ] } },
{ "type": "Feature", "properties": { "layer": "red_roads" }, "geometry": { "type": "LineString", "coordinates": [ [ 2143.0, 143.0 ], [ 2144.0, 143.0 ] ] } },
{ "type": "Feature", "properties": { "layer": "red_roads" }, "geometry": { "type": "LineString", "coordinates": [ [ 2143.0, 143.0 ], [ 2144.0, 144.0 ] ] } },
{ "type": "Feature", "properties": { "layer": "red_roads" }, "geometry": { "type": "LineString", "coordinates": [ [ 2143.0, 143.0 ], [ 2139.0, 140.0 ], [ 2139.0, 137.0 ], [ 2142.0, 136.0 ], [ 2145.0, 140.0 ] ] } },
{ "type": "Feature", "properties": { "layer": "red_roads" }, "geometry": { "type": "LineString", "coordinates": [ [ 2143.0, 168.0 ], [ 2144.0, 168.0 ] ] } },
{ "type": "Feature", "properties": { "layer": "red_roads" }, "geometry": { "type": "LineString", "coordinates": [ [ 2143.0, 168.0 ], [ 2144.0, 169.0 ] ] } },
{ "type": "Feature", "properties": { "layer": "red_roads" }, "geometry": { "type": "LineString", "coordinates": [ [ 2143.0, 174.0 ], [ 2144.0, 174.0 ] ] } },
{ "type": "Feature", "properties": { "layer": "red_roads" }, "geometry": { "type": "LineString", "coordinates": [ [ 2143.0, 174.0 ], [ 2144.0, 175.0 ] ] } },
{ "type": "Feature", "properties": { "layer": "red_roads" }, "geometry": { "type": "LineString", "coordinates": [ [ 2143.0, 174.0 ], [ 2144.0, 173.0 ] ] } },
{ "type": "Feature", "properties": { "layer": "red_roads" }, "geometry": { "type": "LineString", "coordinates": [ [ 2144.0, 143.0 ], [ 2144.0, 144.0 ] ] } },
{ "type": "Feature", "properties": { "layer": "red_roads" }, "geometry": { "type": "LineString", "coordinates": [ [ 2144.0, 143.0 ], [ 2145.0, 141.0 ] ] } },
{ "type": "Feature", "properties": { "layer": "red_roads" }, "geometry": { "type": "LineString", "coordinates": [ [ 2144.0, 144.0 ], [ 2144.0, 151.0 ] ] } },
{ "type": "Feature", "properties": { "layer": "red_roads" }, "geometry": { "type": "LineString", "coordinates": [ [ 2144.0, 151.0 ], [ 2145.0, 152.0 ] ] } },
{ "type": "Feature", "properties": { "layer": "red_roads" }, "geometry": { "type": "LineString", "coordinates": [ [ 2144.0, 151.0 ], [ 2144.0, 152.0 ] ] } },
{ "type": "Feature", "properties": { "layer": "red_roads" }, "geometry": { "type": "LineString", "coordinates": [ [ 2144.0, 152.0 ], [ 2145.0, 152.0 ] ] } },
{ "type": "Feature", "properties": { "layer": "red_roads" }, "geometry": { "type": "LineString", "coordinates": [ [ 2144.0, 152.0 ], [ 2144.0, 153.0 ] ] } },
{ "type": "Feature", "properties": { "layer": "red_roads" }, "geometry": { "type": "LineString", "coordinates": [ [ 2144.0, 153.0 ], [ 2142.0, 155.0 ], [ 2142.0, 160.0 ], [ 2145.0, 165.0 ], [ 2144.0, 168.0 ] ] } },
{ "type": "Feature", "properties": { "layer": "red_roads" }, "geometry": { "type": "LineString", "coordinates": [ [ 2144.0, 153.0 ], [ 2145.0, 152.0 ] ] } },
{ "type": "Feature", "properties": { "layer": "red_roads" }, "geometry": { "type": "LineString", "coordinates": [ [ 2144.0, 168.0 ], [ 2144.0, 169.0 ] ] } },
{ "type": "Feature", "properties": { "layer": "red_roads" }, "geometry": { "type": "LineString", "coordinates": [ [ 2144.0, 169.0 ], [ 2144.0, 173.0 ] ] } },
{ "type": "Feature", "properties": { "layer": "red_roads" }, "geometry": { "type": "LineString", "coordinates": [ [ 2144.0, 173.0 ], [ 2144.0, 174.0 ] ] } },
{ "type": "Feature", "properties": { "layer": "red_roads" }, "geometry": { "type": "LineString", "coordinates": [ [ 2144.0, 174.0 ], [ 2144.0, 175.0 ] ] } },
{ "type": "Feature", "properties": { "layer": "red_roads" }, "geometry": { "type": "LineString", "coordinates": [ [ 2144.0, 175.0 ], [ 2146.0, 181.0 ] ] } },
{ "type": "Feature", "properties": { "layer": "red_roads" }, "geometry": { "type": "LineString", "coordinates": [ [ 2145.0, 140.0 ], [ 2146.0, 140.0 ] ] } },
{ "type": "Feature", "properties": { "layer": "red_roads" }, "geometry": { "type": "LineString", "coordinates": [ [ 2145.0, 140.0 ], [ 2145.0, 141.0 ] ] } },
{ "type": "Feature", "properties": { "layer": "red_roads" }, "geometry": { "type": "LineString", "coordinates": [ [ 2145.0, 141.0 ], [ 2146.0, 140.0 ] ] } },
{ "type": "Feature", "properties": { "layer": "red_roads" }, "geometry": { "type": "LineString", "coordinates": [ [ 2145.0, 152.0 ], [ 2151.0, 153.0 ] ] } },
{ "type": "Feature", "properties": { "layer": "red_roads" }, "geometry": { "type": "LineString", "coordinates": [ [ 2145.0, 209.0 ], [ 2146.0, 209.0 ] ] } },
{ "type": "Feature", "properties": { "layer": "red_roads" }, "geometry": { "type": "LineString", "coordinates": [ [ 2145.0, 209.0 ], [ 2145.0, 210.0 ] ] } },
{ "type": "Feature", "properties": { "layer": "red_roads" }, "geometry": { "type": "LineString", "coordinates": [ [ 2145.0, 210.0 ], [ 2146.0, 209.0 ] ] } },
{ "type": "Feature", "properties": { "layer": "red_roads" }, "geometry": { "type": "LineString", "coordinates": [ [ 2147.0, 134.0 ], [ 2146.0, 140.0 ] ] } },
{ "type": "Feature", "properties": { "layer": "red_roads" }, "geometry": { "type": "LineString", "coordinates": [ [ 2146.0, 181.0 ], [ 2147.0, 182.0 ] ] } },
{ "type": "Feature", "properties": { "layer": "red_roads" }, "geometry": { "type": "LineString", "coordinates": [ [ 2146.0, 181.0 ], [ 2146.0, 182.0 ] ] } },
{ "type": "Feature", "properties": { "layer": "red_roads" }, "geometry": { "type": "LineString", "coordinates": [ [ 2146.0, 182.0 ], [ 2147.0, 182.0 ] ] } },
{ "type": "Feature", "properties": { "layer": "red_roads" }, "geometry": { "type": "LineString", "coordinates": [ [ 2146.0, 209.0 ], [ 2149.0, 209.0 ], [ 2151.0, 207.0 ] ] } },
{ "type": "Feature", "properties": { "layer": "red_roads" }, "geometry": { "type": "LineString", "coordinates": [ [ 2147.0, 182.0 ], [ 2148.0, 182.0 ] ] } },
{ "type": "Feature", "properties": { "layer": "red_roads" }, "geometry": { "type": "LineString", "coordinates": [ [ 2148.0, 182.0 ], [ 2149.0, 182.0 ] ] } },
{ "type": "Feature", "properties": { "layer": "red_roads" }, "geometry": { "type": "LineString", "coordinates": [ [ 2148.0, 182.0 ], [ 2149.0, 183.0 ] ] } },
{ "type": "Feature", "properties": { "layer": "red_roads" }, "geometry": { "type": "LineString", "coordinates": [ [ 2149.0, 182.0 ], [ 2150.0, 183.0 ] ] } },
{ "type": "Feature", "properties": { "layer": "red_roads" }, "geometry": { "type": "LineString", "coordinates": [ [ 2149.0, 182.0 ], [ 2149.0, 183.0 ] ] } },
{ "type": "Feature", "properties": { "layer": "red_roads" }, "geometry": { "type": "LineString", "coordinates": [ [ 2149.0, 182.0 ], [ 2154.0, 177.0 ], [ 2158.0, 176.0 ] ] } },
{ "type": "Feature", "properties": { "layer": "red_roads" }, "geometry": { "type": "LineString", "coordinates": [ [ 2149.0, 183.0 ], [ 2150.0, 183.0 ] ] } },
{ "type": "Feature", "properties": { "layer": "red_roads" }, "geometry": { "type": "LineString", "coordinates": [ [ 2149.0, 183.0 ], [ 2149.0, 184.0 ] ] } },
{ "type": "Feature", "properties": { "layer": "red_roads" }, "geometry": { "type": "LineString", "coordinates": [ [ 2149.0, 184.0 ], [ 2150.0, 188.0 ] ] } },
{ "type": "Feature", "properties": { "layer": "red_roads" }, "geometry": { "type": "LineString", "coordinates": [ [ 2149.0, 184.0 ], [ 2150.0, 183.0 ] ] } },
{ "type": "Feature", "properties": { "layer": "red_roads" }, "geometry": { "type": "LineString", "coordinates": [ [ 2149.0, 189.0 ], [ 2150.0, 189.0 ] ] } },
{ "type": "Feature", "properties": { "layer": "red_roads" }, "geometry": { "type": "LineString", "coordinates": [ [ 2149.0, 189.0 ], [ 2149.0, 190.0 ] ] } },
{ "type": "Feature", "properties": { "layer": "red_roads" }, "geometry": { "type": "LineString", "coordinates": [ [ 2149.0, 189.0 ], [ 2150.0, 188.0 ] ] } },
{ "type": "Feature", "properties": { "layer": "red_roads" }, "geometry": { "type": "LineString", "coordinates": [ [ 2149.0, 190.0 ], [ 2147.0, 193.0 ], [ 2147.0, 202.0 ], [ 2151.0, 206.0 ] ] } },
{ "type": "Feature", "properties": { "layer": "red_roads" }, "geometry": { "type": "LineString", "coordinates": [ [ 2149.0, 190.0 ], [ 2150.0, 189.0 ] ] } },
{ "type": "Feature", "properties": { "layer": "red_roads" }, "geometry": { "type": "LineString", "coordinates": [ [ 2150.0, 183.0 ], [ 2157.0, 184.0 ] ] } },
{ "type": "Feature", "properties": { "layer": "red_roads" }, "geometry": { "type": "LineString", "coordinates": [ [ 2150.0, 188.0 ], [ 2151.0, 189.0 ] ] } },
{ "type": "Feature", "properties": { "layer": "red_roads" }, "geometry": { "type": "LineString", "coordinates": [ [ 2150.0, 188.0 ], [ 2150.0, 189.0 ] ] } },
{ "type": "Feature", "properties": { "layer": "red_roads" }, "geometry": { "type": "LineString", "coordinates": [ [ 2150.0, 189.0 ], [ 2151.0, 189.0 ] ] } },
{ "type": "Feature", "properties": { "layer": "red_roads" }, "geometry": { "type": "LineString", "coordinates": [ [ 2151.0, 153.0 ], [ 2152.0, 153.0 ] ] } },
{ "type": "Feature", "properties": { "layer": "red_roads" }, "geometry": { "type": "LineString", "coordinates": [ [ 2151.0, 153.0 ], [ 2152.0, 154.0 ] ] } },
{ "type": "Feature", "properties": { "layer": "red_roads" }, "geometry": { "type": "LineString", "coordinates": [ [ 2151.0, 189.0 ], [ 2153.0, 190.0 ] ] } },
{ "type": "Feature", "properties": { "layer": "red_roads" }, "geometry": { "type": "LineString", "coordinates": [ [ 2151.0, 206.0 ], [ 2152.0, 207.0 ] ] } },
{ "type": "Feature", "properties": { "layer": "red_roads" }, "geometry": { "type": "LineString", "coordinates": [ [ 2151.0, 206.0 ], [ 2151.0, 207.0 ] ] } },
{ "type": "Feature", "properties": { "layer": "red_roads" }, "geometry": { "type": "LineString", "coordinates": [ [ 2151.0, 207.0 ], [ 2152.0, 207.0 ] ] } },
{ "type": "Feature", "properties": { "layer": "red_roads" }, "geometry": { "type": "LineString", "coordinates": [ [ 2152.0, 153.0 ], [ 2152.0, 154.0 ] ] } },
{ "type": "Feature", "properties": { "layer": "red_roads" }, "geometry": { "type": "LineString", "coordinates": [ [ 2152.0, 153.0 ], [ 2158.0, 148.0 ] ] } },
{ "type": "Feature", "properties": { "layer": "red_roads" }, "geometry": { "type": "LineString", "coordinates": [ [ 2152.0, 154.0 ], [ 2154.0, 155.0 ] ] } },
{ "type": "Feature", "properties": { "layer": "red_roads" }, "geometry": { "type": "LineString", "coordinates": [ [ 2152.0, 207.0 ], [ 2157.0, 205.0 ] ] } },
{ "type": "Feature", "properties": { "layer": "red_roads" }, "geometry": { "type": "LineString", "coordinates": [ [ 2155.0, 139.0 ], [ 2157.0, 141.0 ] ] } },
{ "type": "Feature", "properties": { "layer": "red_roads" }, "geometry": { "type": "LineString", "coordinates": [ [ 2156.0, 193.0 ], [ 2155.0, 194.0 ], [ 2157.0, 197.0 ], [ 2157.0, 204.0 ] ] } },
{ "type": "Feature", "properties": { "layer": "red_roads" }, "geometry": { "type": "LineString", "coordinates": [ [ 2157.0, 141.0 ], [ 2158.0, 141.0 ] ] } },
{ "type": "Feature", "properties": { "layer": "red_roads" }, "geometry": { "type": "LineString", "coordinates": [ [ 2157.0, 141.0 ], [ 2157.0, 142.0 ] ] } },
{ "type": "Feature", "properties": { "layer": "red_roads" }, "geometry": { "type": "LineString", "coordinates": [ [ 2157.0, 142.0 ], [ 2158.0, 147.0 ] ] } },
{ "type": "Feature", "properties": { "layer": "red_roads" }, "geometry": { "type": "LineString", "coordinates": [ [ 2157.0, 142.0 ], [ 2158.0, 141.0 ] ] } },
{ "type": "Feature", "properties": { "layer": "red_roads" }, "geometry": { "type": "LineString", "coordinates": [ [ 2157.0, 184.0 ], [ 2158.0, 184.0 ] ] } },
{ "type": "Feature", "properties": { "layer": "red_roads" }, "geometry": { "type": "LineString", "coordinates": [ [ 2157.0, 184.0 ], [ 2158.0, 185.0 ] ] } },
{ "type": "Feature", "properties": { "layer": "red_roads" }, "geometry": { "type": "LineString", "coordinates": [ [ 2157.0, 204.0 ], [ 2158.0, 205.0 ] ] } },
{ "type": "Feature", "properties": { "layer": "red_roads" }, "geometry": { "type": "LineString", "coordinates": [ [ 2157.0, 204.0 ], [ 2157.0, 205.0 ] ] } },
{ "type": "Feature", "properties": { "layer": "red_roads" }, "geometry": { "type": "LineString", "coordinates": [ [ 2157.0, 205.0 ], [ 2158.0, 205.0 ] ] } },
{ "type": "Feature", "properties": { "layer": "red_roads" }, "geometry": { "type": "LineString", "coordinates": [ [ 2158.0, 141.0 ], [ 2162.0, 137.0 ], [ 2169.0, 139.0 ], [ 2172.0, 145.0 ], [ 2173.0, 170.0 ], [ 2179.0, 174.0 ], [ 2182.0, 180.0 ] ] } },
{ "type": "Feature", "properties": { "layer": "red_roads" }, "geometry": { "type": "LineString", "coordinates": [ [ 2158.0, 147.0 ], [ 2159.0, 148.0 ] ] } },
{ "type": "Feature", "properties": { "layer": "red_roads" }, "geometry": { "type": "LineString", "coordinates": [ [ 2158.0, 147.0 ], [ 2158.0, 148.0 ] ] } },
{ "type": "Feature", "properties": { "layer": "red_roads" }, "geometry": { "type": "LineString", "coordinates": [ [ 2158.0, 148.0 ], [ 2159.0, 148.0 ] ] } },
{ "type": "Feature", "properties": { "layer": "red_roads" }, "geometry": { "type": "LineString", "coordinates": [ [ 2158.0, 184.0 ], [ 2159.0, 184.0 ] ] } },
{ "type": "Feature", "properties": { "layer": "red_roads" }, "geometry": { "type": "LineString", "coordinates": [ [ 2158.0, 184.0 ], [ 2158.0, 185.0 ] ] } },
{ "type": "Feature", "properties": { "layer": "red_roads" }, "geometry": { "type": "LineString", "coordinates": [ [ 2158.0, 185.0 ], [ 2158.0, 186.0 ] ] } },
{ "type": "Feature", "properties": { "layer": "red_roads" }, "geometry": { "type": "LineString", "coordinates": [ [ 2158.0, 185.0 ], [ 2159.0, 184.0 ] ] } },
{ "type": "Feature", "properties": { "layer": "red_roads" }, "geometry": { "type": "LineString", "coordinates": [ [ 2158.0, 205.0 ], [ 2164.0, 204.0 ] ] } },
{ "type": "Feature", "properties": { "layer": "red_roads" }, "geometry": { "type": "LineString", "coordinates": [ [ 2159.0, 148.0 ], [ 2161.0, 151.0 ] ] } },
{ "type": "Feature", "properties": { "layer": "red_roads" }, "geometry": { "type": "LineString", "coordinates": [ [ 2159.0, 184.0 ], [ 2162.0, 182.0 ] ] } },
{ "type": "Feature", "properties": { "layer": "red_roads" }, "geometry": { "type": "LineString", "coordinates": [ [ 2164.0, 204.0 ], [ 2165.0, 204.0 ] ] } },
{ "type": "Feature", "properties": { "layer": "red_roads" }, "geometry": { "type": "LineString", "coordinates": [ [ 2164.0, 204.0 ], [ 2165.0, 203.0 ] ] } },
{ "type": "Feature", "properties": { "layer": "red_roads" }, "geometry": { "type": "LineString", "coordinates": [ [ 2165.0, 203.0 ], [ 2165.0, 204.0 ] ] } },
{ "type": "Feature", "properties": { "layer": "red_roads" }, "geometry": { "type": "LineString", "coordinates": [ [ 2166.0, 195.0 ], [ 2165.0, 203.0 ] ] } },
{ "type": "Feature", "properties": { "layer": "red_roads" }, "geometry": { "type": "LineString", "coordinates": [ [ 2165.0, 204.0 ], [ 2170.0, 205.0 ], [ 2176.0, 203.0 ], [ 2181.0, 196.0 ], [ 2181.0, 192.0 ] ] } },
{ "type": "Feature", "properties": { "layer": "red_roads" }, "geometry": { "type": "LineString", "coordinates": [ [ 2172.0, 182.0 ], [ 2177.0, 185.0 ], [ 2180.0, 185.0 ] ] } },
{ "type": "Feature", "properties": { "layer": "red_roads" }, "geometry": { "type": "LineString", "coordinates": [ [ 2180.0, 185.0 ], [ 2181.0, 185.0 ] ] } },
{ "type": "Feature", "properties": { "layer": "red_roads" }, "geometry": { "type": "LineString", "coordinates": [ [ 2180.0, 185.0 ], [ 2181.0, 186.0 ] ] } },
{ "type": "Feature", "properties": { "layer": "red_roads" }, "geometry": { "type": "LineString", "coordinates": [ [ 2180.0, 185.0 ], [ 2181.0, 184.0 ] ] } },
{ "type": "Feature", "properties": { "layer": "red_roads" }, "geometry": { "type": "LineString", "coordinates": [ [ 2181.0, 184.0 ], [ 2181.0, 185.0 ] ] } },
{ "type": "Feature", "properties": { "layer": "red_roads" }, "geometry": { "type": "LineString", "coordinates": [ [ 2182.0, 181.0 ], [ 2181.0, 184.0 ] ] } },
{ "type": "Feature", "properties": { "layer": "red_roads" }, "geometry": { "type": "LineString", "coordinates": [ [ 2181.0, 185.0 ], [ 2181.0, 186.0 ] ] } },
{ "type": "Feature", "properties": { "layer": "red_roads" }, "geometry": { "type": "LineString", "coordinates": [ [ 2181.0, 186.0 ], [ 2181.0, 190.0 ] ] } },
{ "type": "Feature", "properties": { "layer": "red_roads" }, "geometry": { "type": "LineString", "coordinates": [ [ 2181.0, 190.0 ], [ 2182.0, 191.0 ] ] } },
{ "type": "Feature", "properties": { "layer": "red_roads" }, "geometry": { "type": "LineString", "coordinates": [ [ 2181.0, 190.0 ], [ 2181.0, 191.0 ] ] } },
{ "type": "Feature", "properties": { "layer": "red_roads" }, "geometry": { "type": "LineString", "coordinates": [ [ 2181.0, 191.0 ], [ 2182.0, 191.0 ] ] } },
{ "type": "Feature", "properties": { "layer": "red_roads" }, "geometry": { "type": "LineString", "coordinates": [ [ 2181.0, 191.0 ], [ 2181.0, 192.0 ] ] } },
{ "type": "Feature", "properties": { "layer": "red_roads" }, "geometry": { "type": "LineString", "coordinates": [ [ 2181.0, 192.0 ], [ 2182.0, 191.0 ] ] } },
{ "type": "Feature", "properties": { "layer": "red_roads" }, "geometry": { "type": "LineString", "coordinates": [ [ 2182.0, 180.0 ], [ 2183.0, 180.0 ] ] } },
{ "type": "Feature", "properties": { "layer": "red_roads" }, "geometry": { "type": "LineString", "coordinates": [ [ 2182.0, 180.0 ], [ 2182.0, 181.0 ] ] } },
{ "type": "Feature", "properties": { "layer": "red_roads" }, "geometry": { "type": "LineString", "coordinates": [ [ 2182.0, 181.0 ], [ 2183.0, 180.0 ] ] } },
{ "type": "Feature", "properties": { "layer": "red_roads" }, "geometry": { "type": "LineString", "coordinates": [ [ 2182.0, 191.0 ], [ 2185.0, 193.0 ], [ 2189.0, 193.0 ], [ 2191.0, 195.0 ], [ 2194.0, 194.0 ] ] } },
{ "type": "Feature", "properties": { "layer": "red_roads" }, "geometry": { "type": "LineString", "coordinates": [ [ 2183.0, 180.0 ], [ 2187.0, 179.0 ] ] } },
{ "type": "Feature", "properties": { "layer": "red_roads" }, "geometry": { "type": "LineString", "coordinates": [ [ 1088.0, 672.0 ], [ 1088.0, 674.0 ], [ 1101.0, 688.0 ], [ 1109.0, 685.0 ], [ 1121.0, 673.0 ], [ 1119.0, 668.0 ], [ 1108.0, 656.0 ], [ 1105.0, 656.0 ], [ 1099.0, 662.0 ], [ 1096.0, 663.0 ], [ 1088.0, 672.0 ] ] } }
]
}
